id	occ	max	prev	jp	next	ko
L11efed3cc1	1	19	中世より今日にいたるまで、	いかにキリスト教的道徳観に	逆らうものが多かったかという	역행하는 자가 많았는가라는
L6a20bed245	1	19	そんなことでは、	北極支店でがんばれないぞ。	えっ？！	북극 지점에서 못 힘낸다고。
L7489302cda	1	19	その本は、	見つかったじゃないですか！	ああ、たしかに	그 책은
L56ffcfc126	1	19	おやおや・・・	あんた、なにをする気だい。	この店も、	이 가게도
Le30ccdb43e	1	19	チッ、わかったよ。	・・・別に、だますつもりは	なかったんだけどさ。	속일 셈은 없었는데말야。
L4194abcb69	1	19	なかったんだけどさ。	じゃ、全部で1130円な。	ほらよ。	자、전부 1130엔이다。
L9954668bb5	1	19	の教育上の問題です。	あの子ったら、このあたりの	ゴミの回収日を調べて、	교육상의 문제입니다。
Lc62391c442	1	19	小学校低学年から、こんなことしてて	金銭感覚がおかしくなったら	どうするんですか！	어떡할 생각입니까！
L9560abb90c	1	19	どうするんですか！	いや、そ、それはその・・・	母ちゃん。	아니、그、그것은 그
L1435109217	1	19	わかりました。	まだ早いと思ってましたが、	カンタ	알겠습니다。
L7549fa86aa	1	19	お願いいたします。	では、間もなく開演です。）	もうすぐ開演か。	부탁드립니다。
L277dac8dcf	1	19	商店街の人達が一生懸命	宣伝してくれたんでやんす。	そうそう。	상점가 분들이 열심히
L3bbed89f96	1	19	そうそう。	ちょっとは感謝してくれよ？	・・・・ありがとう。	조금은 감사하라고？
Le472c13161	1	19	初日だからって手を抜いちゃダメよ。	今日来てるお客さんの為に、	いい芝居を見せるの。	좋은 연극을 보여주는 거야。
L7af15682b7	1	19	うかうかしてると、おれが	戻って来れなくなるからな。	そんなことより、今日はすごい人が	방심하고 있으면 내가
L1930937123	1	19	ちぇ、なんだよ。	オレがどれだけがんばったか	みんな忘れてるんだろうな。	내가 얼마나 열심히 했는지
L7a189547b5	1	19	オレがどれだけがんばったか	みんな忘れてるんだろうな。	・・・たった３日しか練習してない	다들 잊어버린 거겠지。
La16114db19	1	19	変な奴だな。	（商店街を盛り上げるために	ダチョウイベントをやることになった。	이상한 녀석이네。
L4c6e910f72	1	19	明日からのイベントの準備だよ。	商店街の立て直しのためには	まず、たくさん人がやって来る	내일부터 이벤트 준비야。
Lcb001f5335	1	19	やっぱり、人を呼ぶには	インパクトが必要だからね。	ダチョウ牧場と契約して、	임팩트가 필요하니까。
Ld85a4ce581	1	19	ああ、道路の先の方に	固まって走ってるでやんす！	まずい！	길 끝 쪽에
L3da7a49cbf	1	19	まずい！	このまま隣の町へ入られたら	大騒ぎになってしまう！	큰일이다！
Lcab497267c	1	19	十字ボタンでダチョウを操作、	Ａボタンでダチョウを攻撃。	爆弾や車などに気をつけて	폭탄이나 차 등에 주의하며
Lc0b7131a38	1	19	ダチョウが隣の町の	繁華街に入ってしまったぞ。	（わー、なんだこのダチョウは！）	번화가에 들어가 버렸어。
Lbdf8a41e9b	1	19	（わー、なんだこのダチョウは！）	（ガタン！ドカン！バキ！）	・・・暴れまくってる。	날뛰고 있네。
L17daa05321	1	19	とにかく、明日からの	イベントはどうするんです？	このままだと中止とは知らずに、	이벤트는 어떡합니까？
Lbdb5a57403	1	19	他に手がない！	野球の練習に使ってる道具で	なんとかイベントをでっちあげるぞ！	다른 방법이 없어！
L43da68ef50	1	19	不自然？	たとえばこの派手な星とか？	わっ、それワクチンソフト！	부자연스러워？
L6456348646	1	19	ということは、この先	もっと危険ということか？！	ぉ	더 위험하단 뜻인가？！
Lde9ab72968	1	19	うん、偶然だけど大正解だね。	そうとわかれば・・・・・・	よしっ、内に入れた。	그렇게 알면
L4f2bcf4d40	1	19	よしっ、内に入れた。	とりあえず、手当たり次第に	データをいただくぞ㎞	데이터를 받아 가겠어
Lb1bdc94c85	1	19	とりあえず、俺がいなくなれば	彼女の負担が減ったはずだ。	（く・・・）	그녀의 부담이 줄었을 거다。
Le73c8e91b0	1	19	ああ、まかせろ。	最高の食材をそろえてやる。	る	최고의 식재료를 맞춰주지。
Lfa21fda492	1	19	買い物リストはもらったけど、	これでお金は足りるのかな？	おい、	이걸로 돈이 충분하려나？
L242482a3b6	1	19	あんたこそ、なんにも	わかってないんじゃないの！	いや、おれはその、	전혀 모르는 거 아니냐고！
Ldad8e1ee37	1	19	ごめんなさい。	わたし今好きな人がいるの。	だから、無理！	나 지금 좋아하는 사람 있어。
Lb26c810faa	1	19	絶対にうそだ！	なら証拠を見せてあげるわ。	！	그럼 증거를 보여줄게。
L37dd886328	1	19	待って！	まさか、あなたも逃げるの？	さんざん	기껏
L84f255bb0d	1	19	あんた役者で食っていくんでしょ。	こんな事で逃げるくらいなら	二度と舞台に立つな！！	두 번 다시 무대에 서지 마！！
Le749cfdcc6	1	19	じゃあ、しばらくここから	こっち側は立ち入り禁止ね。	・・・・・・・・・・・・	그럼 당분간 여기서
L76377d228d	1	19	あはは、それがさ、	全然たいしたことないんだ。	ほら、これと同じ。	전혀 별거 아니더라고。
L6bb70c3edb	1	19	手ぶらでネットサーフィンやり放題！	あと、キーボードがなくても	コンピュータを操作できるんだ。	컴퓨터를 조작할 수 있어。
L849210a1be	1	19	大神	の開発者も困っちゃってさ。	それで、最後はもっぱら実験台。	오오가미
La1f20e94fa	1	19	ちゃんと修理もしてもらったし。	でも、さすがにこのままだと	いつか殺される！って思ったから、	언젠가 죽임을 당할 거라 생각해서、
L7b19d09543	1	19	はは	さーて、どうしようかな～。	とりあえず、焼きソバパンと	우선 야키소바 빵과
Laafcb99ed1	1	19	さーて、どうしようかな～。	とりあえず、焼きソバパンと	ジュース買って来い！	주스 사 오렴！
La38b85adcb	1	19	あっ、電話。	はい、もしもし・・・・・・	えっ！	에읏！
Le57b22f45c	1	19	せっかく、最高のお芝居なのに！	まだまだ良くなるんだから！	あああ、ここから先は、	아아아、여기서부턴
L8605d42ab1	1	19	ゴミみたいなモン食って、	必死で積み上げてきたものが	ほら、こんなにもろいんだ。	보라구、이렇게나 무르잖아。
L9e399d9df5	1	19	必死で積み上げてきたものが	ほら、こんなにもろいんだ。	なあ・・・	이봐
Lba37a1ac67	1	19	本当に無実の演技なんてしないわ。	お客さんにもわかるように、	「無実のふりをする犯人」を	손님도 알 수 있도록、
Lfa676c13ce	1	19	お客さんにもわかるように、	「無実のふりをする犯人」を	演じるのよ。	연기하는 거야。
L1154e35a8e	1	19	今のあなたは、まさにそれ。	自分が犯人だって、わたしに	わかってもらいたいの。	알아주었으면 하는 거지。
L7dfab0893c	1	19	このあたりで	不審な人物が目撃されてる。	それが・・・どうも	수상한 인물이 목격되었어。
L58aec3764a	1	19	今年は、本当に・・・	いろんなことがあったわね。	さあ、早く家に帰って	자、얼른 집에 가자
La46792b195	1	19	心配するな。	お前の指定した海外の口座に	この携帯から電話一本で金を振り込める。	전화 한 통으로 돈을 입금하지。
L1a1b3b579a	1	19	いいじゃん、	過去のことなんてどうでも。	武美	과거 따위 어찌 되든。
L3fbbe54f6b	1	19	・・・ある日、謎の人物が	どこからともなくやってきて	事件の後で	사건 후에
L7e6d17b0ca	1	19	詮索するのは野暮ってものでしょ。	ああ、これこそロマンよね！	まずその前に、お前は男と男の間の	캐묻는 건 야비한 짓이죠。
Ldd8d80947f	1	19	できれば虫に襲われてる商店街を	見ていたかったんだが・・・	！	보고 싶었던 거지만
L5365dd4f1c	1	19	おいおい、	それは男のオレの役割だろ！	あのね、あたしが言うことを	그건 남자인 내 역할이지！
Ld4215dd41f	1	19	お疲れ～！	・・・今日も遅くなったな。	もうこんな時間か。	벌써 이런 시간인가。
L0696d96384	1	19	今から帰るのか？	こっちは大道具の作業でね。	わたしは脚本の直し。	난 대본 수정。
L9f5256124d	1	19	くんも？	なんだったら、わたしんちで	ご飯食べてく？	밥 먹고 갈래？
L326952922d	1	19	あんまり服とか本とか買わないから	散らかってないだけかもね。	本を買わないって？	책을 안 산다고？
Ld26434e2ca	1	19	ここはトイレすら共同なんだろ。	今から銭湯にでも行くのか？	ちなみに、あれが我が家のお風呂。	참고로 저게 우리 집 욕조。
Lf286222067	1	19	さっきまで君が料理をしていた	流し台しか見えないんだが。	うん。	응。
Lccc9d41cb5	1	19	いけるんだよ。	さいわい、お湯が出るしね。	ああ・・・なるほど。	아아 그렇군。
L19fe0708df	1	19	まあ、いい部屋なんじゃないかな。	「お風呂」もついてるしね。	だったら決まり！	그럼 결정！
Lef970cb4b3	1	19	まあ、しょうがないよね。	お芝居をがんばりましょう。	じゃあ、決まり！	그럼 결정！
L63fd8126ea	1	19	このおじちゃんに、	助けてもらったんでやんす。	カンタ	도움을 받았습죠。
Laf1e751052	1	19	カンタ	、その「やんす」と言うのは	いいかげんにやめなさい。	적당히 그만두렴。
L9b034c389a	1	19	えーと・・・	じゃ、おじさんはこの辺で。	あ、ダメだよ、帰っちゃ！	아、안 돼、가면！
L33bc5f447a	1	19	スーパーのチームに負けたんです。	あの子ったら、その腹いせに	そのスーパーの車に	그 마트에
L66f80262c3	1	19	そういえば、休日のお昼過ぎなのに	シャッターの閉まってる店が	多かったですね。	많았었죠。
L468510ebbb	1	19	あのスーパーが出来てから	この商店街へ来るお客さんも	ずいぶんと減ってしまって。	꽤나 줄어들어 버려서。
L97bbaca47a	1	19	この商店街へ来るお客さんも	ずいぶんと減ってしまって。	でも、本当はあのスーパー、	하지만 실제론 그 마트、
L61c4591b71	1	19	ずいぶんと減ってしまって。	でも、本当はあのスーパー、	この県の条例違反なんですよ。	이 현의 조례 위반이라구요。
Lccade4c02a	1	19	で、役所を動かそうと商店街は	がんばってるんですけどね。	なかなかうまくいかなくて。	좀처럼 잘 안 풀려서。
L7c51ff53c2	1	19	がんばってるんですけどね。	なかなかうまくいかなくて。	大変ですね。	힘드시겠네요。
Lb5c5d143f7	1	19	まあ、よそから見れば	子供っぽいケンカですよね。	・・・でも、やっぱり野球のチームが	하지만 역시 야구 팀이
L0072c95826	1	19	やっぱり、強いところに抵抗しても	かなわないんじゃないかって	商店街の空気も変わってきましたし。	상점가 공기도 바뀌어 왔고。
L31857f0fa6	1	19	やったでやんす！	オイラにも、なにか手伝える	ことがあるでやんすか？	오이라에게도 도와줄
Lbdff92ff1c	1	19	おーい、ユニフォームを貸すから、	せめて着替えてからにしろ！	やれやれ・・・	이런 이런
L13e0ef50cd	1	19	ちよ	ちゃんの迷惑にならないか。	あんたは	너 말야
Ld998622a82	1	19	そうだよ。	君という輝ける金の卵だけの	オーディション。	오디션。
Lf0aa53d207	1	19	小さな劇場でお芝居を観たんです。	そうしたらすぐにその世界に	引き込まれてしまって。	빨려 들어가 버려서。
L210d1d4340	1	19	引き込まれてしまって。	わたしもたくさんの人たちに	感動を与えたいって思ったんです。	감동을 주고 싶다 생각했어요。
Lf9c466ec06	1	19	は・だ・か！	ボクの言ってる意味わかる？	この業界はね、自分自身が商品なの。	이 업계는 말이지、본인이 상품이야。
L43d061b68b	1	19	そしてより商品価値を上げていく。	ボクはその商品を見極めて、	価値を決めたり、どこに出したら	가치를 정해주는 거지。
Lc2bcc70865	1	19	・・・ああ、君の知り合いか。	こんなところまで追いかけて	来てくれるなんて、君も幸せ者だね。	너도 행복한 녀석이네。
Lcb85b8b0b8	1	19	悪徳プロデューサーだ。	言うことを聞いちゃだめだ！	・・・・・・ごめん。	미안。
L662d817847	1	19	おい、なんだよお前は？	さっきから俺を悪者みたいに	好き勝手に言いやがって。	멋대로 말해 대고 말야。
Lf80ad14164	1	19	それにしても、俺って	アドバイスまでしてあげて、	マジで優しいよなぁ。	진짜 상냥하다니까。
L90e376b8dc	1	19	大切なオーディションの邪魔なの。	悪いけど、帰ってくれない！	・・・・・・そうか。	그렇구나。
L40f3dd0c53	1	19	きてるよきてるよ、その迫力。	いい女優になれると思うよ。	まぁ、まずはアイドルとして	좋은 여배우가 될 거라 생각해。
Ld19584f894	1	19	いい女優になれると思うよ。	まぁ、まずはアイドルとして	色々勉強してもらうけどさ。	여러모로 공부하겠지만 말이지。
L6988eae357	1	19	まぁ、まずはアイドルとして	色々勉強してもらうけどさ。	ありがとうございます。	감사합니다。
L98bd1829ad	1	19	ああ、いいぞ。	それで何の練習をするんだ？	ピエロのデバッグピエロ	피에로
L79fc0db005	1	19	くっそ～。	絶対にチームに入れてやる！	ド、ドジっ娘かな。	덜、덜렁이려나。
L4d17ca27f7	1	19	するよな。	まあ、今回は放っておくか。	いらっしゃいませご主人様	어서 오십시오 주인님
Lf08d4885a8	1	19	維織	さんのランダムデバッグです	き何を読んでるの？その１	뭘 읽고 있는 거야？그 첫 번째
L6d17d5b24c	1	19	何をしているの？	しかも、こんな至近距離で。	見つめてる。	지그시 바라본다。
L3ecbd4518a	1	19	にも右手があるんだが・・・・・。	しかも、どっちも右手だけ。	まったく意味がわからん設定だ。	전혀 의미를 모를 설정이다。
L69f4c578a9	1	19	（ククク。	炎の球とかを投げてあげるよ	さ～ん）	님）
L85ab8f383e	1	19	維織	さんが外に出ようだなんて。	うん・・・・・・。	응。
Lb047de2039	1	19	携帯電話を持ってないんだね。	今時の子にしては珍しいね。	・・・・・・	
Ld2c354313b	1	19	よし！	黒い色のジュースを飲もう！	ＯＫ！黒だね！	오케이！검정이지！
L5689bac3a6	1	19	よし！	赤い色のジュースを飲もう！	赤だね！	빨강이지！
L12db9bfe9f	1	19	ティラミス。	七番テーブル・・・・・・。	ど、	어、
Lcfcd304364	1	19	（ククク。	こっちからも何か飛んで来る	かもしれないけどね～。）	보내져 올지 모르지만 말야～。）
L32858cd51d	1	19	わかりました	サンドイッチ５０人前ですね	ちょっと	잠깐
L7cb13d2f58	1	19	これはいざ、自分の立場だったらと思うと	怖いと思ってしまう話だな。	すぐにダマされてしまいそうだ。	쉽게 속아버릴 것 같네。
L3bb0b4bcb7	1	19	さんの事だから、	俺が部屋を出てすぐにここへ	来たんじゃない？	온 거 아니야？
Lad0f474583	1	19	・・・・	これから向かう二人の未来。	そうだね。	그렇네。
L3a94bba34c	1	19	最終巻の題名は、	「あの世からの王の帰還」。	浮き輪、まったく役に立ってないね。	튜브、전혀 도움 안 되네。
Lcbc8348528	1	19	じゃあ、これをお願い。	君の好きな料理にしていい。	ああ。	아아。
Leb87a1901e	1	19	ピエロ	とキャッチ爆弾をしました）	まあ、	뭐、
L34a90ed4ff	1	19	そうだな。	じゃあ、俺は帰るとするよ。	うん。	응。
L7af91cb523	1	19	さん。	帰ってきたら何かおごるよ。	ああ。	아아。
L08c5b510de	1	19	い、	いや、別にそんな事は一言も	言ってない・・・・・。	하진 않았어
L19dbbe2209	1	19	維織	さんのと同じように味わって	食べてね	맛있게 먹으렴
Lbe5dd73ca5	1	19	それでも誉めてくれたっていいじゃん。	まあ、アレは慣れだけどね。	そうなのか？	그렇단 건가？
L3f90b8dc69	1	19	なってくるよ。	それまでが大変だったけど。	すみませ～ん。	죄송합니다～
L9436381dfa	1	19	あの草入れすぎたのかな？	なんか副作用が出そうだね。	お待たせしました。ご主人様	오래 기다리셨습니다。주인님
L64e07f370a	1	19	あっ？	お肩が凝っておられますね？	触ってもないのにわかるなんて、	만지지도 않고서 알다니、
Lfc260602c0	1	19	諦めないとダメだった。	諦める事しかできなかった。	遥か向こうに微かな道が見えた時には	저편에 희미한 길이 보였을 땐
L2f9846e9df	1	19	ピエロ	の奴は何をやっているんだ？	・・・・・・・・・・。	。
L431f3da6de	1	19	練習しているのさ～。	いサーカスにでも出るのか？	大丈夫だよ。	괜찮아。
L9a59ee878f	1	19	さんの言う通りにしてあげるよ。	俺が出て行く時に、目の前に	維織	이오리
Laf5b804ae6	1	19	それでご主人様には遺書を	書いてもらおうと思ってます	織姫と彦星を祝ってやれよ。	직녀와 견우를 축하해 줘라。
Leff323fd82	1	19	冗談じゃない。	ちゃんと後で竹を流すから、	さんも願い事を書きなよ。	씨도 소원을 쓰렴。
L6d2bce8506	1	19	いらっしゃいませ。ご主人様	お出口はあちらでございます	裏口じゃないかアレ。	뒷문 아니냐 저거。
L100b4594e5	1	19	せめて会話は成立させようね。	「そう」とか「うん」だけを	言ってればいいと思ったら大間違いだよ！	대단한 착각이라구！
L099df184f3	1	19	トイレだよ。	ごめん、ちょっと大きい音を	たててしまったね。	좀 큰 소리를
Lb0b1911cc2	1	19	たててしまったね。	いま、この店は静かだから、	ちょっとした音でも響いてしまうね。	작은 소리라도 울려 퍼지네。
L906e32b2b9	1	19	それだけ買い物しているんだから、	もうほとんど・・・・・・・	あと十軒	앞으로 10군데
Lf33f0d3fec	1	19	ありがと～。	ボ～ク感動しちゃったよ～。	今はまだわからないけど、もしボ～クの	보～크 감동해 버렸어～。
Le93fde6786	1	19	とりあえずお礼にボ～クと	一緒の顔にしてあげるね～。	それは全力で断らせてもらおう。	그건 전력으로 거절하겠어。
Lb94b65f650	1	19	効くんだね～。	自分で飲む気はしないけど。	どうしたの？	무슨 일이야？
Lf6cb9b1bae	1	19	ついでにコレもあげる。	お腹が空いた時に食べてね。	おっ！ありがとよ！	오읏！고마워！
Lc3c8bc1719	1	19	さんが望むなら、	どこへでも連れ出してやる。	でも	하지만
La8407bd67c	1	19	だけど、考えてもどうしたらいいか	わからない時は・・・・・・	時は？	때는？
L442dc878e6	1	19	最後に何を言った？	怒らないからはっきり言え！	だが顔って言いたいなら、次に会うのは	다음에 만나는 건
L20066ca075	1	19	今度は怒ってるよ。	魔界からやって来た何かか？	俺達を殺しにやって来たのか？	우리들을 죽이러 찾아온 건가？
L738f88a5a1	1	19	他のお客様に迷惑かかってたかと思うと、	さんにはこれぐらいしないと	割に合わないと思って。	채산이 안 맞는다 생각해서。
L147dfdf5c8	1	19	！	この学校の全ては俺が頂く！	お前の天下はここで終わりだ！	네 천하는 여기서 끝이다！
L586692014b	1	19	あの時はゴメン！	俺があんな事をしなければ、	こんな事にはならずに済んだのに。	이런 일이 안 되고 끝났을 텐데。
Ld223ab01b1	1	19	ないんだ。	だから、その道を変えるのは	自分でなければならない。	스스로가 아니면 안 돼。
L7debe0b446	1	19	いや、あきらかに金銭感覚が一般人と	違うような気が・・・・・。	だから、よほど割の良い仕事をしているん	상당히 수입 좋은 일을 하고 있
