occ	jp	ko
137	うん。	응。
125	ピエロ	삐에로
117	カンタ	칸타
87	え？	어？
82	えっ？	엇？
59	ん？	응？
55	ビクトリーズ	빅토리즈
51	ジャジメント	저지먼트
49	あ、	아、
48	ああ。	아。
45	あれ？	어라？
45	そう。	그래。
44	ムシャ	무샤
39	ありがとう。	고마워。
38	なに？	뭐야？
38	はい。	네。
30	わかった。	알았어。
26	ああ、	아、
22	ブギウギ商店街	부기우기 상점가
21	あ！	아！
20	そうか。	그런가。
20	奈津姫	나츠히메
19	あっ！	앗！
19	なんで？	왜？
18	ちゃん。	짱。
18	（ピッ）	（삑）
17	あれ、	어라、
17	い、	이、
17	うん！	응！
17	う～ん。	으음。
17	どうしたんだ？	무슨 일이야？
16	そう	그래
16	ワン公	멍멍이
16	今日は	오늘은
15	そ、	그、
15	マスター	마스터
15	俺は	나는
14	お～い！	어～이！
14	そうだな。	그렇지。
14	そうだね。	그러네。
14	どうしたの？	왜 그래？
14	まあ、	뭐、
14	わかりました。	알겠습니다。
14	コアラーズ	코알라즈
13	いや・・・	아니・・・
13	えーと・・・	그러니까・・・
13	お、	오、
13	なんだ？	뭐지？
12	おう。	오。
12	そっか。	그렇군。
12	なんだって？	뭐라고？
12	はい！	네！
12	やあ、	야、
12	大丈夫。	괜찮아。
11	あ、ああ。	아、그래。
11	ああ、いいよ。	아、좋아。
11	ごめん	미안
11	ごめん。	미안。
11	さんに	씨에게
11	そうなのか？	그런 거야？
11	だから	그럼
11	む～～～～～ん。	으음～～～。
11	（ガチャ）	（철컥）
11	（バタン！）	（쾅！）
10	いや、	아니、
10	うん	응
10	おい、	어이、
10	ご主人様	주인님
10	じゃあ、	그럼、
10	そうだよ。	맞아。
10	と話しました）	와 이야기했습니다）
10	ねえ、	있지、
10	ワンワン！	멍멍！
10	少森寺	소삼사
10	遠前町	원전정
9	うーん・・・	으음・・・
9	う～ん！	으음！
9	ええ。	네。
9	おや？	오잉？
9	じゃないか。	잖아。
9	そうなんだ。	그렇구나。
9	でも	근데
9	へ？	헤？
9	まあ、いいか。	뭐、됐어。
9	よし！	좋아！
9	キングコブラーズ	킹코브라즈
9	・・・そうか。	・・・그런가。
9	（カキーン！）	（따악！）
8	ああ、わかった。	아、알았어。
8	あ・・・	아・・・
8	おい！	어이！
8	おう！	오！
8	さんは	씨는
8	じゃあ	그럼
8	そうだ。	맞아。
8	そうだ！	맞다！
8	ただいま。	다녀왔어。
8	どうして？	어째서？
8	ねえ。	있잖아。
8	ははは。	하하하。
8	へぇ。	허어。
8	やっぱり	역시
7	ああ、そうだな。	아、그렇지。
7	あっ、	앗、
7	あの	저기
7	あはは。	아하하。
7	う、うん。	으、응。
7	ええっ？！	에엣？！
7	えっ？！	엇？！
7	おや、	어라、
7	さあ、	자、
7	そうだね～。	그러네～。
7	ところで、	그런데、
7	なあ、	있잖아、
7	なっちゃん	낫짱
7	のりお	노리오
7	は、	하、
7	はあ？	하아？
7	まあね。	그렇지。
7	カシミール	카시미르
7	ワン！	멍！
7	・・・やれやれ。	・・・나 원 참。
7	今日は、	오늘은、
7	本当に暇人だな。	정말 한가한 사람이네。
6	あの・・・	저기・・・
6	いい。	됐어。
6	うわっ！	우왓！
6	うーん。	으음。
6	え・・・	어・・・
6	おじちゃん！	아저씨！
6	おっす！	안녕！
6	おはよう。	안녕。
6	これ？	이거？
6	さんが	씨가
6	さんは、	씨는、
6	さんは？	씨는？
6	さんも	씨도
6	じゅ、	주、
6	そういえば	그러고 보니
6	そうかな？	그런가？
6	そうだ、	맞다、
6	だから、	그러니까、
6	ちゃん？	짱？
6	どうしたの	왜 그래
6	はぁ？	하아？
6	ははは・・・	하하하・・・
6	は～い。	네～。
6	ふう～。	후우～。
6	わかったよ。	알았다고。
6	ザ・トリオ	더 트리오
6	・・・あれ？	・・・어라？
6	・・・うん。	・・・응。
6	・・・え？	・・・어？
6	何を読んでるの？	뭘 읽고 있어？
6	何を？	뭘？
6	帰ろう。	돌아가자。
6	本当に	정말로
6	（はーい。）	（네～。）
6	（バタン）	（쾅）
6	（パク）	（덥석）
5	あ、そうだ。	아、맞다。
5	ああ！	아아！
5	あれっ？	어라？
5	いや。	아니。
5	い読む	い읽는다
5	うんうん。	응응。
5	おもしろいのに。	재밌는데。
5	これ。	이거。
5	さんの	씨의
5	さんを	씨를
5	しかし	하지만
5	じゃあね。	잘 가。
5	じゃないのか？	아닌 거냐？
5	そうだな・・・	글쎄다・・・
5	そうですか。	그런가요。
5	そうですね。	그렇네요。
5	ちょっと用事。	볼일 좀 있어。
5	なにが？	뭐가？
5	なるほど。	그렇군。
5	はいはい。	네네。
5	は？	하？
5	ふ～ん。	흐음。
5	ほら。	봐봐。
5	やめとくよ。	관둘래。
5	よし、わかった。	좋아、알았어。
5	わざわざ	일부러
5	カニ男	게남자
5	ス～	스～
5	ス～。ス～。	쿨～。쿨～。
5	ス～ス～。	쿨～쿨～。
5	ソルジャー	솔저
5	ホッパーズ	호퍼즈
5	仕事中？	일하는 중？
5	佐和田	사와다
5	大丈夫	괜찮아
5	本当に？	정말로？
5	来るなんて	오다니
5	見てわかるだろ？	보면 알잖아？
5	（ガチャ！）	（철컥！）
5	（バキ！）	（퍽！）
5	（モグモグモグ）	（우물우물우물）
4	あ、ありがとう。	아、고마워。
4	あ、いたいた。	아、있다있다。
4	ああ・・・	아아・・・
4	ありがとう	고마워
4	いいよ。	좋아。
4	いいよ～。	좋아～。
4	いえ。	아뇨。
4	いつもので頼む。	늘 먹던 걸로 부탁해。
4	う、	으、
4	うわっ？！	우왓？！
4	ええっ？	에엣？
4	ええと・・・	그러니까・・・
4	ええ？	에에？
4	えっ、俺？	엇、나？
4	えっ！	엇！
4	おいおい・・・	어이어이・・・
4	おお、	오오、
4	おっと。	이런。
4	おもしろいよ。	재미있어。
4	お～い。	어～이。
4	からな。	니까。
4	これは？	이건？
4	さんか。	씨인가。
4	さんだ。	씨다。
4	じゃなくて	가 아니라
4	そう、よかった。	그래、다행이야。
4	そういえば、	그러고 보니、
4	そうかな。	그런가。
4	そうか？	그런가？
4	そうそう。	맞아맞아。
4	そうですか・・・	그런가요・・・
4	そうなんだよ。	그렇다니까。
4	そうね。	그러네。
4	そう？	그래？
4	そして	그리고
4	それで	그래서
4	それに	게다가
4	それは	그건
4	そんな事ないよ。	그렇지 않아。
4	だからね～。	니까～。
4	ちゃん！	짱！
4	で、今日は	그래서 오늘은
4	でも、	근데、
4	でやんす。	입죠。
4	ところで	그런데
4	どうした？	왜 그래？
4	どうして	어째서
4	どう？	어때？
4	な、	뭐、
4	なに！？	뭐！？
4	なんだって？！	뭐라고？！
4	なんだなぁ～。	인 거구나～。
4	なんですって？	뭐라고요？
4	なんでもない。	아무것도 아냐。
4	ねえねえ、	있지있지、
4	は、はい。	네、넵。
4	はあ～。	하아～。
4	ははははは！	하하하하하！
4	ふーん。	흐음。
4	まあ・・・	뭐・・・
4	まさか、	설마、
4	もう、	정말、
4	もちろん。	물론。
4	よし、	좋아、
4	よっ！	얏호！
4	わかった！	알았어！
4	イタチの人形	족제비 인형
4	オウ！	오우！
4	オオタ	오오타
4	ゲネプロ	게네프로
4	コマンドが	커맨드가
4	ゴルトマン	골트만
4	ハアハアハア！	헥헥헥！
4	パシッ！）	（찰싹！）
4	フンフンフンフン	흥흥흥흥
4	・・・なるほど。	・・・그렇군。
4	・・・ん？	・・・응？
4	今日も	오늘도
4	何が？	뭐가？
4	小日向	코히나타
4	待てよ。	기다려。
4	神のマナ	신의 마나
4	腹減ったなあ。	배고프네。
4	違う！	아니야！
4	（ドカーン！）	（쿠쾅！）
4	（バキッ！）	（퍼억！）
4	（ヒュ～～	（휘이～～
3	あ、そうそう。	아、맞다맞다。
3	あ、どうも。	아、고마워요。
3	ああ、そうかい。	아、그러셔。
3	ああ、そうだ。	아、맞다。
3	ああ、なるほど。	아、그렇군。
3	ああ、まあな。	아、뭐 그렇지。
3	ああ、君だ。	그래、자네다。
3	あああ！	아아아！
3	ああ～。	아아～。
3	ああ～！	아아～！
3	あっ	앗
3	あのさ、	있잖아、
3	あははははは！	아하하하하！
3	あはははは・・・	아하하하・・・
3	ありがとう！	고마워！
3	ありがと～。	고마워～。
3	あれっ、	어라、
3	いいじゃない。	괜찮잖아。
3	いいね。	좋네。
3	いいの。	괜찮아。
3	いいの？	괜찮아？
3	いいや。	아니야。
3	いらっしゃい。	어서 와。
3	いらっしゃ～い！	어서 오세요～！
3	うぉおおおお！	우오오오오！
3	うろつき	어슬렁대기
3	うわあああああ！	으아아아아아！
3	うわ！	우와！
3	うん、いいよ。	응、좋아。
3	うん、まあね。	응、뭐 그렇지。
3	ええっと、	그러니까、
3	えっ、	엇、
3	お、おう。	오、오냐。
3	おい！そこの君！	어이！거기 자네！
3	おお。	오오。
3	おじいちゃん	할아버지
3	おっす	안녕
3	おっ！	옷！
3	お嬢様	아가씨
3	お嬢様が	아가씨가
3	お帰り。	어서 와。
3	お父さん	아버지
3	お父さん？	아버지？
3	お疲れ様～。	수고했어～。
3	お腹すいたなぁ。	배고프네。
3	お願い。	부탁해。
3	お～い、	어～이、
3	かわいい。	귀여워。
3	くそっ！	제길！
3	これからは	앞으로는
3	これって	이거
3	ごめんね。	미안해。
3	さあ？	글쎄？
3	さんだ！	씨다！
3	さんって、	씨는 말이야、
3	さんと	씨와
3	しかし、	하지만、
3	じゃ、またな。	그럼、또 봐。
3	じゃあ、またな。	그럼、또 보자。
3	じゃあさぁ、	그럼 말이야、
3	じゃない。	아니야。
3	すみません。	죄송해요。
3	そ、そう。	그、그래。
3	そ、そうか。	그、그런가。
3	そうか、じゃあ	그럼、이제
3	そうか・・・	그런가・・・
3	そうか！	그렇군！
3	そうだな	그렇지
3	そうでやんす。	그렇습죠。
3	そうなんですか。	그런가요。
3	そうなんですよ。	그렇다니까요。
3	そうよ。	맞아。
3	そだね。	그러네。
3	それから	그리고
3	それじゃ！	그럼！
3	それっ！	받아라！
3	それは・・・	그건・・・
3	それより	그것보다
3	だから。	니까。
3	だって	그치만
3	ちょっと、	잠깐、
3	と呼べ。	라고 불러。
3	どうかな？	어떨까？
3	どうしたんだ、	무슨 일이야、
3	どうぞどうぞ！	자자 어서！
3	どうだった？	어땠어？
3	な、なに？	뭐、뭐야？
3	なあ	이봐
3	なんか言ったか？	뭐라고 했어？
3	なんだよ。	뭐야。
3	なんだよ！	뭐야！
3	なんだろう？	뭘까？
3	なんで	왜
3	なんですか？	뭔가요？
3	なんでやんす？	왜입죠？
3	なんとなく。	그냥。
3	なんの？	무슨？
3	のことは	에 대해서는
3	はい	네
3	はい、どうぞ。	자、여기요。
3	はい？	네？
3	はははは！	하하하하！
3	ふう。	후우。
3	ふふふ。	후후후。
3	ふむ。	흠。
3	ふ～ん？	흐음？
3	へえ、	허、
3	へえ～。	허어～。
3	ほう！	호오！
3	まあ、いいや。	뭐、됐어。
3	まあまあ。	자자。
3	む～～～～ん。	으음～～。
3	もう！	정말！
3	よかった。	다행이다。
3	よかったな。	잘됐구나。
3	わかった	알았어
3	わからない。	모르겠어。
3	わたし	나
3	ん？なんだ？	응？뭐지？
3	アタッテ砕けろ	부딪쳐 부서져라
3	オレは	나는
3	カード力	카드력
3	コマンドで	커맨드로
3	サンドセット。	샌드 세트。
3	ズズズ～	쭈우욱～
3	チッ！	칫！
3	ティラミス。	티라미스。
3	バカ！	바보！
3	ボ～クは	나～는
3	ポエ夢	포에무
3	モグラーズ	모그라즈
3	・・・あ。	・・・아。
3	・・・ああ。	・・・그래。
3	・・・しまった！	・・・이런！
3	・・・そっか。	・・・그렇구나。
3	・・・ふう。	・・・후우。
3	・・・末吉か。	・・・말길인가。
3	二番テーブル。	２번 테이블。
3	何を書いて	뭘 쓰고
3	四番テーブル。	4번 테이블。
3	垂れの助	타레노스케
3	大丈夫だよ。	괜찮아。
3	待って！	기다려！
3	気合ポイント	기합 포인트
3	清十郎	세이주로
3	知らないわよ。	난 몰라。
3	良かった。	다행이다。
3	遊びに行く	놀러 간다
3	遠前支店	원전 지점
3	野球？	야구？
3	金属バット	금속 배트
3	（ぐ～っ）	（꼬르륵）
3	（サッ！）	（샥！）
3	（パシッ！）	（탁！）
3	（パシッ）	（탁）
3	（パッ！）	（팟！）
3	（ピッ！）	（삑！）
3	（ポカ！）	（콩！）
3	（住んでる場所が	（사는 곳이
3	（喫茶店で	（찻집에서
3	（帰り道・・・）	（돌아가는 길・・・）
