occ	jp	ko	coverage
210	今日	오늘	1.00
105	野球	야구	0.80
100	本当	정말	0.71
66	試合	시합	0.83
61	チーム	팀	0.70
57	一緒	같	0.74
48	コーヒー	커피	0.90
45	仕事	일	0.67
39	主人様	주인님	0.95
38	時間	시간	0.92
35	会長	회장님	0.71
33	バイト	알바	0.70
30	部屋	방	0.77
29	名前	이름	0.76
27	芝居	연극	0.74
27	メイド	메이드	0.78
26	ゲーム	게임	0.77
26	カレー	카레	0.88
25	嬢様	아가씨	0.88
25	貴方	당신	0.80
25	相手	상대	0.80
25	公演	공연	0.84
24	劇団	극단	0.92
22	明日	내일	0.86
22	キャプテン	주장	0.73
22	仕方	어쩔	0.86
22	カード	카드	0.82
21	最後	마지막	0.62
21	イベント	이벤트	0.76
19	配達	배달	0.89
19	プレゼント	선물	0.74
19	料理	요리	0.84
19	最近	요즘	0.95
18	テント	텐트	0.94
17	ダチョウ	타조	1.00
16	最初	처음	0.62
16	今回	이번엔	0.62
16	注文	주문	0.88
16	スーパー	슈퍼	0.75
15	勉強	공부	0.60
15	彼女	그녀	0.87
15	生活	생활	0.67
14	用事	볼일	0.86
14	演出	연출	0.79
14	二人	둘	0.64
14	役者	배우	0.71
14	土地	땅	0.71
13	風来坊	떠돌	0.85
13	勝手	멋대	0.77
13	学校	학교	1.00
13	息子	아들	0.69
13	全然	전혀	0.77
13	大人	어른	0.69
13	コロッケ	고로케	0.77
13	毎日	매일	1.00
13	プログラム	프로그램	0.85
13	全部	전부	0.85
13	原因	원인	0.85
12	河原	강가	0.83
12	言葉	말	0.67
12	サイボーグ	사이보그	0.75
12	以上	이상	0.75
12	突然	갑자기	1.00
12	連絡	연락	0.67
12	理由	이유	0.92
12	自信	자신	0.83
11	キャッチボール	캐치볼	0.91
11	結構	꽤	0.82
11	舞台	무대	1.00
11	クリスマス	크리스마스	1.00
11	気分	기분	0.91
11	自由	자유롭게	0.73
10	ムシャ	우걱	0.70
10	プロデューサー	프로듀서	0.70
10	主人	남편	0.70
10	仲間	동료	0.60
10	カッコ	멋진	0.30
10	基礎練習	기초	1.00
10	実力	실력	1.00
10	意外	의외	0.90
10	何言	소리	1.00
10	喫茶店	찻집	0.90
9	ハムサンド	햄샌드위치	0.44
9	チラシ	전단	0.78
9	支店長	지점장	0.67
9	失敗	실패하면	0.44
9	本気	진심	0.67
9	パソコン	컴퓨터	0.89
9	サーカス	서커스단	0.56
9	昨日	어제	0.67
8	球場	구장	0.88
8	ケンカ	싸움	0.62
8	一回	번	1.00
8	チャンス	기회	0.62
8	能力	능력	0.62
8	最高	최고	0.88
8	他人	남	0.88
8	バナナ	바나나	0.88
8	適当	대충	0.62
8	一番	제일	0.75
8	サービス	서비스	0.75
8	会社	회사	0.88
8	ボタン	버튼	1.00
8	バット	배트	1.00
7	遠慮	사양	0.71
7	十分	충분해	0.29
7	倉庫	창고	0.86
7	気合	기합	0.86
7	機嫌	기분	1.00
7	雰囲気	분위기	0.71
7	残念	아쉽군	0.29
7	説明	설명	0.43
7	サンドイッチ	샌드위치	1.00
7	組織	조직	1.00
7	美味	맛있었어	0.43
7	荷物	짐	1.00
7	重要	중요한	0.71
7	実際	실제	0.86
7	金持	부자	0.86
7	商品	상품	1.00
7	ディスク	디스크	1.00
7	警察	경찰	0.71
7	誕生日	생일	0.71
7	ユニフォーム	유니폼	1.00
7	人達	사람들	0.86
6	貴様	네놈	1.00
6	目的	목적	0.50
6	基本的	기본적	0.83
6	菓子	과자	1.00
6	遊園地	놀이공원	0.83
6	本番	실전	0.50
6	店長新作	점장	1.00
6	大好物	아주	1.00
6	特訓	특훈	0.67
6	裏切	배신자	0.33
6	観客	관객	0.83
6	方向	방향	0.67
6	無事	무사히	0.33
6	微妙	미묘한	0.67
6	値段	값	0.67
6	完全	완전히	0.83
6	ウワサ	소문	0.67
6	マンガ	만화	0.83
6	状況	상황	0.83
6	オーディション	오디션	0.83
6	一言	한마디	0.83
6	普段	평소엔	0.50
6	何度	몇	1.00
6	風呂	목욕물	0.33
6	家族	가족	0.67
6	マスター	마스터	0.83
6	何回	몇	1.00
6	公園	공원	0.67
6	大声	큰	0.83
6	ピエロ	삐에	0.67
6	現実	현실	0.67
6	弁当	도시락	1.00
6	飯食	밥	1.00
6	事情	사정	1.00
6	反応	반응	0.67
6	略奪	의식	0.67
6	意識	의식	0.83
5	期待	기대	0.80
5	返事	대답	0.60
5	レストラン	레스토랑	0.80
5	食事	식사	0.80
5	背中	등	1.00
5	秘密	비밀	1.00
5	ゴメン	미안	0.80
5	今晩	오늘	1.00
5	データ	데이터	1.00
5	ブラブラ	어슬렁대	0.40
5	ヨロイ	갑옷	1.00
5	コマンド	커맨드	1.00
5	店長	점장님	1.00
5	殺虫剤	살충제	1.00
5	北極支店	북극	1.00
5	アルプス	알프스	0.80
5	オモチャ	장난감	1.00
5	コンセント	콘센트	0.60
5	ボロボロ	저	0.40
5	運動	운동	0.60
5	年上	연상	0.80
5	年前	년	1.00
5	挑戦	도전	0.40
5	照明	조명	0.80
5	動物	동물	0.80
5	コイツ	이놈	0.80
5	戦力	전력	1.00
5	初日	첫날	0.60
5	ジュース	주스	1.00
5	オリジナル	오리지널	1.00
5	本物	진짜	1.00
5	否定	부정	0.60
5	視線	시선	1.00
5	似合	안	0.60
5	人物	인물	0.80
5	記憶	기억	1.00
5	テナント	임대화	0.60
5	景気	경기	0.80
5	一応	일단	1.00
5	マズイ	곤란하네	0.40
5	興味	관심	0.80
5	未来	미래	1.00
5	下手	어설피	0.40
5	夜中	한밤중	0.80
5	平気	괜찮아	0.60
5	立派	훌륭한	0.40
5	機会	기회	0.80
5	変化球	변화구	1.00
5	解決	해결	0.40
5	売上	매출	1.00
5	人生	인생	1.00
5	演劇	연극	1.00
5	業界	이	0.80
4	天気	좋	0.75
4	ハハハ	하하하	1.00
4	身体	몸	1.00
4	連勝	연승	0.75
4	余裕	여유	1.00
4	必殺技	필살기	1.00
4	ルール	규칙	0.50
4	ハサミ	집게	0.75
4	チケット	티켓	1.00
4	セール	세일	1.00
4	休憩	휴식	0.50
4	大吉	대길	1.00
4	シャレ	웃	0.75
4	団員	단원	0.50
4	言動	언행	0.75
4	態度	태도	0.75
4	ペット	애완동물	0.75
4	好意	호의	0.50
4	水泳	수영	0.75
4	若者	젊은이	0.75
4	リンゴ	사	0.50
4	キャッチ	캐치	0.75
4	モニター	모니터	1.00
4	一気	단숨	0.50
4	電動工具	전동공구	1.00
4	掃除	청소	0.50
4	正義	정의	1.00
4	限界	한계	0.75
4	シーン	장면	0.75
4	シェルター	셸터	0.75
4	トンネル	터널	1.00
4	キャラ	캐릭터	0.75
4	情報	정보	0.75
4	一度	번	0.75
4	博士	박사님	0.50
4	レベル	레벨	1.00
4	シミュレーションゲーム	시뮬레이션	1.00
4	以外	말고	0.75
4	大切	소중한	0.50
4	種類	종류	1.00
4	スタッフ	외부	0.50
4	カブトムシ	장수풍뎅	0.50
4	大道具	무대장치	0.75
4	ケーブル	케이블	1.00
4	夜逃	야반도주	0.75
4	ロマン	로망	0.50
4	テーマ	테마	0.75
4	テーブル	테이블	1.00
4	ピアノ	피아노	1.00
4	趣味	취미	0.50
4	アクション	액션	1.00
4	味方	정의	0.50
4	今年	올해	0.75
4	馬鹿	바보	0.75
4	右手	오른손	1.00
4	金属	금속	1.00
4	ティッシュ	휴지	0.50
4	怪人	괴인	0.50
4	オムライス	오므라이스	0.75
4	甲子園	고시엔	0.75
4	会話	대화	1.00
4	ワタシ	저	0.50
4	先生	선생님	1.00
4	全員	전원	1.00
4	グループ	그룹	0.75
4	打撃	타격	1.00
4	状態	상태	0.50
4	相談	게	0.50
4	場合	경우	0.50
4	ガラス	떠돌	1.00
4	結局	결국	1.00
4	市販	시판	1.00
4	面目	면목	1.00
4	店内	가게	0.75
4	トゥルルル	따르르르	0.75
4	世界征服	세계	1.00
4	信用	못	0.50
4	放題	마음껏	0.50
4	昼食	점심	1.00
4	一瞬	한순간	0.50
4	部分	부분	0.75
4	事故	사고	1.00
4	理解	이해	0.75
4	携帯電話	휴대폰	0.75
4	友達	친구	0.75
4	衣装	의상	0.75
4	バッティング	배팅	1.00
4	アイデア	아이디어	0.75
4	価値	가치	0.75
4	直球	직구	1.00
4	本人	본인	1.00
4	素人	아마추어	0.50
4	巨大	거대	0.75
4	見守	지켜봐	1.00
3	ワンワン	멍멍	1.00
3	バタン	쾅	1.00
3	仕事中	일하	1.00
3	パシッ	탁	0.67
3	ハァハァ	헥헥	0.67
3	ストップ	탈출	0.67
3	大盛	곱빼기	1.00
3	質問	무슨	0.67
3	人前	인분	1.00
3	決定	결정	1.00
3	今夜	밤	1.00
3	営業	영업	1.00
3	シュッ	휙	1.00
3	セキュリティ	보안	1.00
3	金縛	가위눌림	0.67
3	先日	지난번	0.67
3	店番	가게	1.00
3	三振	삼진	0.67
3	今仕事終	지금	1.00
3	水曜日	수요일	0.67
3	条件	조건	0.67
3	ノック	노크	1.00
3	予約	예약	0.67
3	スイカカレー	수박	1.00
3	武者	무사	1.00
3	景品	경품	1.00
3	オッケー	오케	0.67
3	運命	운명	1.00
3	外見	겉모습	0.67
3	方針	방침	1.00
3	トラック	트럭	1.00
3	自信作	자신작	0.67
3	今朝	오늘	1.00
3	小道具	소품	0.67
3	本格的	본격적	1.00
3	万円	엔	0.67
3	ピクッ	움찔	1.00
3	設定	설정	0.67
3	メンバー	멤버들	0.67
3	メイン	쇼핑	0.67
3	セット	세트	1.00
3	ケチャップ	케첩	1.00
3	電力	전력	1.00
3	相変	여전히	1.00
3	パイロット	파일럿	1.00
3	ゲット	보물	0.67
3	目指	노리	0.67
3	関係無	상관없	0.67
3	世界中	세계	1.00
3	餌付	거	0.67
3	恋愛	연애	1.00
3	銀行	은행	1.00
3	飛行機	비행기	1.00
3	爆撃機	폭격기	1.00
3	米軍	미군	1.00
3	半分	절반	0.67
3	座長	단장	1.00
3	アドバイス	조언	0.67
3	シスター	시스터	1.00
3	最強	최강	1.00
3	正直	솔직히	0.67
3	最低限	최소한	1.00
3	資料	자료	0.67
3	ソース	소스	1.00
3	マシン	머신	0.67
3	野球場	야구장	0.67
3	地下室	지하실	1.00
3	スポーツ	스포츠	0.67
3	女優	되고	1.00
3	ネットカフェ	넷카페	1.00
3	必須	메이드	0.67
3	最低	최악	0.67
3	季節	게	0.67
3	気味	좀	0.67
3	香辛料	향신료	0.67
3	給料	월급	1.00
3	経営者	경영자	1.00
3	一族	일족	1.00
3	キーボード	키보드	1.00
3	無用	무용한	0.67
3	中止	취소	0.67
3	全力	전력	1.00
3	回目	번째입죠	0.67
3	時期	시기	0.67
3	雑誌	잡지	1.00
3	真面目	진지하게	0.67
3	劇場	극장	1.00
3	一体何	대체	1.00
3	維織	이오리	1.00
3	先輩	선배	1.00
3	金無	돈	1.00
3	結果	결과	1.00
3	取材	취재	0.67
3	結論	결론	1.00
3	何者	정체	0.67
3	夏祭	여름	1.00
3	試合前	전	1.00
3	キツイ	말	1.00
3	キノコ	버섯	0.67
3	病院	병원	1.00
3	欠陥	결함	0.67
3	愛情	애정	0.67
3	感情	감정	1.00
3	セーブ	제대	0.67
3	必死	필사적	0.67
3	性格	성격	0.67
3	告白	거	0.67
3	電池	건전지	0.67
3	拳法	권법	0.67
3	セリフ	대사	1.00
3	順番	순서	1.00
3	前達	너희들	0.67
3	第一歩	첫걸음	0.67
3	寝顔	얼굴	1.00
3	加減	적당히	0.67
3	世間	세상	0.67
3	服装	복장	0.67
3	素直	솔직한	0.67
3	日頃	평소	1.00
3	両親	부모님	1.00
3	パスタ	파스타	0.67
3	野菜	야채볶음	0.67
3	エチュード	에튀드	1.00
3	トイレ	화장실	1.00
3	上達	실력	0.67
3	結婚	결혼	0.67
3	末吉	말길인	0.67
3	ポイント	포인트	1.00
3	作品	작품	1.00
3	全部食	다	1.00
3	イメージ	이미지	1.00
3	親父	아버지	1.00
3	表情	표정	1.00
3	才能	재능	1.00
3	単純	단순한	0.67
3	外部	외부인	0.67
3	栄養	영양	1.00
3	基本	기본	1.00
3	意見	이	0.67
3	巡査	순경	1.00
3	割引	할인	1.00
3	発声練習	발성	1.00
3	範囲	범위	0.67
3	身長	키	1.00
3	補充	전력	0.67
3	アンティーク	앤티크	1.00
3	復讐	복수하	0.67
3	選手	선수	1.00
3	可能性	가능성	1.00
3	バッタ	메뚜기	0.67
3	勝利	승리	0.67
3	メリット	이득	1.00
3	影響	영향	1.00
3	電源	전원	1.00
3	神様	신	0.67
3	方法	방법	1.00
3	今後	앞	0.67
3	余計	쓸데없	0.67
3	教会	교회	1.00
3	団費	단비	1.00
3	自分自身	자신	0.67
3	毎日来	매일	1.00
3	パワーアップ	가	0.67
3	包丁	칼	0.67
