jp	ko
あ～	아～
あ	아
（ガサ	（바스락
ガサ	바스락
ガサ）	바스락）
ちよ	치요
」は	」는
あっ！！	앗！！
えっ！！	엇！！
おっ！！	옷！！
・・・うお！？	・・・우옷！？
・・・・・・・・・あ。	・・・・・・・・・아。
動け！	움직여라！
動け！）	움직여라！）
まで」	까지」
次は	다음엔
な？	그치？
・・・・・えっ！	・・・・・엇！
・・・いや・・・	・・・아니・・・
だよ。	야。
あ～あ。	아아～。
（再び	（다시
ね。	말이지。
チッ。	칫。
・・・・・・ん！？	・・・・・・응！？
・・・おや？	・・・어라？
匂い？	냄새？
あれ	그거
人も	사람도
今の	지금의
がぁ～。	가아～。
待てー！	기다려～！
え?	어？
ん？！	응？！
（ボキ	（뚝
ベキ	우직
なぁ。	말이야。
そう、	그래、
ただ・・・	다만・・・
にも	에게도
誰に？！	누구한테？！
のさ。	거지。
んだ。	거야。
はーい。	네～。
カニ	게
はっ？！	엉？！
には	엔
・・・ふーん・・・	・・・흐음・・・
えっ・・・？	엇・・・？
はぁ～？	하아～？
おーい・・・	어～이・・・
あーっ！	아앗！
はーーい。	네～～。
・・・おい、	・・・어이、
との	와의
な・・・・・・	뭐・・・・・・
ハイ！	넵！
おっ、	옷、
（スーッ）	（스윽）
えー？！	에～？！
だが・・・	하지만・・・
君か。	군인가。
ぐわ～～！！	으와～～！！
けど！	하지만！
・・・・・・・・ん？	・・・・・・・・응？
ああ	아아
よお。	여어。
・・・え。	・・・어。
フッ・・・・・・	훗・・・・・・
え・・・？	어・・・？
・・・・・あ！	・・・・・아！
あ・・・・・・・・・。	아・・・・・・・・・。
この	이
あら。	어머。
ハァ・・・	하아・・・
遅い。	늦어。
・・・あ・・・	・・・아・・・
・・・ここ。	・・・여기。
ダーメ。	안～돼。
・・・ふーん？	・・・흐음？
かな。	려나。
おーい！！	어～이！！
セーブ	세이브
・・・ソース？	・・・소스？
逆に	반대로
めぇ～！！	놈～！！
フン！	흥！
ふん。	흥。
にな、	한테、
あん？	엉？
ワンー！！	멍～！！
わが	우리
来い、	와라、
・・・ええ。	・・・네。
つい・・・	그만・・・
ブブー。	땡～。
なの。	이야。
・・・ふーむ。	・・・흐음。
・・・よし。	・・・좋아。
君と	군과
他に	달리
なん・・・	뭐라・・・
お前・・・	너・・・
さち	사치
・・・はぁ。	・・・하아。
・・・はぁ？	・・・하아？
・・・・・・お前、	・・・・・・너、
ああ・・	아아・・
・・・・・・って	・・・・・・랄까
・・・わっ！？	・・・왓！？
・・・あ！	・・・아！
から、	에게서、
だし、	이고、
オレ	나
）だよ。	）야。
カニ？	게？
はぁ～～。	하아～～。
２００円・・・？	２００엔・・・？
はぁ・・・・・・	하아・・・・・・
は。	는。
（おおー！）	（오오～！）
・・・・・・オウ！	・・・・・・오우！
・・・う、腕・・・	・・・파、팔・・・
へえ。	허어。
・・・だが、	・・・하지만、
ぜひ。	꼭。
わぁ～～	와아～～
どれ？	어느 거？
ああ～～～	아아～～～
親が	부모가
じゃ、	그럼、
はぁ～～～～～～～～～	하아～～～～～～～～～
はっ！	핫！
もう	정말
は・・・	는・・・
・・・ほら、	・・・봐봐、
・・・あら？	・・・어머？
スーパー？	슈퍼？
私は	나는
ええ！？	에엣！？
ほら、	봐봐、
ケーキ？	케이크？
君が	군이
・・・どれ・・・	・・・어디・・・
パル	파루
・・・なに？	・・・뭐？
って、	이、
より	보다
けど	하지만
）くん、	）군、
あう。	아우。
君に	군에게
まあ。	뭐。
おー、	오～、
ほれ。	자。
あら？	어머？
君を	군을
・・・吉か。	・・・길인가。
・・・凶か。	・・・흉인가。
（ピューーー	（휘이～～～
な・・・	뭐・・・
ほら！	봐봐！
ええ？！	에엣？！
・・・ああ？	・・・아아？
ダメ。	안 돼。
おや・・・？	어라・・・？
です。	입니다。
あたしそそっかしいから。	내가 좀 덜렁대서。
でも、本当に助かったわ。	그래도、정말 도움 됐어。
人が少ない商店街でやんすねぇ。	사람이 적은 상점가입죠。
オイラのファンでやんすね。	내 팬입죠。
尊敬はしてるけど・・・	존경은 하지만・・・
ところで、今日はどうしたんだ？	그런데、오늘은 무슨 일이야？
ここにあるのか？	여기 있는 거냐？
ここに宝があるのか？	여기 보물이 있는 거냐？
この古さ、汚なさ。	이 낡음、이 지저분함。
ここならきっと掘り出し物が、	여기라면 분명 횡재감이、
ますます、	점점 더、
凡田博物館	본다 박물관
の展示物が	의 전시물이
増えるでやんす。	늘어납죠。
ここの品揃えはぁ～！	여기 물건 구성이～！
サギでやんす！	사기입죠！
あるのは、最新のプラモや	있는 건、최신 프라모델이나
オモチャばかりでやんす・・・	장난감뿐입죠・・・
こうして古い店を探しては、	이렇게 낡은 가게를 찾아서는、
探し歩いているんでやんす！	찾아다니고 있습죠！
まず、オモチャと言うのは・・・	우선、장난감이란・・・
（・・・３時間経過・・・）	（・・・３시간 경과・・・）
お前は、怪獣のソフビ人形が	너는、괴수 소프비 인형을
（・・・２時間経過・・・）	（・・・２시간 경과・・・）
の熱意は痛いほど伝わったよ。	의 열의는 사무치게 전해졌어。
なら、何か情報があれば、	그럼、뭔가 정보가 있으면、
オイラに知らせるでやんす。	나한테 알려주십죠。
おねえちゃん、だよ？	누나야、알았지？
同級生だと聞いたでやんす。	동급생이라고 들었습죠。
それより、遊園地って言っても	그것보다、놀이공원이라고 해도
君は	군은
おねえちゃん	누나
って連呼してる。	라고 연발하고 있다。
なかなか入れないでやんすね。	좀처럼 못 들어갑죠。
横の出入り口から入っていった	옆 출입구로 들어간
人たちがいるでやんす！	사람들이 있습죠！
あたし、魔法が使えるんだ。	나、마법 쓸 수 있어。
頭、大丈夫でやんすか。	머리、괜찮습죠。
君、いいかげんにしないと	군、적당히 하지 않으면
これでダメだったら、	이걸로 안 되면、
なんか買ってもらうでやんす！	뭔가 사 달랍죠！
その代わり、うまくいったら	그 대신、잘 되면
たいどうやったんだ？）	대체 어떻게 한 거야？）
そういうのはマンガの中だけの話	그런 건 만화 속 얘기
じゃないのかな。	아닐까。
でも、プロ野球の選手だって	그래도、프로야구 선수도
カッコイイ名前の球を	멋진 이름의 공을
投げているでやんす。	던지고 있습죠。
自分の得意な変化球に名前を	자기 자신 있는 변화구에 이름을
なんでやんすか？	인 겁죠？
それでやんす！	그거입죠！
を倒すには、	를 쓰러뜨리려면、
必殺技がいるんでやんす！	필살기가 필요합죠！
オイラも手伝うから、特訓して	나도 도울 테니、특훈해서
すぐに開発するでやんす！	금방 개발합죠！
そういう派手なものよりも	그런 화려한 것보다
カッコいいでやんす。	멋있습죠。
スライダー	슬라이더
よし、今のを採用するでやんす！	좋아、지금 걸 채용합죠！
・・・なにか考えるでやんす！	・・・뭔가 생각해 봅죠！
派手な必殺技なんてなくても、	화려한 필살기 같은 거 없어도、
（同方向２球種をもっていると	（같은 방향 ２구종을 갖고 있으면
（・・・相手チームに逆転勝ち。	（・・・상대 팀에 역전승。
さすが強い	역시 강한
なお、視聴者の方に	또한、시청자분께
から	에서
プレゼントの・・・）	선물을・・・）
（ブチン！）	（뚝！）
もう作戦は考えてある。	이미 작전은 생각해 뒀다。
これじゃ、駅から降りた人が	이래선、역에서 내린 사람이
こっちをつぶしに来ましたな。	이쪽을 뭉개러 왔군요。
正攻法でこられたら、体力差で	정공법으로 나오면、체력 차로
こっちに勝ち目はないですぞ。	이쪽에 승산은 없습니다。
公正なやり方でもないから、	공정한 방식도 아니니까、
・・・クリスマスセールですよ、	・・・크리스마스 세일이에요、
ああ？！	아아？！
つぶされたら・・・	뭉개지면・・・
もうこの際、意地をはらずに	이참에、고집 부리지 말고
ことになったんじゃないですか。	걸로 된 거 아닌가요。
そもそも、野球のことだって	애초에、야구 일만 해도
あんたがご主人なくして	당신이 남편 여의고
さみしいから	외로우니까
あの風来坊に色目を・・・	그 떠돌이한테 추파를・・・
ガヤガヤ）	웅성웅성）
商店街の会議、大変なことに	상점가 회의、큰일 나고
なってるみたいですね。	있는 것 같네요。
議論の好きな連中には	논쟁 좋아하는 놈들한텐
結局、試合に勝つ以外には	결국、시합에 이기는 것 말고는
卑怯な	비겁한
のやつらを	의 놈들을
ギャフンと言わせるでやんす！	찍소리 못 하게 만듭죠！
これから先、どうしよう・・・	앞으로、어쩌지・・・
グループの	그룹의
様からメッセージです。	님께서 메시지입니다。
とのことです。	라고 하십니다。
無料って・・・	무료라니・・・
もう野球の試合に一喜一憂する	이제 야구 시합에 일희일비하는
これからは共存共栄で行こう！	앞으로는 공존공영으로 가자！
ばんざいだ！	만세다！
を頼んだぞ、	를 부탁한다、
ビックリするぐらい強いチームに	깜짝 놀랄 만큼 강한 팀으로
・・・約束を守れなかったな。	・・・약속을 못 지켰네。
だから、バツとして	그러니까、벌로
まだまだこの町に残るでやんす！	아직 더 이 마을에 남습죠！
気持ちはうれしいけど、	마음은 고맙지만、
これでお別れだ。	이걸로 작별이다。
カレー食べに来いでやんす！	카레 먹으러 오십죠！
絶対に、この町に来るでやんす！	꼭、이 마을에 옵죠！
そこまで面倒は見れないよ。	거기까지 챙겨 주진 못해。
ビデオデッキは、チームの	비디오 데크는、팀의
まあ、フォームチェックに	뭐、폼 체크에
使うだけなら、別にサイズは	쓸 뿐이라면、딱히 사이즈는
ヘタレどもにガツーンと	겁쟁이들한테 확실하게
の奴、打ち込まれて	의 녀석、두들겨 맞고
裏切り	배신
喜ばれるが、	환영받지만、
裏切り者	배신자
だが、結果は歓迎されても、	하지만、결과는 환영받아도、
・・・では、馳走であった。	・・・그럼、잘 먹었다。
敵ならともかく、	적이라면 몰라도、
だが、口で言うのはよくない。	하지만、말로 하는 건 좋지 않다。
そういえば、みなさんは	그러고 보니、여러분은
のねらいが	의 노림수를
の行動は不自然だ。	의 행동은 부자연스럽다。
さんには誤解されましたけど	씨한텐 오해받았지만
みなさんのおかげで、	여러분 덕분에、
おそらく、そう思わない人たちも	아마、그렇게 생각 않는 사람들도
では、ごちそうさま。	그럼、잘 먹었습니다。
さん、全部自分で	씨、전부 혼자서
しょいこんじゃダメよ。	짊어지면 안 돼。
・・・・え？	・・・・어？
これでもないだっちゃ！	이것도 아니라구！
これかなぁ？	이건가아？
あぶないわ・・・	위험해・・・
そんなことをしたら、	그런 짓을 하면、
さては、お前も	그러고 보니、너도
「ミルファイヤーちゃん」の	「밀파이어짱」의
たぁーーー！	타아～～～！
我輩のグランドマンのポーズに	내 그랜드맨 포즈에
ケチをつけるでござるなぁ～！	트집을 잡는 것이오～！
お前！	너！
逃げる気でごんすね？	도망칠 셈이렷다？
なら我と戦う気でありんすね？	그럼 나와 싸울 셈이온지？
もう行きましょ・・・	이제 가요・・・
・・・じゃあな・・・	・・・그럼 잘 있어・・・
敵前逃亡は銃殺刑なり～～～！	적전도주는 총살형이니라～～～！
さぁ？	글쎄？
ああやっておもちゃを振って	저렇게 장난감을 흔들어서
中身を調べているのでやんす。	속을 살피고 있습죠。
っておじさんに	라는 아저씨한테
教えてもらったでやんす。	배웠습죠。
でも、ああいうことする人は	그래도、저런 짓 하는 사람은
久しぶりに見たでやんす。	오랜만에 봤습죠。
君は、ああいう大人にだけは	군은、저런 어른만은
そんなの無理じゃない？	그런 건 무리 아니야？
あたし？	나？
それは・・・その。	그건・・・그게。
さんが、うちで働いて、	씨가、우리 집에서 일하고、
お父さんがいて・・・・	아빠가 있고・・・・
じゃなくていいのか？	가 아니어도 되는 거야？
・・・・ん？	・・・・응？
ここは・・・	여긴・・・
ずいぶん前のような気がするわ。	꽤 오래전 같은 느낌이 들어。
さんがここで	씨가 여기서
実はあたしもここで、車に	실은 나도 여기서、차에
さんと一緒だね。	씨랑 같네。
やっぱり、ここは車がスピードを	역시、여긴 차가 속도를
出しそうな所だからな・・・	낼 만한 곳이니까・・・
かわいそうよね・・・	불쌍하지・・・
・・・・・・・・・あれ？	・・・・・・・・・어라？
あ・・・れ・・・・・？	어・・・라・・・・・？
あ、あたし・・・・	아、나・・・・
よう、	여어、
（ガサガサガサガサ！）	（바스락바스락바스락！）
・・・巨大な虫の大群か？！	・・・거대한 벌레 대군인가？！
あの支店長	그 지점장
金だけ奪って、	돈만 뺏고、
あんなクズなんざ、自滅した方が	저런 쓰레기 따위、자멸하는 게
はけ出さないと！	빠져나가지 않으면！
だまされたんだよアンタは！	속은 거라고 당신은！
私は、私は・・・	난、난・・・
言っておきながら、結局それしか	말해 놓고서、결국 그것밖에
アンタには	당신한텐
「たった一人でがんばっている	「단 한 사람이 애쓰는
立派な未亡人」という評判に、	훌륭한 미망인」이라는 평판에、
しがみついているだけなんだ。）	매달려 있을 뿐인 거다。）
でも・・・	그래도・・・
出口は虫だらけ	출구는 벌레 투성이
じゃないですか！	잖아요！
こっちは家族でやってるところが	여긴 가족끼리 하는 데가
ここは、	여긴、
手伝ってもらうのでやんす！	도와받읍죠！
ウチは余裕ないんだから。	우린 여유 없으니까。
手伝ってもらってる	도움받고 있는
だけだから、気にしないよ。	뿐이니까、신경 쓰지 마。
１人で店番やってると、	혼자 가게 보고 있으면、
トイレにも行けないでやんす！	화장실도 못 갑죠！
助かるけど・・・	도움되지만・・・
そうしたら今度は、私がヒマに	그러면 이번엔、내가 한가해
