offset	bytes	array	index	jp	ko
0x326544	30	0x32E1FC	1	No\002\0\0\0\0「ブギヴギ商店街\0\0ＣＭ」	No\002\0\0\0\0「부기우기 상점가 ＣＭ」
0x3262C4	29	0x32E1FC	2	No\003\0\0\0\0「男は風のように去った」	No\003\0\0\0\0「남자는 바람처럼」
0x325F10	28	0x32E1FC	3	No\004\0\0\0\0「みんな大好き川柳」	No\004\0\0\0\0「모두가 좋아하는 센류」
0x32557C	23	0x32E1FC	4	No\005\0\0\0\0「逃げるように」	No\005\0\0\0\0「도망치듯이」
0x325864	25	0x32E1FC	5	No\006\0\0\0\0「ロボット変形！」	No\006\0\0\0\0「로봇 변형！」
0x325880	25	0x32E1FC	6	No\007\0\0\0\0「デスパレス脱出」	No\007\0\0\0\0「데스팰리스 탈출」
0x32589C	25	0x32E1FC	7	No\008\0\0\0\0「続編があるの？」	No\008\0\0\0\0「속편이 있는 거야？」
0x325684	24	0x32E1FC	8	No\009\0\0\0\0「任務失敗」	No\009\0\0\0\0「임무 실패」
0x326324	29	0x32E1FC	9	No\010\0\0\0\0「宇宙戦闘で敗北」	No\010\0\0\0\0「우주 전투에서 패배」
0x325594	23	0x32E1FC	10	No\011\0\0\0\0「戦死エンド」	No\011\0\0\0\0「전사 엔딩」
0x326564	30	0x32E1FC	11	No\012\0\0\0\0「もう、俺帰るよ・・・・・」	No\012\0\0\0\0「이제 난 돌아갈게・・・・・」
0x3253FC	21	0x32E1FC	12	No\013\0\0\0\0「心の旅」	No\013\0\0\0\0「마음의 여행」
0x325414	21	0x32E1FC	13	No\014\0\0\0\0「男の旅」	No\014\0\0\0\0「사나이의 여행」
0x32569C	24	0x32E1FC	14	No\015\0\0\0\0「新たな一員」	No\015\0\0\0\0「새로운 일원」
0x3258B8	25	0x32E1FC	15	No\016\0\0\0\0「のんびり行こうよ」	No\016\0\0\0\0「느긋하게 가자」
0x32548C	22	0x32E1FC	16	No\017\0\0\0\0「一人旅」	No\017\0\0\0\0「혼자 하는 여행」
0x325534	23	0x32E1FC	17	No\018\0\0\0\0「これでいいよな」	No\018\0\0\0\0「이걸로 됐지」
0x3255AC	23	0x32E1FC	18	No\019\0\0\0\0「みんなでご飯」	No\019\0\0\0\0「다 같이 식사」
0x325A24	26	0x32E1FC	19	No\020\0\0\0\0「これからは二人で」	No\020\0\0\0\0「이제부터는 둘이서」
0x3258D4	25	0x32E1FC	20	No\021\0\0\0\0「あれから一人で」	No\021\0\0\0\0「그 후로 혼자서」
0x325A40	26	0x32E1FC	21	No\022\0\0\0\0「夢への第一歩」	No\022\0\0\0\0「꿈을 향한 첫걸음」
0x3257A0	25	0x32E1FC	22	No\023\0\0\0\0「花の芸能界」	No\023\0\0\0\0「화려한 연예계」
0x3258F0	25	0x32E1FC	23	No\024\0\0\0\0「最高の笑顔」	No\024\0\0\0\0「최고의 미소」
0x3256B4	24	0x32E1FC	24	No\025\0\0\0\0「君と二人で」	No\025\0\0\0\0「너와 둘이서」
0x3256CC	24	0x32E1FC	25	No\026\0\0\0\0「新しい家族」	No\026\0\0\0\0「새로운 가족」
0x3256E4	24	0x32E1FC	26	No\027\0\0\0\0「全て終わって」	No\027\0\0\0\0「모든 게 끝나고」
0x3254A4	22	0x32E1FC	27	No\028\0\0\0\0「戻った男」	No\028\0\0\0\0「돌아온 남자」
0x3256FC	24	0x32E1FC	28	No\029\0\0\0\0「自信ありすぎ」	No\029\0\0\0\0「자신감 과잉」
0x325A5C	26	0x32E1FC	29	No\030\0\0\0\0「ボ～ク、ピエロだよ～」	No\030\0\0\0\0「나～는、삐에로야～」
0x325730	25	0x32E1FC	30	No\031\0\0\0\0「成仏したムシャ」	No\031\0\0\0\0「성불한 무샤」
0x32590C	26	0x32E1FC	31	No\032\0\0\0\0「今日も元気に」	No\032\0\0\0\0「오늘도 힘차게」
0x325C8C	28	0x32E1FC	32	No\033\0\0\0\0「この世界の神になる」	No\033\0\0\0\0「이세계의신이된다」
0x326A24	33	0x32E1FC	33	No\034\0\0\0\0「城田鉄幹の幸せな日々」	No\034\0\0\0\0「시로타 텟칸의 행복한 나날」
0x325A78	27	0x32E1FC	34	No\035\0\0\0\0「勝野、家に帰る」	No\035\0\0\0\0「카츠노、집에 돌아가다」
0x325928	26	0x32E1FC	35	No\036\0\0\0\0「キャプテンヒラヤマ！」	No\036\0\0\0\0「캡틴 히라야마！」
0x3255DC	24	0x32E1FC	36	No\037\0\0\0\0「新たな火種」	No\037\0\0\0\0「새로운 불씨」
0x3254BC	23	0x32E1FC	37	No\038\0\0\0\0「心配でーす」	No\038\0\0\0\0「걱정입니다아」
0x325ED8	28	0x32E1FC	38	No\039\0\0\0\0「フフ、感謝するがよい」	No\039\0\0\0\0「후후、감사하도록」
0x3259D0	26	0x32E1FC	39	No\040\0\0\0\0「まだまだ未熟です」	No\040\0\0\0\0「아직 미숙합니다」
0x326624	31	0x32E1FC	40	No\041\0\0\0\0「実は偶然ではない・・・・」	No\041\0\0\0\0「실은 우연이 아니다・・・・」
0x32582C	25	0x32E1FC	41	No\042\0\0\0\0「平和な暮らし」	No\042\0\0\0\0「평화로운 생활」
0x3255F4	24	0x32E1FC	42	No\043\0\0\0\0「エリが乱心？」	No\043\0\0\0\0「에리가 이상해？」
0x325A94	27	0x32E1FC	43	No\044\0\0\0\0「ザンゲ受け付けます」	No\044\0\0\0\0「참회 받습니다」
0x325714	25	0x32E1FC	44	No\045\0\0\0\0「残してくれた物」	No\045\0\0\0\0「남겨준 것」
0x325960	26	0x32E1FC	45	No\046\0\0\0\0「賞金稼ぎの男」	No\046\0\0\0\0「현상금 사냥꾼」
0x325CC4	28	0x32E1FC	46	No\047\0\0\0\0「毎日がヒーローショウ」	No\047\0\0\0\0「매일이 히어로 쇼」
0x32563C	24	0x32E1FC	47	No\048\0\0\0\0「立場逆転」	No\048\0\0\0\0「입장 역전」
0x3268C4	32	0x32E1FC	48	No\049\0\0\0\0「やっぱり女２人が気楽です」	No\049\0\0\0\0「역시여자２명이편합니다」
0x325CFC	28	0x32E1FC	49	No\050\0\0\0\0「バカな男で丁度いい」	No\050\0\0\0\0「바보 남자가 딱」
0x32574C	25	0x32E1FC	50	No\051\0\0\0\0「憎しみの連鎖」	No\051\0\0\0\0「증오의 연쇄」
0x325768	25	0x32E1FC	51	No\052\0\0\0\0「宇宙妖精Ｚ」	No\052\0\0\0\0「우주요정 Ｚ」
0x325D18	28	0x32E1FC	52	No\053\0\0\0\0「おもしろこと全部！！」	No\053\0\0\0\0「재미있는 것 전부！！」
0x325784	25	0x32E1FC	53	No\054\0\0\0\0「父子の風景」	No\054\0\0\0\0「부자의 풍경」
0x325B3C	27	0x32E1FC	54	No\055\0\0\0\0「野望は終わらない」	No\055\0\0\0\0「야망은 끝나지 않는다」
0x325FA4	29	0x32E1FC	55	No\056\0\0\0\0「少森寺の先生たち」	No\056\0\0\0\0「소삼사의 선생님들」
0x3273FC	35	0x32ECEC	0	No\001\0\0\0\0\0\0\0\0主人公（表）\0\0\0\0\0\0\0	No\001\0\0\0\0\0\0\0\0주인공（표）\0\0\0\0\0\0\0
0x325C54	27	0x32ECEC	1	主人公（表）\0\0\0\0\0\0\0\0\0\0\0\0\0\0\0\0	주인공（앞）\0\0\0\0\0\0\0\0\0\0\0\0\0\0\0\0
0x328384	68	0x32ECEC	2	どこからともなくやってきた、\nやたらとケンカに強い謎の男。\n昔、野球をやっていたらしいが\n過去は謎に包まれている。	어디선가 홀연히 나타난、\n싸움에 유난히 강한 수수께끼의 남자。\n옛날엔 야구를 했다는 모양이지만\n과거는 수수께끼에 싸여 있다。
0x326464	30	0x32ECEC	6	No\002\0\0\0\0\0\0\0\0カンタ君\0\0\0\0\0\0\0	No\002\0\0\0\0\0\0\0\0칸타 군\0\0\0\0\0\0\0
0x325DA4	28	0x32ECEC	7	神田\0カンタ（かんだ\0かんた）\0\0\0\0\0\0\0\0\0\0	칸다 칸타\0\0\0\0\0\0\0\0\0\0
0x3293F4	126	0x32ECEC	8	ブギウギ商店街にやってきた主人公と\n最初に仲良くなった小学生。\n母親と二人暮らし。\nずるがしこい面もあるが\nまだまだ子供で無邪気。\nなお、パワポケシリーズ常連の\n矢部一族とは関係はない。	부기우기 상점가에 온 주인공과\n가장 먼저 친해진 초등학생。\n어머니와 둘이 산다。\n약삭빠른 구석도 있지만\n아직 어리고 천진난만하다。\n참고로 파워포케 시리즈 단골인\n야베 일족과는 관계없다。
0x3260E4	29	0x32ECEC	9	No\003\0\0\0\0\0\0\0\0権田\0\0\0\0\0\0\0	No\003\0\0\0\0\0\0\0\0곤다\0\0\0\0\0\0\0
0x326084	29	0x32ECEC	10	権田\0正男（ごんだ\0まさお）\0\0\0\0\0\0\0\0\0\0	곤다 마사오（곤다마사오）\0\0\0\0\0\0\0\0\0\0
0x329118	119	0x32ECEC	11	ビクトリーズのキャプテン。\n２５歳、独身。\n乱暴で、腹芸のできない一本気な性格。\n商店街では、両親と魚屋をやっている。\n母親には頭が上がらない。\nなお、母親の顔は彼そっくりである。\n	빅토리즈의 주장。\n２５세、독신。\n거칠고 속을 못 감추는 외골수 성격。\n상점가에서 부모님과 생선가게를 한다。\n어머니 앞에서는 꼼짝 못 한다。\n참고로 어머니 얼굴은 그와 판박이다。\n
0x3262A4	29	0x32ECEC	12	No\004\0\0\0\0\0\0\0\0木川\0\0\0\0\0\0\0	No\004\0\0\0\0\0\0\0\0키가와\0\0\0\0\0\0\0
0x325B74	27	0x32ECEC	13	木川\0則夫（きかわ\0のりお）\0\0\0\0\0\0\0\0	키가와 노리오（키가와노리오）\0\0\0\0\0\0\0\0
0x32B134	168	0x32ECEC	14	商店街にある「木川古書店」の店主。\n仕事もせず家でフラフラしている彼を\n反省させようと、両親は海外に移住。\nそれ以来、一人で店を経営している。\n現在、仕事に野球に割と楽しく日々を\n過ごしている。・・・両親との約束は\n当分、果たせそうにない。	상점가에 있는「키가와 고서점」주인。\n일도 안 하고 집에서 빈둥대는 그를\n반성시키려 부모는 해외로 이주했다。\n그 뒤로 혼자 가게를 꾸리고 있다。\n지금은 일과 야구로 제법 즐겁게\n지내는 중。・・・부모와의 약속은\n당분간 지키기 어려울 듯하다。
0x3260A4	29	0x32ECEC	15	No\005\0\0\0\0\0\0\0\0大村\0\0\0\0\0\0\0	No\005\0\0\0\0\0\0\0\0오무라\0\0\0\0\0\0\0
0x3260C4	29	0x32ECEC	16	大村\0鉄治（おおむら\0てつはる）\0\0\0\0\0\0\0\0	오무라 테츠하루\0\0\0\0\0\0\0\0
0x32C164	196	0x32ECEC	17	金物屋「大村金物」の３代目主人。\n高校生の長女と小学生の息子、そして妻と\n４人で暮らしている。\nあまり商売っ気はなく、出世欲もない。\n日々暮らしていけるだけの収入が\nあればよいと思っている。\n野球は大好きで、かつては練習にも\nよく参加していたのだが、腰を悪くして\n見に行くだけとなってしまった。	철물점「오무라 철물」의 ３대째 주인。\n고등학생 장녀와 초등학생 아들、그리고 아내와\n４명이 살고 있다。\n장사 욕심도 없고 출세욕도 없다。\n하루하루 살아갈 만큼만 벌면\n그걸로 족하다고 생각한다。\n야구를 아주 좋아해서 예전엔 연습에도\n자주 나왔지만、허리를 다친 뒤로는\n보러 가기만 하게 되었다。
0x3263A4	29	0x32ECEC	18	No\006\0\0\0\0\0\0\0\0青島\0\0\0\0\0\0\0	No\006\0\0\0\0\0\0\0\0아오시마\0\0\0\0\0\0\0
0x326664	31	0x32ECEC	19	青島\0三郎（あおしま\0さぶろう）\0\0\0\0\0\0\0\0\0\0	아오시마 사부로（아오시마사부로）\0\0\0\0\0\0\0\0\0\0
0x32B7F0	178	0x32ECEC	20	商店街の一角で細々とやっている開業医\nお金のない人でも無料で治療したり\n薬を与えたりしている。\nそのため、病院の待合室は近所のじいさん\nばあさんの集会場のようになっている。\n若いときに勉強ばかりしていたので\n運動のセンスはないが、野球は好きで\n練習してプレイできるようになった。	상점가 한구석에서 조촐하게 하는 개업의\n돈 없는 사람은 무료로 치료해 주거나\n약을 그냥 주기도 한다。\n그래서 병원 대기실은 동네 할아버지\n할머니들의 집회장처럼 되어 있다。\n젊을 때 공부만 해서\n운동 감각은 없지만、야구를 좋아해\n연습해서 뛸 수 있게 되었다。
0x326CD0	33	0x32ECEC	21	No\007\0\0\0\0\0\0\0\0並木巡査\0\0\0\0\0\0\0	No\007\0\0\0\0\0\0\0\0나미키 순경\0\0\0\0\0\0\0
0x325F64	29	0x32ECEC	22	並木\0潤一郎（なみき\0じゅんいちろう）\0\0\0\0	나미키 준이치로\0\0\0\0
0x328D6C	109	0x32ECEC	23	商店街のみんなに親しまれる\nおまわりさん。\nちょっと気弱で周囲に流されがちだが\n親切で職務には忠実。\n非番の時には練習に参加しているが\n最近、ちょっとお疲れ気味。	상점가 모두에게 사랑받는\n순경 아저씨。\n조금 마음이 약해 휩쓸리기 쉽지만\n친절하고 직무에 충실하다。\n비번일 때는 연습에 참가하는데\n요즘 좀 지쳐 보인다。
0x3265C4	31	0x32ECEC	24	No\008\0\0\0\0\0\0\0\0佐和田\0\0\0\0\0\0\0	No\008\0\0\0\0\0\0\0\0사와다\0\0\0\0\0\0\0
0x326004	29	0x32ECEC	25	佐和田\0勝（さわだまさる）\0\0\0\0\0\0\0\0\0\0\0	사와다 마사루（사와다마사루）\0\0\0\0\0\0\0\0\0\0\0
0x32AF3C	166	0x32ECEC	26	かって、無名の花丸高校を全国優勝に\n導いた監督。優勝の年に監督をやめた。\nしばらく無為な日々をすごしていたが、\n知り合いの紹介でビクトリーズに\n監督としてやってきた。\n何事にもやる気の見られない男だが\nむしろ以前よりも人生を\n楽しんでいるのかもしれない。	일찍이 무명의 하나마루 고교를 전국우승으로\n이끈 감독。우승한 해에 감독을 그만뒀다。\n한동안 하는 일 없이 지냈지만、\n아는 사람의 소개로 빅토리즈에\n감독으로 오게 되었다。\n무슨 일에도 의욕이 없어 보이는 남자지만\n오히려 예전보다 인생을\n즐기고 있는지도 모른다。
0x326D3C	33	0x32ECEC	27	No\009\0\0\0\0\0\0\0\0寺門（表）\0\0\0\0\0\0\0	No\009\0\0\0\0\0\0\0\0지몬（표）\0\0\0\0\0\0\0
0x326944	32	0x32ECEC	28	寺門\0男（じもん\0だん）\0\0\0\0\0\0\0\0\0\0\0\0\0\0\0\0	지몬 단（지몬단）\0\0\0\0\0\0\0\0\0\0\0\0\0\0\0\0
0x32A12C	145	0x32ECEC	29	赤子のときに少森寺で拾われて、\n２０年以上も一歩も山の外に出ずに\n育った男。\n寺を飛び出した後、街でさまざまな\n洗礼を受けて、ブギウギ商店街に\nやってきた。\n街では誘惑が多いために太り始め\n拳法も昔ほどのキレがない。	갓난아기 때 소삼사에서 주워져、\n２０년 넘게 산 밖으로 한 발짝도 나가지 않고\n자란 남자。\n절을 뛰쳐나온 뒤 거리에서 온갖\n세례를 받고、부기우기 상점가로\n찾아왔다。\n거리엔 유혹이 많아 살이 찌기 시작했고\n권법도 예전만큼 날이 서 있지 않다。
0x326344	29	0x32ECEC	31	白\0徳仁（はく\0のりひと）\0\0\0\0\0\0\0\0\0\0\0\0	하쿠 노리히토（하쿠노리히토）\0\0\0\0\0\0\0\0\0\0\0\0
0x32B534	172	0x32ECEC	32	昔の人っぽいしゃべり方を好むが、\n単なる歴史マニア。\0理屈っぽいようで\nしばしば滅茶苦茶なことを言い出す。\nときどき自分で自分の言ってる事が\nわからなくなることも。\n外見からは想像できないがまだ２０代。\n意外と運動能力は高く、卓球なら\nブギウギ商店街最強の男。	옛사람 같은 말투를 즐겨 쓰지만、\n실은 그냥 역사 마니아。 따지는 것 같으면서\n종종 말도 안 되는 소리를 꺼낸다。\n가끔 자기가 무슨 말을 하고 있는지\n스스로도 모르게 될 때가 있다。\n겉보기와 달리 아직 ２０대。\n의외로 운동능력이 높아、탁구라면\n부기우기 상점가 최강의 남자。
0x325DC0	28	0x32ECEC	33	No\011\0\0\0\0\0\0\0\0ピエロ\0\0\0\0\0\0\0	No\011\0\0\0\0\0\0\0\0삐에로\0\0\0\0\0\0\0
0x3257BC	25	0x32ECEC	34	ピエロ（ぴえろ）\0\0\0\0\0\0\0\0\0\0\0\0\0\0\0\0	피에로（피에로）\0\0\0\0\0\0\0\0\0\0\0\0\0\0\0\0
0x329474	126	0x32ECEC	35	公演中なのに脱走し、町に来ていた、\n非常に迷惑な野ピエロ。\nしかし、ピエロだけあって手先は器用。\n誰が見ても怖いと思える顔なのに\n自分の事をカワイイと思っているところは\n尊敬したい部分である。	공연 중에 탈주해 마을에 와 있던、\n대단히 민폐인 들피에로。\n하지만 피에로답게 손재주는 좋다。\n누가 봐도 무서운 얼굴인데\n스스로를 귀엽다고 여기는 점은\n존경하고 싶은 부분이다。
0x325EF4	28	0x32ECEC	36	No\012\0\0\0\0\0\0\0\0ムシャ\0\0\0\0\0\0\0	No\012\0\0\0\0\0\0\0\0무샤\0\0\0\0\0\0\0
0x325444	22	0x32ECEC	37	ムシャ（むしゃ）\0\0\0\0\0\0\0\0\0\0\0\0\0	무샤（무샤）\0\0\0\0\0\0\0\0\0\0\0\0\0
0x32B284	169	0x32ECEC	38	突然助っ人として現れる謎の鎧武者。\nその正体は、かつて戦国時代に悪行の\n限りを尽くした荒武者であった。\nその所業のため河原で処刑されたが、\n死してなお罪を償うこととなる。\n以来、犯した罪の数だけ善行を積むべく\n現世をうろついている。\n嫌いなモノは犬。	갑자기 조력자로 나타나는 수수께끼의 갑옷무사。\n그 정체는 일찍이 전국시대에 온갖\n악행을 저지른 거친 무사였다。\n그 소행 때문에 강가에서 처형됐지만、\n죽어서도 죄를 갚게 되었다。\n그 뒤로 지은 죄의 수만큼 선행을 쌓으려\n이승을 떠돌고 있다。\n싫어하는 것은 개。
0x326164	29	0x32ECEC	39	No\013\0\0\0\0\0\0\0\0水間\0\0\0\0\0\0\0	No\013\0\0\0\0\0\0\0\0미즈마\0\0\0\0\0\0\0
0x327270	34	0x32ECEC	40	水間\0美偉斗（すいま\0びいと）\0\0\0\0\0\0\0\0\0\0\0\0\0	미즈마 비이토（스이마비이토）\0\0\0\0\0\0\0\0\0\0\0\0\0
0x32A4A8	150	0x32ECEC	41	かって甲子園にも行った豪腕投手だった\n今では\0地上で泳ぐただの変人である。\nそのきっかけも、彼女にいいところを\n見せようとしたという理由なので\nまったく同情もできない。\nちなみに本人は肉体美とか言っているが\nやせぎみで貧相な肉体である。	한때 고시엔에도 갔던 강속구 투수였다\n지금은 땅 위에서 헤엄치는 그냥 괴짜다。\n그 계기마저 여자친구에게 멋진 모습을\n보여주려 했다는 이유라서\n동정할 마음조차 들지 않는다。\n참고로 본인은 육체미 운운하지만\n마른 편에 볼품없는 몸이다。
0x326444	30	0x32ECEC	42	No\014\0\0\0\0\0\0\0\0電視\0\0\0\0\0\0\0\0	No\014\0\0\0\0\0\0\0\0덴시\0\0\0\0\0\0\0\0
0x327578	38	0x32ECEC	43	電視\0\0炎斬（でんし\0\0えんざん）\0\0\0\0\0\0\0\0\0\0\0\0\0\0\0\0	덴시 엔잔（덴시엔잔）\0\0\0\0\0\0\0\0\0\0\0\0\0\0\0\0
0x32AA1C	158	0x32ECEC	44	電脳世界（ネットゲーム）の王。\n電視炎斬という名前はそこで使わてれいる\nハンドルネーム。\nその世界では、ほぼ神扱い。\nプログラマーとしての能力は、\nかなり優秀でＰＣがあれば何でもできると\n思っている。\nなぜか持っているノートＰＣが落ちると\n自分も落ちてしまう。	전뇌세계（넷게임）의 왕。\n덴시엔잔이라는 이름은 거기서 쓰는\n핸들네임。\n그 세계에서는 거의 신 취급。\n프로그래머로서의 능력은\n꽤 뛰어나서 ＰＣ만 있으면 뭐든 된다고\n믿고 있다。\n어째선지 들고 다니는 노트북이 꺼지면\n자기도 같이 뻗어 버린다。
0x326124	29	0x32ECEC	45	No\015\0\0\0\0\0\0\0\0城田\0\0\0\0\0\0\0	No\015\0\0\0\0\0\0\0\0시로타\0\0\0\0\0\0\0
0x325848	25	0x32ECEC	46	城田\0鉄幹（しろた\0てっかん）\0\0\0\0\0	시로타 텟칸（시로타텟칸）\0\0\0\0\0
0x32A7A8	154	0x32ECEC	47	雪白家のお抱えシェフ。\n雪白家傘下のレストラン全体を\n取り仕切っている。\n雪白家に仕える元暗殺者で、\n現役時代には、牧村とのコンビで\n名を馳せていた。\nその時、使っていた肉切り包丁は、\n今でも宝物である。\nフレッシュ\0ミート！\n	유키시로 가문 전속 셰프。\n유키시로 가문 산하 레스토랑 전체를\n총괄하고 있다。\n유키시로 가문을 섬기던 전직 암살자로、\n현역 시절에는 마키무라와 콤비로\n이름을 날렸다。\n그때 쓰던 고기칼은\n지금도 보물이다。\n프레쉬 미트！\n
0x326744	31	0x32ECEC	48	No\016\0\0\0\0\0\0\0\0カニ怪人\0\0\0\0\0\0\0	No\016\0\0\0\0\0\0\0\0게 괴인\0\0\0\0\0\0\0
0x32551C	23	0x32ECEC	49	カニ怪人\0\0\0\0\0\0\0\0\0\0\0\0\0\0\0\0	게괴인\0\0\0\0\0\0\0\0\0\0\0\0\0\0\0\0
0x32BB74	182	0x32ECEC	50	元花丸高校の野球部の選手だったが\n自分のエラーで試合に負けたことを\n気に病んで失踪し、カニ怪人に\n改造された。\nその後、ワルクロ団の怪人として\n活躍したのだが、なぜかある日突然\n世間がそのことを忘れてしまった。\nその後、黒野博士たちと組んで\nネオ・ワルクロ団を旗上げした。\n	전 하나마루 고교 야구부 선수였지만\n자기 실책으로 시합에 진 것을\n자책하다 실종되어、게 괴인으로\n개조당했다。\n그 뒤 와루쿠로단의 괴인으로\n활약했지만、어째선지 어느 날 갑자기\n세상이 그 일을 잊어버렸다。\n이후 쿠로노 박사 일행과 손잡고\n네오・와루쿠로단을 세웠다。\n
0x326144	29	0x32ECEC	51	No\017\0\0\0\0\0\0\0\0武美\0\0\0\0\0\0\0	No\017\0\0\0\0\0\0\0\0타케미\0\0\0\0\0\0\0
0x3253CC	21	0x32ECEC	52	武美\0\0\0\0\0\0\0\0\0\0\0\0\0\0\0\0	타케미\0\0\0\0\0\0\0\0\0\0\0\0\0\0\0\0
0x32BE5C	186	0x32ECEC	53	大神グループが試作したネット操作目的の\n非合法活動用サイボーグ。\n人間の姿をしていることによるメリットが\nデメリットをカバーしきれなかった失敗作\nだが、脱走してからはその能力を活用して\nいろいろとお金を稼いでいた。\nコードネームはモバイルレディ。\nなお、ハッピーエンドが大嫌いで\nホテルの待合室が好き。	오가미 그룹이 시작품으로 만든\n넷 조작용 비합법 활동 사이보그。\n인간의 모습을 하고 있어 얻는 이점이\n단점을 덮지 못한 실패작이지만、\n탈주한 뒤로는 그 능력을 살려\n이런저런 방법으로 돈을 벌고 있었다。\n코드네임은 모바일 레이디。\n참고로 해피엔드를 아주 싫어하고\n호텔 대기실을 좋아한다。
0x326064	29	0x32ECEC	54	No\018\0\0\0\0\0\0\0\0貴子\0\0\0\0\0\0\0	No\018\0\0\0\0\0\0\0\0타카코\0\0\0\0\0\0\0
0x3257D8	25	0x32ECEC	55	山下\0貴子（やました\0たかこ）\0\0\0\0\0	야마시타 타카코\0\0\0\0\0
0x328600	90	0x32ECEC	56	１８歳の高校生。\n大学に行きたいが、家のことを考えると\n働かないとなぁ～と思っている。\nあまり異性を意識しない、元気な子。\n・・・しかし・・・	１８세 고등학생。\n대학에 가고 싶지만、집안 사정을 생각하면\n일해야겠다～고 생각하고 있다。\n이성을 별로 의식하지 않는 씩씩한 아이。\n・・・하지만・・・
0x326104	29	0x32ECEC	57	No\019\0\0\0\0\0\0\0\0夏菜\0\0\0\0\0\0\0	No\019\0\0\0\0\0\0\0\0카나\0\0\0\0\0\0\0
0x326904	32	0x32ECEC	58	霧生\0夏菜（きりゅう\0かな）\0\0\0\0\0\0\0\0\0\0\0\0\0	키류 카나（키류카나）\0\0\0\0\0\0\0\0\0\0\0\0\0
0x32ADEC	165	0x32ECEC	59	レストランで働く女の子。\nレストランの裏でよく見かけるが\n決してサボっているわけではない。\n父親が、雪白家お抱えの暗殺者だったが\nそのことは、知らされていないし、\n知る機会が訪れることもない。\n父親から貰った、くまのぬいぐるみは、\nもう一度縫い直して大切に飾っている。	레스토랑에서 일하는 여자아이。\n레스토랑 뒤편에서 자주 보이지만\n결코 농땡이를 부리는 건 아니다。\n아버지가 유키시로 가문 전속 암살자였지만\n그 사실은 전해 듣지 못했고、\n알게 될 기회가 찾아오지도 않는다。\n아버지에게 받은 곰인형은\n다시 꿰매어 소중히 장식해 두고 있다。
0x325B20	27	0x32ECEC	60	No\020\0\0\0\0\0\0\0\0ちよ\0\0\0\0\0\0\0	No\020\0\0\0\0\0\0\0\0치요\0\0\0\0\0\0\0
0x325B58	27	0x32ECEC	61	温水\0ちよ（ぬくみず\0ちよ）\0\0\0\0\0\0\0\0\0\0	누쿠미즈 치요（누쿠미즈치요）\0\0\0\0\0\0\0\0\0\0
0x32BA0C	180	0x32ECEC	62	女優として成功する日を夢見て\0演劇を\nしている女の子。バイトで稼いだお金は\n劇団活動費に消えるので質素な生活を\nしている。\0\0これまで多くの苦労を、\n演技の勉強と割り切って乗り越えてきた\n芸名は「流れ星ポエ夢」。\n劇団では看板女優を務め、割とファンも\nいるようだ。	여배우로 성공할 날을 꿈꾸며 연극을\n하는 여자아이。알바로 번 돈은\n극단 활동비로 사라져 검소하게 살고\n있다。 지금까지 숱한 고생을\n연기 공부라 여기며 견뎌 왔다\n예명은「별똥별 포에무」。\n극단에서는 간판 여배우를 맡고 있고 팬도\n꽤 있는 모양이다。
0x326244	29	0x32ECEC	63	No\021\0\0\0\0\0\0\0\0維織\0\0\0\0\0\0\0	No\021\0\0\0\0\0\0\0\0이오리\0\0\0\0\0\0\0
0x327468	36	0x32ECEC	64	野崎\0\0維織（のざき\0いおり）\0\0\0\0\0\0\0\0\0\0\0\0\0\0\0\0	노자키 이오리（노자키이오리）\0\0\0\0\0\0\0\0\0\0\0\0\0\0\0\0
0x32C54C	206	0x32ECEC	65	近年、ＩＴ業界で急成長した\n「NOZAKIグローバルシステム」の\n社長令嬢にして次期社長。\nもともと天才肌であるうえに、子供の頃\nからの英才教育でいろんな方面で世界中に\n名を残しているが、その正体はダメモード\n全開のめんどくさい星人である。\n社長就任後は、大好きな本が読めないので\nかなり不満らしい。	근래 ＩＴ업계에서 급성장한\n「노자키 글로벌 시스템」의\n사장 영애이자 차기 사장。\n원래 천재 기질인 데다 어릴 적부터\n받은 영재교육으로 여러 방면에서 세계에\n이름을 남겼지만、그 정체는 폐인 모드\n풀가동인 성가신 별나라 사람이다。\n사장 취임 뒤로는 좋아하는 책을 못 읽어\n꽤 불만인 모양이다。
0x3265A4	31	0x32ECEC	66	No\022\0\0\0\0\0\0\0\0奈津姫\0\0\0\0\0\0\0	No\022\0\0\0\0\0\0\0\0나츠히메\0\0\0\0\0\0\0
0x325DDC	28	0x32ECEC	67	神田\0奈津姫（かんだ\0なつき）\0\0\0\0\0\0\0	칸다 나츠키（칸다나츠키）\0\0\0\0\0\0\0
0x3287D0	94	0x32ECEC	68	カンタ君のお母さん。\nカレーショップ「カシミール」の経営者。\nカレーは一人前６５０円から。\nときどき雑誌に紹介されることもあり、\n昼時には行列ができる。	칸타 군의 어머니。\n카레 가게「카시미르」의 경영자。\n카레는 １인분 ６５０엔부터。\n가끔 잡지에 소개되기도 해서、\n점심때면 줄이 늘어선다。
0x326484	30	0x32ECEC	69	No\023\0\0\0\0\0\0\0\0ゴルトマン\0\0\0\0\0\0\0	No\023\0\0\0\0\0\0\0\0골트만\0\0\0\0\0\0\0
0x3253B8	20	0x32ECEC	70	ゴルトマン・シャムール\0\0\0\0\0\0\0\0	골트만・샤무르\0\0\0\0\0\0\0\0
0x328890	97	0x32ECEC	71	ジャジメントグループのオーナーにして\n今回の事件の黒幕。\n冷徹で計算高い男だが、法を犯すような\nことは好まない。\n大神グループと敵対する勢力の一つ。	저지먼트 그룹의 오너이자\n이번 사건의 흑막。\n냉철하고 계산적인 남자지만、법을 어기는\n일은 좋아하지 않는다。\n오가미 그룹과 적대하는 세력 중 하나。
0x325D34	28	0x32ECEC	72	No\024\0\0\0\0\0\0\0\0ルッカ\0\0\0\0\0\0\0	No\024\0\0\0\0\0\0\0\0루카\0\0\0\0\0\0\0
0x325390	20	0x32ECEC	73	ルッカ\0\0\0\0\0\0\0\0\0\0\0\0\0\0\0\0	루카\0\0\0\0\0\0\0\0\0\0\0\0\0\0\0\0
0x328550	86	0x32ECEC	74	ゴルトマン会長の秘書。\nジャジメントグループ繁栄のために\nいろいろと重要な仕事をしているのだが\n今回は会長のお供として日本に来ただけ。	골트만 회장의 비서。\n저지먼트 그룹의 번영을 위해\n여러 중요한 일을 하고 있지만\n이번엔 회장을 수행해 일본에 왔을 뿐。
0x326364	29	0x32ECEC	75	No\025\0\0\0\0\0\0\0\0太田\0\0\0\0\0\0\0	No\025\0\0\0\0\0\0\0\0오타\0\0\0\0\0\0\0
0x326184	29	0x32ECEC	76	太田\0洋将（おおた\0ひろまさ）\0\0\0\0\0\0\0\0\0	오타 히로마사\0\0\0\0\0\0\0\0\0
0x329984	133	0x32ECEC	77	ジャジメントスーパー遠前支店の店長。\nゴルトマン会長の命令通りに\n普通に商売していれば勝てるのに、\nついつい汚い作戦を実行してしまい、\nかえって商店街を盛り上げてしまった。\n無能で調子に乗りやすい男。	저지먼트 슈퍼 토오마에 지점장。\n골트만 회장의 지시대로\n평범하게 장사했으면 이겼을 텐데、\n자꾸 치사한 작전을 실행해 버려서\n오히려 상점가를 흥하게 만들었다。\n무능하고 우쭐대기 쉬운 남자。
0x32724C	34	0x32ECEC	78	No\026\0\0\0\0\0\0\0\0スーパーの店員\0\0\0\0\0\0\0	No\026\0\0\0\0\0\0\0\0슈퍼 점원\0\0\0\0\0\0\0
0x3259B4	26	0x32ECEC	79	スーパーの店員\0\0\0\0\0\0\0\0\0\0\0\0\0\0\0\0	슈퍼 점원\0\0\0\0\0\0\0\0\0\0\0\0\0\0\0\0
0x328414	75	0x32ECEC	80	ジャジメントスーパー繁栄のために\n一生懸命働く社員。\n無能な上司にもめげず、自宅の\nローン完済のためにがんばる。\n	저지먼트 슈퍼의 번영을 위해\n열심히 일하는 사원。\n무능한 상사에도 굴하지 않고、집\n대출을 다 갚으려고 애쓴다。\n
0x3252C8	18	0x32ECEC	82	椿（つばき）\0\0\0\0\0\0\0\0\0\0	츠바키（츠바키）\0\0\0\0\0\0\0\0\0\0
0x32B740	176	0x32ECEC	83	金で動く、トラブル解決屋。\nトラブルの種を自分でばらまいたり\n対立を\0あおって仕事を作ろうとする。\n主人公とはライバル関係で、屋外生活の\n達人。楽して手段を選ばず安全に勝つ、\nがモットー。\n得意な武器は、棒術とギター（武器）。\n立ち直りと逃げ足が異常に早い。	돈으로 움직이는 트러블 해결사。\n트러블의 씨앗을 스스로 뿌리거나\n대립을 부추겨 일감을 만들려 한다。\n주인공과는 라이벌 관계이고、야외 생활의\n달인。편하게、수단 안 가리고、안전하게\n이긴다가 모토。\n잘 쓰는 무기는 봉술과 기타（무기）。\n회복과 도망 속도가 비정상적으로 빠르다。
0x3262E4	29	0x32ECEC	84	No\028\0\0\0\0\0\0\0\0番長\0\0\0\0\0\0\0	No\028\0\0\0\0\0\0\0\0반장\0\0\0\0\0\0\0
0x325504	23	0x32ECEC	85	番長（バンチョー）\0\0\0\0\0\0\0\0\0\0\0	반장（반쵸）\0\0\0\0\0\0\0\0\0\0\0
0x327FE4	51	0x32ECEC	86	椿の仕事仲間の１人。\n好きなものはカレー。\nだが、激辛は胃腸が弱いのでダメ。	츠바키의 일 동료 중 한 명。\n좋아하는 것은 카레。\n다만 위장이 약해 매운맛은 못 먹는다。
0x3264A4	30	0x32ECEC	87	No\029\0\0\0\0\0\0\0\0ソルジャー\0\0\0\0\0\0\0	No\029\0\0\0\0\0\0\0\0솔저\0\0\0\0\0\0\0
0x32545C	22	0x32ECEC	88	ソルジャー\0\0\0\0\0\0\0\0\0\0\0\0\0\0\0\0	솔저\0\0\0\0\0\0\0\0\0\0\0\0\0\0\0\0
0x3280BC	59	0x32ECEC	89	椿の仕事仲間の１人。\n好きなものはナイフ。\nだが、逮捕されないように本物は\n持ち歩かない。	츠바키의 일 동료 중 한 명。\n좋아하는 것은 나이프。\n다만 체포되지 않으려고 진짜는\n들고 다니지 않는다。
0x325BAC	27	0x32ECEC	90	No\030\0\0\0\0\0\0\0\0ロボ\0\0\0\0\0\0\0	No\030\0\0\0\0\0\0\0\0로봇\0\0\0\0\0\0\0
0x325304	19	0x32ECEC	91	ロボ\0\0\0\0\0\0\0\0\0\0\0\0\0\0\0\0	로보\0\0\0\0\0\0\0\0\0\0\0\0\0\0\0\0
0x3280F8	59	0x32ECEC	92	椿の仕事仲間の１人。\n一見ロボットのようだが、\n中に誰かが入ってるだけ、という\nウワサもある。	츠바키의 일 동료 중 한 명。\n언뜻 로봇처럼 보이지만、\n안에 누가 들어가 있을 뿐이라는\n소문도 있다。
0x326E5C	33	0x32ECEC	93	No\031\0\0\0\0\0\0敵キャプテンその１\0\0\0\0\0\0\0	No\031\0\0\0\0\0\0적 선장 그１\0\0\0\0\0\0\0
0x32554C	23	0x32ECEC	94	狂犬ドッグスのキャプテン\0\0\0\0\0\0\0\0	광견독스의 주장\0\0\0\0\0\0\0\0
0x328B50	105	0x32ECEC	95	名前は安東\0大介（あんどう\0だいすけ）。\n昨年就職したばかりのフレッシュマン。\n真面目な性格で、誰にでも親切。\n世間でも会社でも評判のいい\n好青年である。	이름은 안도 다이스케（안도다이스케）。\n작년에 막 취직한 신입。\n성실한 성격에 누구에게나 친절하다。\n세간에서도 회사에서도 평판 좋은\n호청년이다。
0x326E80	33	0x32ECEC	96	No\032\0\0\0\0\0\0敵キャプテンその２\0\0\0\0\0\0\0	No\032\0\0\0\0\0\0적 선장 그２\0\0\0\0\0\0\0
0x3253E4	21	0x32ECEC	97	マックスパワーズのキャプテン\0\0\0\0\0\0	맥스파워즈의 주장\0\0\0\0\0\0
0x328958	98	0x32ECEC	98	名前は上村\0俊夫（うえむら\0としお）。\nマイホームパパで、６歳になる娘の\n写真をみんなに見せたがる。\n会社では理解のある上司として\n部下の信頼が厚い。	이름은 우에무라 토시오（우에무라토시오）。\n가정적인 아빠로、여섯 살 딸의\n사진을 모두에게 보여주고 싶어한다。\n회사에서는 이해심 있는 상사로\n부하들의 신뢰가 두텁다。
0x3261A4	29	0x32ECEC	99	No\033\0\0\0\0\0\0おもちゃ屋\0\0\0\0\0\0\0	No\033\0\0\0\0\0\0장난감 가게\0\0\0\0\0\0\0
0x325944	26	0x32ECEC	100	長谷島\0丸居（ハセシマ\0マルイ）\0\0\0\0	하세시마 마루이\0\0\0\0
0x32A00C	143	0x32ECEC	101	ブギウギ商店街の隠れた名スポット\n「ハセシマ模型」の主人。\n一部マニアの間では、日本のどこかに\n昔のおもちゃが詰まった倉庫を\n持っていると言われている。\n小金を貯めていて、将来の夢は\n前方後円墳型のお墓を建てること。	부기우기 상점가의 숨은 명소\n「하세시마 모형」의 주인。\n일부 마니아 사이에서는 일본 어딘가에\n옛날 장난감이 가득한 창고를\n갖고 있다는 말이 돈다。\n돈을 조금씩 모으고 있고、장래 꿈은\n전방후원분 모양의 무덤을 세우는 것。
0x325AE8	27	0x32ECEC	102	No\034\0\0\0\0\0\0\0\0さち\0\0\0\0\0\0\0	No\034\0\0\0\0\0\0\0\0사치\0\0\0\0\0\0\0
0x32542C	22	0x32ECEC	103	向井\0幸（むかい\0さち）\0\0\0\0\0\0	무카이 사치\0\0\0\0\0\0
0x3282FC	67	0x32ECEC	104	ブギウギ商店街のパワフルおばさん。\n何をしても許されるような\nそういう雰囲気がある。\n服の趣味はとても悪い。	부기우기 상점가의 파워풀한 아주머니。\n무슨 짓을 해도 용서받을 것 같은\n그런 분위기가 있다。\n옷 취향은 아주 나쁘다。
0x3264C4	30	0x32ECEC	105	No\035\0\0\0\0\0\0夏菜の父\0\0\0\0\0\0\0	No\035\0\0\0\0\0\0카나의 아버지\0\0\0\0\0\0\0
0x326024	29	0x32ECEC	106	霧生\0啓助（きりゅう\0けいすけ）\0\0\0\0\0\0\0\0	키류 케이스케（키류케이스케）\0\0\0\0\0\0\0\0
0x32BAC0	180	0x32ECEC	107	夏菜の父親で\0考古学者。\n調査、資料集め等で世界を忙しく\n飛びまわっている。\n温和な顔からは想像できないが、\n雪白家お抱えの現役暗殺者。\n雪白家からの離反を企てるが、\n協力者ともども闇に葬られた。\n表向きには、自殺とされているが、\n牧村に殺害されている。\n	카나의 아버지이자 고고학자。\n조사와 자료 수집 등으로 세계를 바쁘게\n돌아다니고 있다。\n온화한 얼굴로는 상상할 수 없지만、\n유키시로 가문 전속 현역 암살자。\n유키시로 가문에서 이탈을 꾀했지만、\n협력자와 함께 어둠에 묻혔다。\n표면적으로는 자살로 되어 있지만、\n마키무라에게 살해당했다。\n
0x325FE4	29	0x32ECEC	108	No\036\0\0\0\0\0\0\0\0安藤\0\0\0\0\0\0\0	No\036\0\0\0\0\0\0\0\0안도\0\0\0\0\0\0\0
0x3264E4	30	0x32ECEC	109	安藤\0良一（あんどう\0りょういち）\0\0\0\0\0\0\0\0	안도 료이치（안도료이치）\0\0\0\0\0\0\0\0
0x328EC0	117	0x32ECEC	110	レストランで働く\0ウェイター。\n休憩中の夏菜を呼びに来るのが\n仕事・・・ではない。\n店員は、もう少したくさんいるはずだが\nレストランで登場するのは、\n安藤、岩井、霧生の三人だけである。\n	레스토랑에서 일하는 웨이터。\n휴식 중인 카나를 부르러 오는 게\n일・・・은 아니다。\n점원은 더 많이 있을 텐데\n레스토랑에 등장하는 건\n안도、이와이、키류 세 사람뿐이다。\n
0x3261C4	29	0x32ECEC	111	No\037\0\0\0\0\0\0\0\0岩井\0\0\0\0\0\0\0	No\037\0\0\0\0\0\0\0\0이와이\0\0\0\0\0\0\0
0x325EBC	28	0x32ECEC	112	岩井\0邦彦（いわい\0くにひこ）\0\0\0\0\0\0\0\0	이와이 쿠니히코\0\0\0\0\0\0\0\0
0x328C28	108	0x32ECEC	113	レストラン\0ブランネージュの\n店長兼料理長。\n年中無休のレストランを、がんばって\n経営している。\nこのレストランは、名前からも\n判るように、雪白家傘下の\nレストランである。\n	레스토랑 블랑네주의\n점장 겸 요리장。\n연중무휴 레스토랑을 열심히\n경영하고 있다。\n이 레스토랑은 이름에서도\n알 수 있듯 유키시로 가문 산하\n레스토랑이다。\n
0x326044	29	0x32ECEC	114	No\038\0\0\0\0\0\0\0\0晴継\0\0\0\0\0\0\0	No\038\0\0\0\0\0\0\0\0하루츠구\0\0\0\0\0\0\0
0x3261E4	29	0x32ECEC	115	雪白\0晴継（ゆきしろ\0はるつぐ）\0\0\0\0\0\0\0\0	유키시로 하루츠구\0\0\0\0\0\0\0\0
0x32A844	154	0x32ECEC	116	若いながらも、海外を中心に活動する\n大企業のトップである。\n自身の射撃の腕もさることながら、\n独自の情報網を使った、\n情報収集能力は、ずば抜けており、\n裏の社会でも一目置かれる存在である。\nしかし、妹の冬子には、かなり甘い。\n	젊은 나이에도 해외를 중심으로 활동하는\n대기업의 총수다。\n본인의 사격 실력도 대단하지만、\n독자적인 정보망을 활용한\n정보 수집 능력이 발군이라、\n뒷세계에서도 함부로 대하지 못하는 존재다。\n다만 여동생 후유코에게는 상당히 약하다。\n
0x3263C4	29	0x32ECEC	117	No\039\0\0\0\0\0\0\0\0牧村\0\0\0\0\0\0\0	No\039\0\0\0\0\0\0\0\0마키무라\0\0\0\0\0\0\0
0x326204	29	0x32ECEC	118	牧村\0耕造（まきむら\0こうぞう）\0\0\0\0\0\0\0\0	마키무라 코조（마키무라코조）\0\0\0\0\0\0\0\0
0x329028	118	0x32ECEC	119	雪白家の執事。\n雪白家に仕える元暗殺者。\n現役を退いた今でも、\nその腕前は、衰える事がない。\nお見合いが嫌だからといって\n牧村を撒ける冬子お嬢様は\nすごいのかもしれない。\n	유키시로 가문의 집사。\n유키시로 가문을 섬기던 전직 암살자。\n현역에서 물러난 지금도\n그 실력은 조금도 녹슬지 않았다。\n맞선이 싫다는 이유로\n마키무라를 따돌리는 후유코 아가씨는\n어쩌면 대단한지도 모른다。\n
0x326924	32	0x32ECEC	120	No\040\0\0\0\0\0\0\0\0貴子の父\0\0\0\0\0\0\0	No\040\0\0\0\0\0\0\0\0타카코의 아버지\0\0\0\0\0\0\0
0x3259EC	26	0x32ECEC	121	山下\0隆雄（やました\0たかお）\0\0\0\0\0\0	야마시타 타카오\0\0\0\0\0\0
0x328A84	100	0x32ECEC	122	貴子ちゃんのお父さん。\n米屋を営んでいる。\nスーパーの安いお米に対抗して\n配達サービスを充実させたのだが、\n無理をして腰を痛めてしまった。\nしかも、その上・・・	타카코의 아버지。\n쌀가게를 하고 있다。\n슈퍼의 싼 쌀에 맞서려고\n배달 서비스를 늘렸지만、\n무리하다 허리를 다치고 말았다。\n게다가 그 위에・・・
0x326224	29	0x32ECEC	123	No\041\0\0\0\0\0\0\0\0官藤\0\0\0\0\0\0\0	No\041\0\0\0\0\0\0\0\0칸도\0\0\0\0\0\0\0
0x3255C4	23	0x32ECEC	124	官藤\0吐夢（くどう\0とむ）\0\0\0\0\0	쿠도 토무（쿠도토무）\0\0\0\0\0
0x32A09C	144	0x32ECEC	125	劇団「アタッテ砕けろ」の劇団員。\n一応\0毎公演で、主役を務める。\n前に劇団の公演で温水ちよとキスをした\nことがあり、それ以来ちよに好意を抱く。\n演技はそこそこうまく、ファンも\nついているようだ。\n芸名は「雪乃丞華丸」	극단「부딪쳐 부서져라」의 단원。\n일단 매 공연에서 주역을 맡는다。\n전에 극단 공연에서 누쿠미즈 치요와 키스한\n적이 있어、그 뒤로 치요에게 호감을 품는다。\n연기는 그럭저럭 괜찮고 팬도\n붙어 있는 모양이다。\n예명은「유키노조 하나마루」
0x325A08	26	0x32ECEC	127	夏目\0\0准（なつめ\0じゅん）\0\0\0\0\0\0\0\0	나츠메 준（나츠메준）\0\0\0\0\0\0\0\0
0x32B8A4	178	0x32ECEC	128	アンティーク喫茶のウエイトレス。\n本人はコスプレ願望はそれ程ないが、\nメイドの格好はしたかったらしい。\n夢は衣服関係のブランドを立ち上げ、\n世界一になる事だが、\n次期社長である維織の数少ない友人の時点\nで、すでに成功は決まっているようなもの\nである。\n世の中、運も大事です。	앤티크 찻집의 웨이트리스。\n본인은 코스프레 욕심이 그리 없지만、\n메이드 복장은 해 보고 싶었던 모양。\n꿈은 의류 브랜드를 세워\n세계 제일이 되는 것이지만、\n차기 사장인 이오리의 몇 안 되는 친구인 시점\n에서 이미 성공은 정해진 것이나\n다름없다。\n세상은 운도 중요합니다。
0x325E84	28	0x32ECEC	129	No\043\0\0\0\0\0\0\0\0マスター\0\0\0\0\0\0	No\043\0\0\0\0\0\0\0\0마스터\0\0\0\0\0\0
0x325E14	28	0x32ECEC	130	世納\0\0香太（せのう\0こうた）\0\0\0\0\0\0\0\0	세노 코타（세노코타）\0\0\0\0\0\0\0\0
0x3294F4	126	0x32ECEC	131	アンティーク喫茶のマスター。\n実は維織を小さい頃から見守ってきた\n付き人であり、野崎家の執事でもある。\n晩年は維織にお願いし、准が辞めても\nアンティーク喫茶のマスターとして、\nのんびり過ごしている。	앤티크 찻집의 마스터。\n사실은 이오리를 어릴 적부터 지켜봐 온\n수행인이자 노자키 가문의 집사이기도 하다。\n말년에는 이오리에게 부탁해、준이 그만둔 뒤에도\n앤티크 찻집의 마스터로서\n느긋하게 지내고 있다。
0x326784	31	0x32ECEC	132	No\044\0\0\0\0\0\0\0\0田西君\0\0\0\0\0\0\0	No\044\0\0\0\0\0\0\0\0타니시 군\0\0\0\0\0\0\0
0x3252B4	18	0x32ECEC	133	田西（たにし）\0\0\0\0\0\0\0\0	타니시（타니시）\0\0\0\0\0\0\0\0
0x3257F4	25	0x32ECEC	134	・・・あれ？\n今回、こんな奴出てたっけ？	・・・어라？\n이번에 이런 녀석 나왔던가？
0x326504	30	0x32ECEC	135	No\045\0\0\0\0\0\0\0\0アルベルト\0\0\0\0\0\0\0	No\045\0\0\0\0\0\0\0\0알베르토\0\0\0\0\0\0\0
0x32532C	19	0x32ECEC	136	アルベルト（あるべると）\0\0\0\0\0\0	알베르토\0\0\0\0\0\0
0x326FA0	33	0x32ECEC	137	野球好きの変人。\n最近、出番が少なくなった。	야구를 좋아하는 괴짜。\n요즘 출연이 뜸해졌다。
0x326764	31	0x32ECEC	138	No\046\0\0\0\0\0\0\0\0フグ怪人\0\0\0\0\0\0\0	No\046\0\0\0\0\0\0\0\0복어 괴인\0\0\0\0\0\0\0
0x325474	22	0x32ECEC	139	フグ怪人（ふぐかいじん）\0\0\0\0\0\0\0	복어괴인（후구카이진）\0\0\0\0\0\0\0
0x3285A8	88	0x32ECEC	140	ネオ・ワルクロ団の幹部として\n日夜\0悪巧みに精を出している。\n（「悪事」に、ではない。）\n近所のフグ料理店で、ときどき\nアルバイトをしている。	네오・와루쿠로단 간부로서\n밤낮으로 흉계 짜기에 힘쓰고 있다。\n（「악행」에、가 아니다。）\n근처 복어요리점에서 가끔\n아르바이트를 하고 있다。
0x325E30	28	0x32ECEC	141	No\047\0\0\0\0\0\0\0\0かねお\0\0\0\0\0\0\0	No\047\0\0\0\0\0\0\0\0카네오\0\0\0\0\0\0\0
0x325624	24	0x32ECEC	142	荒井\0金男（あらい\0かねお）\0\0\0\0\0	아라이 카네오\0\0\0\0\0
0x325654	24	0x32ECEC	143	む～～～～～ん。\nいつもと同じなんだなぁ～。	흐～～～～～음。\n늘 똑같은 거야～。
0x325E4C	28	0x32ECEC	144	No\048\0\0\0\0\0\0\0\0ぎんじ\0\0\0\0\0\0\0	No\048\0\0\0\0\0\0\0\0긴지\0\0\0\0\0\0\0
0x325BC8	27	0x32ECEC	145	荒井\0銀二（あらい\0ぎんじ）\0\0\0\0\0\0\0\0	아라이 긴지（아라이긴지）\0\0\0\0\0\0\0\0
0x325564	23	0x32ECEC	146	む～～～～～～～ん。\nマンネリなんだなぁ～。	흐～～～～～～～음。\n매너리즘인 거야～。
0x325E68	28	0x32ECEC	147	No\049\0\0\0\0\0\0\0\0パルオ\0\0\0\0\0\0\0	No\049\0\0\0\0\0\0\0\0파루오\0\0\0\0\0\0\0
0x325810	25	0x32ECEC	148	荒井\0晴夫（あらい\0パルオ）\0\0\0\0\0\0	아라이 하루오\0\0\0\0\0\0
0x325DF8	28	0x32ECEC	149	む～～～～～～～～～ん。\nでも、それでいいんだなぁ～。	흐～～～～～～～～～음。\n그래도 그걸로 된 거야～。
0x326264	29	0x32ECEC	150	No\050\0\0\0\0\0\0\0\0凡田\0\0\0\0\0\0\0	No\050\0\0\0\0\0\0\0\0본다\0\0\0\0\0\0\0
0x325BE4	27	0x32ECEC	151	凡田\0大介（ぼんだ\0だいすけ）\0\0\0\0\0\0\0	본다 다이스케（본다다이스케）\0\0\0\0\0\0\0
0x32AB5C	161	0x32ECEC	152	ついにこの男も４０歳。\n凡田博物館の経営者にして、プロ球団\nモグラーズ（現ホッパーズ）の元選手。\nマニアの道は一日にしてならず、\nただ墓場まで続くのみ。\nサクセス中に名前のみ登場する亀田、湯田\nと共に、パワポケシリーズ常連の\n矢部一族の１人。	드디어 이 남자도 ４０세。\n본다 박물관의 경영자이자 프로구단\n모그라즈（현 호퍼즈）의 전 선수。\n마니아의 길은 하루아침에 이뤄지지 않고、\n그저 무덤까지 이어질 뿐。\n석세스 중에 이름만 등장하는 카메다、유다\n와 함께、파워포케 시리즈 단골인\n야베 일족의 １인。
0x3252DC	18	0x32ECEC	154	ワン公（わんこう）\0\0\0\0\0\0\0	멍멍이（완코）\0\0\0\0\0\0\0
0x3292F8	122	0x32ECEC	155	遠前町でよく見かけられた野良犬。\n以前、車にはねられた時の傷跡が\n体にはっきりと残っている。\n見た目が怖いので、あまり好かれて\nいなかったが、いなくなってみると\nさびしく感じる町の人も多いようだ。	토오마에 마을에서 자주 보이던 들개。\n예전에 차에 치였을 때의 흉터가\n몸에 뚜렷이 남아 있다。\n생김새가 무서워 별로 사랑받지는\n못했지만、막상 사라지고 나니\n허전해하는 동네 사람도 많은 듯하다。
0x326284	29	0x32ECEC	156	No\052\0\0\0\0\0\0\0\0ダチョウ\0\0\0\0\0\0\0	No\052\0\0\0\0\0\0\0\0타조\0\0\0\0\0\0\0
0x32566C	24	0x32ECEC	157	ダチョウ（英語でオストリッチ）\0\0\0\0\0\0	타조（영어로 오스트리치）\0\0\0\0\0\0
0x328A20	99	0x32ECEC	158	最近一般的になってきた健康食材。\nペットとして飼っている人も\n世の中にはいるらしい。\n日本のダチョウ牧場には、\n人間を乗せてレースをしている\nところもある。	최근 흔해진 건강 식재료。\n애완동물로 기르는 사람도\n세상엔 있는 모양이다。\n일본의 타조 목장 중에는\n사람을 태우고 레이스를 하는\n곳도 있다。
0x327420	35	0x32ECEC	159	No\053\0\0\0\0\0\0\0\0主人公（裏）\0\0\0\0\0\0\0	No\053\0\0\0\0\0\0\0\0주인공（리）\0\0\0\0\0\0\0
0x325340	19	0x32ECEC	160	主人公（裏）\0\0\0\0\0\0\0\0	주인공（뒤）\0\0\0\0\0\0\0\0
0x3290A0	118	0x32ECEC	161	父の仇を討つべく、自分が設計した\n宇宙船で連邦に立ち向かう男。\nまだ経験が浅いが、宇宙船の操縦技能も\n地上での戦闘能力もかなりのもの。\n宇宙をまたにかけて活躍する。	아버지의 원수를 갚기 위해 스스로 설계한\n우주선으로 연방에 맞서는 남자。\n아직 경험은 얕지만 우주선 조종 기술도\n지상 전투 능력도 상당한 수준。\n우주를 누비며 활약한다。
0x326404	29	0x32ECEC	162	No\054\0\0\0\0\0\0\0\0親友\0\0\0\0\0\0\0	No\054\0\0\0\0\0\0\0\0친구\0\0\0\0\0\0\0
0x324B14	12	0x32ECEC	163	オチタ\0\0\0\0\0\0\0\0	오치타\0\0\0\0\0\0\0\0
0x32B958	178	0x32ECEC	164	主人公の親友。\n平和主義者なので戦闘になると\nいち早く安全な場所に避難してしまう。\nだが、航法士・整備士としての腕前は\nたいしたものである。\nゲーム中では述べられていないが\n食事や宿泊費用、宇宙港の停泊代金\nなどはすべて彼が管理している。\n縁の下の力持ち。	주인공의 친구。\n평화주의자라 전투가 벌어지면\n누구보다 먼저 안전한 곳으로 피한다。\n하지만 항법사・정비사로서의 솜씨는\n대단한 수준이다。\n게임 중에 언급되지는 않지만\n식비와 숙박비、우주항 정박료\n같은 것은 전부 그가 관리하고 있다。\n보이지 않는 곳의 일꾼。
0x325EA0	28	0x32ECEC	165	No\055\0\0\0\0\0\0\0社員\0\0\0\0\0\0\0	No\055\0\0\0\0\0\0\0사원\0\0\0\0\0\0\0
0x324C40	13	0x32ECEC	166	ヒラヤマ\0\0\0\0\0\0\0\0	히라야마\0\0\0\0\0\0\0\0
0x32B488	170	0x32ECEC	167	ペラヘブンのワギリ造船の社員。\n宇宙船を売った場合、その製造会社の\n社員が一定期間メンテナンスを担当する\nのが、この宇宙での慣行である。\nペラヘブンの典型的なヘタレ社員だが\n主人公の影響により、少しずつ\nペラヘブン人らしくない行動を\nとるようになっていった。	페라헤븐 와기리 조선의 사원。\n우주선을 팔면 그 제조사의 사원이\n일정 기간 정비를 담당하는 것이\n이 우주의 관행이다。\n페라헤븐의 전형적인 소심한 사원이지만\n주인공의 영향으로 조금씩\n페라헤븐인답지 않은 행동을\n하게 되어 갔다。
0x325C1C	27	0x32ECEC	168	No\056\0\0\0\0\0\0\0セレブ\0\0\0\0\0\0\0	No\056\0\0\0\0\0\0\0셀럽\0\0\0\0\0\0\0
0x324AB4	12	0x32ECEC	169	アヤカ\0\0\0\0\0\0\0\0	아야카\0\0\0\0\0\0\0\0
0x32BF18	193	0x32ECEC	170	ペラヘブンの新興企業家。\nとはいえ、庶民の出ではなく\n生まれたときから経営者となるべく\n帝王学の教育がなされてきた。\nそして、親から勉強用に渡された資産を\n爆発的に増殖させて強引に独立。\n他の企業の経営者からは警戒されて\nなにかといじめの対象になっているが\nそれに打ち勝つ強さも持っている。	페라헤븐의 신흥 기업가。\n그렇다고 서민 출신은 아니고\n태어날 때부터 경영자가 되도록\n제왕학 교육을 받아 왔다。\n그리고 부모가 공부용으로 준 자산을\n폭발적으로 불려 밀어붙여 독립했다。\n다른 기업 경영자들에게 경계를 받아\n이런저런 견제의 표적이 되고 있지만\n그것을 이겨낼 강함도 지니고 있다。
0x3267C4	31	0x32ECEC	171	No\057\0\0\0\0\0\0\0\0放浪者\0\0\0\0\0\0\0	No\057\0\0\0\0\0\0\0\0방랑자\0\0\0\0\0\0\0
0x324E20	14	0x32ECEC	172	アルベルト\0\0\0\0\0\0\0\0	알베르토\0\0\0\0\0\0\0\0
0x3281F0	64	0x32ECEC	173	宇宙一の野球好き。\nその素性は謎に包まれているが、\nディープグリーンの議長の兄だと\n言われている。	우주 제일의 야구광。\n그 정체는 수수께끼에 싸여 있지만、\n딥그린 의장의 형이라고\n전해진다。
0x326964	32	0x32ECEC	174	No\058\0\0\0\0\0\0マッドサイエンティスト\0\0\0\0\0	No\058\0\0\0\0\0\0매드 사이언티스트\0\0\0\0\0
0x324CD0	13	0x32ECEC	175	エーベル\0\0\0\0\0\0\0\0	에벨\0\0\0\0\0\0\0\0
0x328E4C	113	0x32ECEC	176	天才科学者。\nマッド科学大会で何度も賞を受賞している\nつわもの。\nその純粋に科学的な思考は、一切の\n倫理観を受け付けない。\n言い換えると、かなり危険な人物。	천재 과학자。\n매드 과학 대회에서 몇 번이나 상을 받은\n강자。\n그 순수하게 과학적인 사고는 일체의\n윤리관을 받아들이지 않는다。\n바꿔 말하면 상당히 위험한 인물。
0x3270C0	33	0x32ECEC	177	No\059\0\0\0\0\0\0\0\0エースパイロット\0\0\0\0\0\0\0	No\059\0\0\0\0\0\0\0\0에이스 파일럿\0\0\0\0\0\0\0
0x324DF0	14	0x32ECEC	178	エドアルト\0\0\0\0\0\0\0\0	에도아르트\0\0\0\0\0\0\0\0
0x328C94	108	0x32ECEC	179	本名はエドゥアルト。\nでも、言いにくいので\0みんな\nエドとかエドアルトと呼んでいる。\n史上最高の天才パイロットであるが、\nどこか常人とは感覚がずれている。\n悪い奴じゃないのだが・・・	본명은 에두아르트。\n하지만 부르기 어려워서 다들\n에드나 에도아루토라고 부른다。\n사상 최고의 천재 파일럿이지만、\n어딘가 보통 사람과 감각이 어긋나 있다。\n나쁜 녀석은 아닌데・・・
0x32748C	36	0x32ECEC	180	No\060\0\0\0\0\0忍者（期待の新人）\0\0\0\0\0\0	No\060\0\0\0\0\0닌자（기대의 신인）\0\0\0\0\0\0
0x324AA8	11	0x32ECEC	181	エリ\0\0\0\0\0\0\0\0	에리\0\0\0\0\0\0\0\0
0x32A8E0	154	0x32ECEC	182	オーブールでタマコ（弐番）に\nスカウトされた天才少女。\n時間感覚を自在に操る龍眼の持ち主。\n現段階では単なるドジ忍者だが、\n能力の成長速度がすごいので、いずれ\n宇宙最強の戦士となる可能性がある。\n・・・あくまでも可能性だが。	오부르에서 타마코（２번）에게\n스카우트된 천재 소녀。\n시간 감각을 자유자재로 다루는 용안의 소유자。\n현 단계에서는 그냥 어설픈 닌자지만、\n능력 성장 속도가 굉장해서 언젠가\n우주 최강의 전사가 될 가능성이 있다。\n・・・어디까지나 가능성이지만。
0x326984	32	0x32ECEC	183	No\061\0\0\0\0\0\0\0\0ピカーリの神\0\0\0\0\0\0\0	No\061\0\0\0\0\0\0\0\0피카리의 신\0\0\0\0\0\0\0
0x324C80	13	0x32ECEC	184	オニザメ\0\0\0\0\0\0\0\0	오니자메\0\0\0\0\0\0\0\0
0x328830	96	0x32ECEC	185	前宇宙一美しいオトコ。\n現在は宇宙一の座をメダチに渡し、\n隠居生活をしているが、\nピカーリでは神扱いを受けている。\n女性には一切興味がない。	전 우주 제일의 미남。\n지금은 우주 제일 자리를 메다치에게 넘기고\n은거 생활을 하고 있지만、\n피카리에서는 신 취급을 받고 있다。\n여성에게는 일절 관심이 없다。
0x32712C	33	0x32ECEC	186	No\062\0\0\0\0\0\0\0\0逃亡エスパー\0\0\0\0\0\0\0	No\062\0\0\0\0\0\0\0\0도망 에스퍼\0\0\0\0\0\0\0
0x324C30	13	0x32ECEC	187	カビンダ\0\0\0\0\0\0\0\0	카빈다\0\0\0\0\0\0\0\0
0x328DDC	109	0x32ECEC	188	強力すぎる超能力が災いして\n連邦から指名手配されたエスパー。\nちなみにあの髪の毛はカツラじゃなくて\n自毛であると、本人は主張している。\n・・・でも、ヒゲと色が違うよな・・・	너무 강력한 초능력이 화가 되어\n연방에 지명수배된 에스퍼。\n참고로 저 머리카락은 가발이 아니라\n자기 머리라고 본인은 주장한다。\n・・・근데 수염이랑 색이 다른데・・・
0x327294	34	0x32ECEC	189	No\063\0\0\0\0\0\0\0\0宇宙モンスター\0\0\0\0\0\0\0	No\063\0\0\0\0\0\0\0\0우주 몬스터\0\0\0\0\0\0\0
0x3253A4	20	0x32ECEC	190	シルバー（＋ゴールド）\0\0\0\0\0\0\0\0	실버（＋골드）\0\0\0\0\0\0\0\0
0x32C6F0	210	0x32ECEC	191	百年前に製造された寄生生物シルバーと\nあらゆる生命の可能性をもつ人工生命\n４０２号（ゴールド）の奇跡のコラボ。\n通常は人間の形態で戦っているが、\n本気になると手足の数を増やしたり、\n尻尾でなぐるわ\0羽根で空をとぶわ、\n口から強酸を吐くわと、なんでもあり。\n本当の体重は３００キロもあるが、\n重力制御でごまかしている。	백 년 전에 만들어진 기생생물 실버와\n온갖 생명의 가능성을 지닌 인공생명\n４０２호（골드）의 기적적인 합작。\n평소에는 인간 형태로 싸우지만、\n본격적으로 나서면 팔다리 수를 늘리고、\n꼬리로 후려치고 날개로 하늘을 날고、\n입에서 강산을 뿜는 등 뭐든 다 한다。\n진짜 체중은 ３００킬로나 되지만、\n중력 제어로 속이고 있다。
0x3267E4	31	0x32ECEC	192	No\064\0\0\0\0\0\0\0\0テクノロジスト\0\0\0\0\0\0	No\064\0\0\0\0\0\0\0\0테크놀로지스트\0\0\0\0\0\0
0x324B08	12	0x32ECEC	193	テラー\0\0\0\0\0\0\0\0	테라\0\0\0\0\0\0\0\0
0x32A540	150	0x32ECEC	194	一見マトモそうだが、実はマッドな人。\n生まれたときに量子演算機を持って\nこの世に出たと言われるぐらいの天才。\nそれゆえに人間関係に悩むことも多く\nついに故郷の大学を飛び出して\n宇宙を放浪するようになった。\n口調が女教師風。	언뜻 멀쩡해 보이지만 실은 매드한 사람。\n태어날 때 양자연산기를 손에 쥐고\n세상에 나왔다는 말이 돌 정도의 천재。\n그런 탓에 인간관계로 고민하는 일이 많아\n끝내 고향의 대학을 뛰쳐나와\n우주를 떠돌게 되었다。\n말투가 여교사풍。
0x326524	30	0x32ECEC	195	No\065\0\0\0\0\0\0賞金稼ぎ\0\0\0\0\0\0\0	No\065\0\0\0\0\0\0현상금 사냥꾼\0\0\0\0\0\0\0
0x324A78	11	0x32ECEC	196	トウコ\0\0\0\0\0\0\0	토우코\0\0\0\0\0\0\0
0x32B330	169	0x32ECEC	197	パストールの田舎町で育ったお嬢様。\n両親は、スパイス農場の経営者で\n連邦によって殺害されている。\n宇宙船の操縦が、たいへん個性的なので\n周りの友人から止められている。\n今は、アキミの道場で、生徒達に武術を\n教えながら、ミサキと共に\nのんびり生活している。	파스톨 시골 마을에서 자란 아가씨。\n부모는 향신료 농장 경영자였고\n연방에게 살해당했다。\n우주선 조종이 대단히 개성적이라\n주위 친구들이 말리고 있다。\n지금은 아키미의 도장에서 학생들에게 무술을\n가르치며、미사키와 함께\n느긋하게 지내고 있다。
0x326804	31	0x32ECEC	198	No\066\0\0\0\0\0\0元賞金首\0\0\0\0\0\0\0	No\066\0\0\0\0\0\0전 현상범\0\0\0\0\0\0\0
0x324A90	11	0x32ECEC	199	ハルツグ\0\0\0\0\0\0	하루츠구\0\0\0\0\0\0
0x32A1C0	146	0x32ECEC	200	パストールで起きた、\n大陸横断鉄道襲撃事件の首謀者。\n賞金首として追われている時期も\nあったが、今では立派な賞金稼ぎである。\n最近は、シカ退治のついでに、\nトウコの道場へ顔を出す事が、\nハルツグお決まりのルートらしい。	파스톨에서 일어난\n대륙횡단철도 습격 사건의 주모자。\n현상수배범으로 쫓기던 시기도\n있었지만、지금은 어엿한 현상금 사냥꾼이다。\n요즘은 사슴 퇴치를 하는 김에\n토우코의 도장에 얼굴을 내미는 것이\n하루츠구의 정해진 코스인 모양이다。
0x3269A4	32	0x32ECEC	201	No\067\0\0\0\0\0\0正義の味方\0\0\0\0\0\0\0	No\067\0\0\0\0\0\0정의의 편\0\0\0\0\0\0\0
0x324AFC	12	0x32ECEC	202	ピンク\0\0\0\0\0\0\0\0	핑크\0\0\0\0\0\0\0\0
0x329EEC	142	0x32ECEC	203	平凡な学生であったが、凶悪犯罪に\n巻き込まれて両腕を失った。\nその後、両腕に軍事サイボーグの\nものを移植し、独自の改造と激しい\n訓練により正義のヒーローとして\n活躍するようになった。\n他人に誉められるのが苦手。	평범한 학생이었지만 흉악 범죄에\n휘말려 두 팔을 잃었다。\n그 뒤 두 팔에 군용 사이보그의\n것을 이식하고、독자적인 개조와 혹독한\n훈련으로 정의의 히어로로서\n활약하게 되었다。\n남에게 칭찬받는 걸 어색해한다。
0x327150	33	0x32ECEC	204	No\068\0\0\0\0\0\0\0正義の記者\0\0\0\0\0\0\0	No\068\0\0\0\0\0\0\0정의의 기자\0\0\0\0\0\0\0
0x324E00	14	0x32ECEC	205	フグリーノ\0\0\0\0\0\0\0\0	후구리노\0\0\0\0\0\0\0\0
0x32B1DC	168	0x32ECEC	206	フリーの記者。\nペラヘブンのニュース会社に映像や\n記事を売り込んで生活をしている。\nとはいえ、特ダネがそうそう\n転がっているわけではなく\n生活のために、単なるウワサを大げさに\nしてみたり、ねつ造\0することもある。\n本人はわりと正義感が強いので、\nそのあたりの矛盾に苦しんでいる。	프리랜서 기자。\n페라헤븐의 뉴스 회사에 영상이나\n기사를 팔아 생활하고 있다。\n그렇다고 특종이 그리 자주\n굴러다니는 것도 아니라\n먹고살기 위해 그저 소문을 부풀리거나\n날조하는 일도 있다。\n본인은 제법 정의감이 강해서\n그 언저리의 모순에 괴로워하고 있다。
0x327444	35	0x32ECEC	207	No\069\0\0\0\0\0\0\0機械生命体\0\0\0\0\0\0\0\0	No\069\0\0\0\0\0\0\0기계생명체\0\0\0\0\0\0\0\0
0x324BE0	13	0x32ECEC	208	ブラック\0\0\0\0\0\0\0\0	블랙\0\0\0\0\0\0\0\0
0x32BCE4	185	0x32ECEC	209	開発コンセプトが画期的すぎて、\nもはやロボットという基準には、\n収まらなくなった存在。\n人類の最高のパートナーとして設計され\n人類への脅威として連邦によって\n彼女以外は全て破壊された。\n次世代を産み出せるとは言っても\nそれには非常に時間がかかるので\n人類の敵にはなりえなかったのだが。	개발 콘셉트가 너무 획기적이라\n이제는 로봇이라는 기준에\n담기지 않게 된 존재。\n인류 최고의 파트너로 설계되었으나\n인류에 대한 위협이라는 이유로 연방에 의해\n그녀 말고는 전부 파괴되었다。\n다음 세대를 낳을 수 있다고는 해도\n거기엔 엄청난 시간이 걸리므로\n인류의 적이 될 수는 없었는데도。
0x326304	29	0x32ECEC	210	No\070\0\0\0\0\0\0\0\0傭兵\0\0\0\0\0\0\0	No\070\0\0\0\0\0\0\0\0용병\0\0\0\0\0\0\0
0x324BA0	13	0x32ECEC	211	ブラッド\0\0\0\0\0\0\0\0	브래드\0\0\0\0\0\0\0\0
0x32A37C	147	0x32ECEC	212	両親も傭兵で、子供のうちから\n宇宙を旅してきた。\nディープグリーンで怪物たちと戦う\n仕事は、連邦と敵対する危険を\n犯さずに済む賢明な選択であった。\n若さゆえに無謀な行動に出ることも\nあるが、実は結構頭の良い方である。	부모도 용병이라 어릴 때부터\n우주를 여행해 왔다。\n딥그린에서 괴물들과 싸우는\n일은 연방과 적대할 위험을\n무릅쓰지 않아도 되는 현명한 선택이었다。\n젊은 탓에 무모하게 나설 때도\n있지만 실은 머리가 꽤 좋은 편이다。
0x3272DC	34	0x32ECEC	213	No\071\0\0\0\0\0\0\0\0孤高の戦士\0\0\0\0\0\0\0	No\071\0\0\0\0\0\0\0\0고고한 전사\0\0\0\0\0\0\0
0x324AF0	12	0x32ECEC	214	ヘルガ\0\0\0\0\0\0\0\0	헬가\0\0\0\0\0\0\0\0
0x3296F4	128	0x32ECEC	215	フローラのゲリラの伝説的スナイパー。\n彼女のいるところ、ゲリラの戦意は\n高揚し、連邦兵の士気は地に落ちる。\n初期の任務で爆弾テロを行い、\n民間人多数を殺傷したことが\n深いトラウマになっている。	플로라 게릴라의 전설적 저격수。\n그녀가 있는 곳에서는 게릴라의 전의가\n치솟고 연방병의 사기는 땅에 떨어진다。\n초기 임무에서 폭탄 테러를 벌여\n민간인 다수를 죽이고 다치게 한 것이\n깊은 트라우마로 남아 있다。
0x3269C4	32	0x32ECEC	216	No\072\0\0\0\0\0\0\0\0宇宙の男\0\0\0\0\0\0\0	No\072\0\0\0\0\0\0\0\0우주의 사나이\0\0\0\0\0\0\0
0x324A84	11	0x32ECEC	217	ボブ\0\0\0\0\0\0\0\0	밥\0\0\0\0\0\0\0\0
0x32A254	146	0x32ECEC	218	主人公が宇宙船の操縦方法を勉強した\n学校の、教師だった青年。\n主人公の父親の部下であったこともある。\n今は、宇宙を適当に放浪して\n適当に冒険をしている、適当な人。\n実は、すごく女性にもてる。\nうらやましい。	주인공이 우주선 조종법을 배운\n학교의 교사였던 청년。\n주인공 아버지의 부하였던 적도 있다。\n지금은 우주를 적당히 떠돌며\n적당히 모험을 하고 있는 적당한 사람。\n사실은 여자에게 엄청 인기가 많다。\n부럽다。
0x327174	33	0x32ECEC	219	No\073\0\0\0\0\0\0\0\0宇宙妖精\0\0\0\0\0\0\0	No\073\0\0\0\0\0\0\0\0우주요정\0\0\0\0\0\0\0
0x324C50	13	0x32ECEC	220	本村\0\0\0\0\0\0\0\0	모토무라\0\0\0\0\0\0\0\0
0x32A5D8	151	0x32ECEC	221	宇宙空間を自由にさまよっている\n宇宙妖精の一人（一匹？）。\n自由に飛び回っていても、\n宇宙妖精は本来見える事はないのだが、\nどうやら人間に興味を持った為か、\n本村だけ見えるようになってしまった。\nつーか、宇宙妖精ってなに？	우주 공간을 자유로이 떠도는\n우주 요정 중 한 명（한 마리？）。\n자유롭게 날아다녀도\n우주 요정은 원래 보이지 않는 법인데、\n아무래도 인간에게 흥미가 생긴 탓인지\n모토무라에게만 보이게 되어 버렸다。\n그보다、우주 요정이란 게 대체 뭐야？
0x327300	34	0x32ECEC	222	No\074\0\0\0\0\0\0\0\0海賊の姫君\0\0\0\0\0\0\0	No\074\0\0\0\0\0\0\0\0해적의 공주\0\0\0\0\0\0\0
0x324A9C	11	0x32ECEC	223	リコ\0\0\0\0\0\0\0\0	리코\0\0\0\0\0\0\0\0
0x32C0A0	195	0x32ECEC	224	アステロイドベルトを拠点に行動している\nとある宇宙ギャングの女ボス。\nアステロイドの破壊神などと呼ばれる事も\nあるが、通称は海賊の姫君。\n現在のリコのギャング団は、ある日、\nつまんないと言って星を飛び出したリコに\n拠点を襲われ、乗っ取られた組織である。\nちなみにこの世界でのアキカンは\n空き缶ではないので注意。	소행성대를 거점으로 활동하는\n어느 우주 갱단의 여두목。\n소행성대의 파괴신이라 불리기도\n하지만、통칭은 해적 공주。\n지금의 리코 갱단은 어느 날\n재미없다며 별을 뛰쳐나온 리코에게\n거점을 습격당해 빼앗긴 조직이다。\n참고로 이 세계의 아키칸은\n빈 깡통이 아니니 주의。
0x325F48	28	0x32ECEC	225	No\075\0\0\0\0\0\0\0\0カメダ\0\0\0\0\0\0\0	No\075\0\0\0\0\0\0\0\0카메다\0\0\0\0\0\0\0
0x324B44	12	0x32ECEC	226	カメダ\0\0\0\0\0\0\0\0	카메다\0\0\0\0\0\0\0\0
0x329208	120	0x32ECEC	227	さまざまな次元を旅して\n自分の野望をかなえようとする男。\nその才能があれば、どこの次元でも\n成功しそうなものだが、いつも\nマニアックな行動に走って失敗する。\nさて、次はどんな世界に行くのやら。	온갖 차원을 여행하며\n자신의 야망을 이루려는 남자。\n그 재능이면 어느 차원에서든\n성공할 법한데、늘\n마니악한 행동으로 치달아 실패한다。\n자、다음엔 어떤 세계로 갈 것인지。
0x326824	31	0x32ECEC	228	No\076\0\0\0\0\0\0\0\0大統領\0\0\0\0\0\0\0	No\076\0\0\0\0\0\0\0\0대통령\0\0\0\0\0\0\0
0x324FA0	15	0x32ECEC	229	大統領\0\0\0\0\0\0\0\0	대통령\0\0\0\0\0\0\0\0
0x329F7C	142	0x32ECEC	230	連邦の大統領は連邦市民によって\n選挙で民主主義的に選出される。\nそのため、どうしても政策が\n市民の要求を満たすために\n独善的なものになりがちである。\n彼個人は、野球人形を愛する\n真面目で男らしい男だ。	연방의 대통령은 연방 시민이\n선거로 민주적으로 뽑는다。\n그래서 아무래도 정책이\n시민의 요구를 채우기 위해\n독선적으로 흐르기 쉽다。\n그 개인은 야구 인형을 사랑하는\n성실하고 사내다운 남자다。
0x326384	29	0x32ECEC	231	No\077\0\0\0\0\0\0\0\0息子\0\0\0\0\0\0\0	No\077\0\0\0\0\0\0\0\0아들\0\0\0\0\0\0\0
0x324AD8	12	0x32ECEC	232	ゴロー\0\0\0\0\0\0\0\0	고로\0\0\0\0\0\0\0\0
0x3288F4	97	0x32ECEC	233	政治活動に忙しい父親に\n放置されてきたために、\n性格が少し歪んでしまった息子。\nお金だけはたっぷりと与えられたため\n辛抱のない性格にもなってしまった。	정치 활동으로 바쁜 아버지에게\n방치되어 온 탓에\n성격이 조금 비뚤어진 아들。\n돈만은 넉넉히 받아 온 탓에\n참을성 없는 성격도 되어 버렸다。
0x327324	34	0x32ECEC	234	No\078\0\0\0\0\0秘密警察長官\0\0\0\0\0\0\0	No\078\0\0\0\0\0비밀경찰 장관\0\0\0\0\0\0\0
0x32528C	17	0x32ECEC	235	ソネムラ長官\0\0\0\0\0\0\0\0	소네무라 장관\0\0\0\0\0\0\0\0
0x329900	132	0x32ECEC	236	いちはやくカメダの才能に気づき、\n手を組んだ軍人。\nそのかいあって秘密警察の長官に\n昇進した。\nその頭脳のキレは連邦軍随一。\n真面目で勤勉で有能な男なのだが、\n野心家であることも隠そうとしない。	누구보다 먼저 카메다의 재능을 알아보고\n손을 잡은 군인。\n그 덕분에 비밀경찰 장관으로\n승진했다。\n두뇌 회전은 연방군 제일。\n성실하고 근면하고 유능한 남자지만、\n야심가라는 사실도 감추려 하지 않는다。
0x327198	33	0x32ECEC	237	No\079\0\0\0\0\0\0\0\0オオガミ会長\0\0\0\0\0\0\0	No\079\0\0\0\0\0\0\0\0오가미 회장\0\0\0\0\0\0\0
0x325250	17	0x32ECEC	238	オオガミ会長\0\0\0\0\0\0\0\0	오가미 회장\0\0\0\0\0\0\0\0
0x329280	120	0x32ECEC	239	ペラヘブンを実質的に運営する\n１２人の企業家のうちの１人。\n連邦に早々に見切りをつけたが、\n裏ではカメダともつながっており\nルナリングに販売したワクチンの利益を\nカメダにワイロとして送っていた。	페라헤븐을 실질적으로 운영하는\n１２명의 기업가 중 한 명。\n연방에 일찌감치 선을 그었지만、\n뒤로는 카메다와도 이어져 있어\n루나링에 판 백신의 이익을\n카메다에게 뇌물로 보내고 있었다。
0x3271BC	33	0x32ECEC	240	No\080\0\0\0\0\0\0\0\0ニンゲツ会長\0\0\0\0\0\0\0	No\080\0\0\0\0\0\0\0\0닌게츠 회장\0\0\0\0\0\0\0
0x325264	17	0x32ECEC	241	ニンゲツ会長\0\0\0\0\0\0\0\0	닌게츠 회장\0\0\0\0\0\0\0\0
0x32AD48	164	0x32ECEC	242	ペラヘブンを実質的に運営する\n１２人の企業家のうちの１人。\nカメダを支援しているが、それも\nあくまでも利益が出るからであり、\nいざとなれば裏切る用意はしている。\nコテツで機械の身体がもらえると\nウソをついて、大量の人間を送り込んで\nばく大な利益をむさぼっていた。	페라헤븐을 실질적으로 운영하는\n１２명의 기업가 중 한 명。\n카메다를 지원하고 있지만 그것도\n어디까지나 이익이 나기 때문이고、\n여차하면 배신할 준비도 되어 있다。\n코테츠에서 기계 몸을 받을 수 있다고\n거짓말해 대량의 인간을 실어 보내\n막대한 이익을 챙기고 있었다。
0x3269E4	32	0x32ECEC	243	No\081\0\0\0\0\0\0ルナリング長官\0\0\0\0\0\0\0	No\081\0\0\0\0\0\0루나링 장관\0\0\0\0\0\0\0
0x325228	17	0x32ECEC	244	大村長官\0\0\0\0\0\0\0\0	오무라 장관\0\0\0\0\0\0\0\0
0x3289BC	98	0x32ECEC	245	ルナリングの防衛司令官。\nルナリングには別に首相もいるのだが\n主人公とはあまり接点がない。\nよって、このゲーム中では一番えらい人\nのように見えないこともない。	루나링의 방위 사령관。\n루나링에는 따로 수상도 있지만\n주인공과는 별로 접점이 없다。\n그래서 이 게임 안에서는 가장 높은 사람\n처럼 보이기도 한다。
0x3263E4	29	0x32ECEC	246	No\082\0\0\0\0\0\0\0\0大臣\0\0\0\0\0\0\0	No\082\0\0\0\0\0\0\0\0대신\0\0\0\0\0\0\0
0x325160	16	0x32ECEC	247	フジタ大臣\0\0\0\0\0\0\0\0	후지타 대신\0\0\0\0\0\0\0\0
0x32BC2C	184	0x32ECEC	248	宇宙連邦の政治家。\nもともと軍事組織だった連邦は\n政治家も軍服を着る習慣がある。\n連邦は本星というものがなく、\n様々な惑星にある基地の集合体\nのようなものだが、それでも\n軍人以外の職業についている者は\n軍人よりもずっと多い。\nこの人は官僚出身で、軍隊経験なし。	우주연방의 정치가。\n본래 군사조직이었던 연방은\n정치가도 군복을 입는 관습이 있다。\n연방에는 본성이라 할 것이 없고\n여러 행성에 있는 기지의 집합체\n같은 것이지만、그래도\n군인 이외의 직업에 종사하는 이가\n군인보다 훨씬 많다。\n이 사람은 관료 출신으로 군 경험은 없다。
0x325C70	27	0x32ECEC	249	No\083\0\0\0\0\0\0お姫様\0\0\0\0\0\0	No\083\0\0\0\0\0\0공주님\0\0\0\0\0\0
0x324DC0	14	0x32ECEC	250	スズネ姫\0\0\0\0\0\0\0\0	스즈네 공주\0\0\0\0\0\0\0\0
0x32C228	197	0x32ECEC	251	オーブールの国家元首。\n影の権力者達が、自分達の意のままに動く\n人形として使うためにスズネ姫を\n強引に国家元首の座につけた。\nだが、姫はニンジャ組織を利用して\nその権力者たちを次々に排除し、\n現在の中央集権を確立する。\n彼らの誤算は彼女が本当に\n有能な人物であったということだ。\n	오부르의 국가원수。\n그림자 권력자들이 제 뜻대로 움직이는\n인형으로 쓰려고 스즈네 공주를\n억지로 국가원수 자리에 앉혔다。\n하지만 공주는 닌자 조직을 이용해\n그 권력자들을 차례차례 제거하고\n지금의 중앙집권을 확립한다。\n그들의 오산은 그녀가 정말로\n유능한 인물이었다는 점이다。\n
0x326584	30	0x32ECEC	252	No\084\0\0\0\0\0\0\0アドバイザー\0\0\0\0\0\0\0	No\084\0\0\0\0\0\0\0어드바이저\0\0\0\0\0\0\0
0x325278	17	0x32ECEC	253	アオシマ中佐\0\0\0\0\0\0\0\0	아오시마 중좌\0\0\0\0\0\0\0\0
0x32AABC	158	0x32ECEC	254	ルナリングの軍人。\n連邦とルナリングは戦争をしている\nわけではないので、連邦の支配力が\n強い地域に行っても、すぐに\n拘束されるわけではない。\n監視はされているのだが、\nそれでも手に入る情報というもの\nがあるので、いろんな惑星を\n旅行して情報を集めている。	루나링의 군인。\n연방과 루나링이 전쟁 중인 것은\n아니라서、연방의 지배력이\n강한 지역에 가더라도 곧바로\n구속되지는 않는다。\n감시는 받고 있지만\n그래도 얻을 수 있는 정보라는 게\n있어서、여러 행성을\n여행하며 정보를 모으고 있다。
0x326A04	32	0x32ECEC	255	No\085\0\0\0\0\0\0フローラの総督\0\0\0\0\0\0\0	No\085\0\0\0\0\0\0플로라 총독\0\0\0\0\0\0\0
0x324F70	15	0x32ECEC	256	ハク総督\0\0\0\0\0\0\0\0	하쿠 총독\0\0\0\0\0\0\0\0
0x32AE94	166	0x32ECEC	257	連邦から派遣されたフローラの支配者で\n柔軟な思考のできる抜け目のない人物。\n後に、連邦の勢力が減退した後に独立し\nゲリラたちとも講和を結ぶ。\nその後、長らくフローラの独裁者として\n治世を行なった。\n後世の歴史家の間で評価の分かれる人物。	연방에서 파견된 플로라의 지배자이자\n유연한 사고가 가능한 빈틈없는 인물。\n훗날 연방의 세력이 약해진 뒤 독립해\n게릴라들과도 강화를 맺는다。\n그 뒤 오랫동안 플로라의 독재자로서\n통치를 이어 갔다。\n후세 역사가들 사이에서 평가가 갈리는 인물。
0x327204	34	0x32ECEC	258	No\086\0\0\0\0\0\0単身赴任社員\0\0\0\0\0\0	No\086\0\0\0\0\0\0단신부임 사원\0\0\0\0\0\0
0x324C60	13	0x32ECEC	259	クラガリ\0\0\0\0\0\0\0\0	쿠라가리\0\0\0\0\0\0\0\0
0x328F38	118	0x32ECEC	260	故郷のペラヘブンを遠く離れて\nフローラでの採掘活動を行なう\nがんばり社員。\nしかし、フローラ独立後に\n採掘設備が新政府に接収されたため\n結局はその努力が報われることは\nなかった。	고향 페라헤븐을 멀리 떠나\n플로라에서 채굴 활동을 하는\n열심 사원。\n하지만 플로라 독립 후에\n채굴 설비가 신정부에 접수되어\n결국 그 노력이 보답받는 일은\n없었다。
0x325F2C	28	0x32ECEC	261	No\087\0\0\0\0\0\0ゲリラ\0\0\0\0\0\0\0\0\0	No\087\0\0\0\0\0\0게릴라\0\0\0\0\0\0\0\0\0
0x324B74	12	0x32ECEC	262	マガツ\0\0\0\0\0\0\0\0	마가츠\0\0\0\0\0\0\0\0
0x3265E4	31	0x32ECEC	263	フローラのゲリラ。\nヘルガとは同郷で仲が良かった。\n	플로라의 게릴라。\n헬가와는 동향이고 사이가 좋았다。\n
0x326844	32	0x32ECEC	264	No\088\0\0\0\0\0\0最強の忍び\0\0\0\0\0\0\0\0	No\088\0\0\0\0\0\0최강의 닌자\0\0\0\0\0\0\0\0
0x324B5C	12	0x32ECEC	265	タマコ\0\0\0\0\0\0\0\0	타마코\0\0\0\0\0\0\0\0
0x32A70C	154	0x32ECEC	266	オーブールのニンジャ組織最強の\nキリングマシーン。\n６体の「影」と呼ばれるクローンがいる。\nタマコ自身は、エリともシルバーとも\n直接の面識はない。\n通常はスズネ姫の護衛をしているが\n連邦軍が王宮に攻め込んできた時、\n応戦のために\0そばを離れていた。	오부르 닌자 조직 최강의\n킬링 머신。\n６체의「그림자」라 불리는 클론이 있다。\n타마코 본인은 에리와도 실버와도\n직접 면식은 없다。\n평소에는 스즈네 공주를 호위하지만\n연방군이 왕궁에 쳐들어왔을 때\n응전하느라 곁을 떠나 있었다。
0x327528	38	0x32ECEC	267	No\089\0\0\0\0\0\0\0\0宇宙一美しいオトコ\0\0\0\0\0\0\0	No\089\0\0\0\0\0\0\0\0우주 제일 아름다운 사나이\0\0\0\0\0\0\0
0x324AE4	12	0x32ECEC	268	メダチ\0\0\0\0\0\0\0\0	메다치\0\0\0\0\0\0\0\0
0x32BFDC	195	0x32ECEC	269	自称宇宙一美しいオトコ。\nしかし、ピカーリでは一番美しいと称えら\nれている。\nピカーリにカッコイイ男がいないのでは\nなく、あの星の美的感覚がおかしいだけ。\n昔、オニザメとポージング対決で、\n五日間の死闘を繰り広げたのは\nピカーリでは伝説となっている。\n相手の体にウットリしたら負けの試合。\nなんて暑苦しいのだろうか。	자칭 우주 제일의 미남。\n하지만 피카리에서는 가장 아름답다고 칭송받\n고 있다。\n피카리에 멋진 남자가 없는 게\n아니라、그 별의 미적 감각이 이상할 뿐。\n옛날 오니자메와 포징 대결로\n닷새간 사투를 벌인 일은\n피카리에서 전설이 되어 있다。\n상대의 몸에 넋을 잃으면 지는 시합。\n어쩌면 이렇게 후덥지근할까。
0x325CA8	28	0x32ECEC	270	No\090\0\0\0\0\0\0\0薬師\0\0\0\0\0\0\0	No\090\0\0\0\0\0\0\0약사\0\0\0\0\0\0\0
0x324B50	12	0x32ECEC	271	ミサキ\0\0\0\0\0\0\0\0	미사키\0\0\0\0\0\0\0\0
0x328714	91	0x32ECEC	272	パストールの田舎町に住む薬師。\n薬を売って暮らしている。\n宇宙港に売りに行くようになって\nかなり儲かるようになったらしい。\nトウコとアキミの友人。	파스톨 시골 마을에 사는 약사。\n약을 팔아 살아가고 있다。\n우주항까지 팔러 다니게 되면서\n꽤 벌이가 좋아진 모양이다。\n토우코와 아키미의 친구。
0x326424	30	0x32ECEC	273	No\091\0\0\0\0\0\0\0格闘家\0\0\0\0\0\0\0	No\091\0\0\0\0\0\0\0격투가\0\0\0\0\0\0\0
0x324B68	12	0x32ECEC	274	アキミ\0\0\0\0\0\0\0\0	아키미\0\0\0\0\0\0\0\0
0x3295F4	127	0x32ECEC	275	パストールの田舎町に道場を構える\n格闘家。\nトウコの格闘技の師匠。\n主人公が冒険に出る以前に、\n植物の化け物に襲われて\n死亡している。\n主人公が知っているアキミは、\n全てアキミモドキ。	파스톨 시골 마을에 도장을 차린\n격투가。\n토우코의 격투기 스승。\n주인공이 모험을 떠나기 전에\n식물 괴물에게 습격당해\n사망했다。\n주인공이 아는 아키미는\n전부 아키미 짝퉁。
0x326604	31	0x32ECEC	276	No\092\0\0\0\0\0\0\0\0情報屋\0\0\0\0\0\0\0	No\092\0\0\0\0\0\0\0\0정보상\0\0\0\0\0\0\0
0x324A6C	11	0x32ECEC	277	リン\0\0\0\0\0\0\0\0	린\0\0\0\0\0\0\0\0
0x32B690	175	0x32ECEC	278	鋭い瞳を持つ完全無欠の情報屋。\nこんな危険な宇宙を素手で渡り歩いている\n女性はリンぐらいである。\n噂によると素手でギャング団を壊滅に\n追い込んだ事があるとかないとか。\n血の繋がらない妹を溺愛しており、\nリコに対してもなんとなくカワイイ妹だと\n思っている。永遠の姉だね。	날카로운 눈을 지닌 완전무결한 정보상。\n이렇게 위험한 우주를 맨손으로 헤쳐 다니는\n여자는 린 정도다。\n소문으로는 맨손으로 갱단을 괴멸로\n몰아넣은 적이 있다나 없다나。\n피가 이어지지 않은 여동생을 끔찍이 아끼고、\n리코도 어쩐지 귀여운 동생이라고\n여기고 있다。영원한 언니다。
0x326864	32	0x32ECEC	279	No\093\0\0\0\0ウインダストの女の子\0\0\0\0\0\0	No\093\0\0\0\0윈더스트의 여자애\0\0\0\0\0\0
0x324AC0	12	0x32ECEC	280	ジュン\0\0\0\0\0\0\0\0	준\0\0\0\0\0\0\0\0
0x32987C	132	0x32ECEC	281	惑星ウインダストでワクチンの販売を\n引き受けている女の子。\n連邦に気付かれないようにしながら、\n隠れるようにして売っている。\nその後、国の代表となりウインダストを\n元のレベルまで戻す事になるが、\nそれはまた別のお話。	행성 윈더스트에서 백신 판매를\n맡고 있는 여자아이。\n연방에 들키지 않도록 하면서\n숨어서 팔고 있다。\n훗날 나라의 대표가 되어 윈더스트를\n원래 수준까지 되돌리게 되지만、\n그건 또 다른 이야기。
0x326644	31	0x32ECEC	282	No\094\0\0\0\0\0\0ドラッカの元首\0\0\0\0\0\0	No\094\0\0\0\0\0\0드라카의 원수\0\0\0\0\0\0
0x3251D0	16	0x32ECEC	283	プアゾ元帥\0\0\0\0\0\0\0\0	푸아조 원수\0\0\0\0\0\0\0\0
0x328BBC	107	0x32ECEC	284	惑星ドラッカの国家元首。\n開拓惑星で貧しい自星を救おうと\n反連邦のグループにいち早く参加を\n表明したのだが、その判断は\n悲劇的な結末を招くこととなった。	행성 드라카의 국가원수。\n개척 행성이라 가난한 자기 별을 구하려고\n반연방 그룹에 누구보다 먼저 참가를\n표명했지만、그 판단은\n비극적인 결말을 부르고 말았다。
0x326884	32	0x32ECEC	285	No\095\0\0\0\0\0\0\0旧式ロボット\0\0\0\0\0\0\0	No\095\0\0\0\0\0\0\0구식 로봇\0\0\0\0\0\0\0
0x324D10	13	0x32ECEC	286	たかゆき\0\0\0\0\0\0\0\0	타카유키\0\0\0\0\0\0\0\0
0x328340	68	0x32ECEC	287	コテツのロボット。\nさすがにシステムにガタがきて、\nあちこち直さないとダメになっている。\nそのため、かえって生への執着がある。	코테츠의 로봇。\n과연 시스템이 낡아서\n여기저기 고치지 않으면 안 되게 되었다。\n그래서 오히려 삶에 대한 집착이 있다。
0x3268A4	32	0x32ECEC	288	No\096\0\0\0\0\0\0\0新型ロボット\0\0\0\0\0\0\0	No\096\0\0\0\0\0\0\0신형 로봇\0\0\0\0\0\0\0
0x32523C	17	0x32ECEC	289	コテツのロボット\0\0\0\0\0\0\0\0	코테츠의 로봇\0\0\0\0\0\0\0\0
0x329B1C	135	0x32ECEC	290	機械の惑星コテツの住民。\n対外的な野心をもたないので\n他の惑星の人間たちと共存できている。\n彼らとつきあった人の多くは、\n住民たちの欲のなさに感銘を受けるが\nそれは何事にも興味をもてない\nからかもしれない。	기계 행성 코테츠의 주민。\n대외적인 야심이 없어서\n다른 행성 사람들과 공존할 수 있다。\n그들과 어울려 본 사람 대부분은\n주민들의 욕심 없음에 감명을 받지만\n그건 무슨 일에도 흥미를 갖지 못하기\n때문일지도 모른다。
0x325F84	29	0x32ECEC	291	No\097\0\0\0\0\0\0\0\0議長\0\0\0\0\0\0\0	No\097\0\0\0\0\0\0\0\0의장\0\0\0\0\0\0\0
0x324B38	12	0x32ECEC	292	アンヌ\0\0\0\0\0\0\0\0	안누\0\0\0\0\0\0\0\0
0x329C30	138	0x32ECEC	293	急死した父親のあとを継いだ\nディープグリーンの指導者。\nその地位は暫定的なもので、現在\n準備中の選挙によって正式な\n指導者が選出されることになっている。\nただ、信任されて続投することになる\n可能性も高い。	급사한 아버지의 뒤를 이은\n딥그린의 지도자。\n그 지위는 잠정적인 것이고、현재\n준비 중인 선거로 정식\n지도자가 선출될 예정이다。\n다만 신임을 얻어 계속 맡게 될\n가능성도 높다。
0x327348	35	0x32ECEC	294	No\098\0\0\0\0\0\0\0\0宇宙三兄弟\0\0\0\0\0\0\0	No\098\0\0\0\0\0\0\0\0우주 삼형제\0\0\0\0\0\0\0
0x324B20	12	0x32ECEC	295	カネオ\0\0\0\0\0\0\0\0	카네오\0\0\0\0\0\0\0\0
0x325CE0	28	0x32ECEC	296	む～～～～～～～～～～ん。\n宇宙編なんだなぁ～。	흐～～～～～～～～～～음。\n우주편인 거야～。
0x32736C	35	0x32ECEC	297	No\099\0\0\0\0\0\0\0\0宇宙三兄弟\0\0\0\0\0\0\0	No\099\0\0\0\0\0\0\0\0우주 삼형제\0\0\0\0\0\0\0
0x324B2C	12	0x32ECEC	298	ギンジ\0\0\0\0\0\0\0\0	긴지\0\0\0\0\0\0\0\0
0x32597C	26	0x32ECEC	299	む～～～～～～～～～～～～ん。\nＳＦなんだなぁ～。	흐～～～～～～～～～～～～음。\nＳＦ인 거야～。
0x3274B0	37	0x32ECEC	300	No\0100\0\0\0\0\0\0\0\0宇宙三兄弟\0\0\0\0\0\0\0	No\0100\0\0\0\0\0\0\0\0우주 삼형제\0\0\0\0\0\0\0
0x324ACC	12	0x32ECEC	301	パルオ\0\0\0\0\0\0\0\0	파루오\0\0\0\0\0\0\0\0
0x327390	35	0x32ECEC	302	む～～～～～～～～～～～～～～ん。\nでも、いつも通りなんだなぁ～。	흐～～～～～～～～～～～～～～음。\n그래도 늘 하던 대로인 거야～。
0x3273B4	35	0x32ECEC	303	No\0101\0\0\0\0\0\0\0\0秘密警察\0\0\0\0\0\0\0	No\0101\0\0\0\0\0\0\0\0비밀경찰\0\0\0\0\0\0\0
0x3254D4	23	0x32ECEC	304	連邦秘密警察官\0\0\0\0\0\0\0\0	연방 비밀경찰관\0\0\0\0\0\0\0\0
0x32B3DC	170	0x32ECEC	305	連邦の利益のために、宇宙のあちうこちで\n非合法な活動を行なう情報局員。\n連邦外で活動するため「警察」という\n名前は適切ではないが、宇宙の治安を\n守るためにやっているという意味で\nあえて「警察」という名称がついている。\n実体はテロリストやスパイと変わらない。	연방의 이익을 위해 우주 곳곳에서\n비합법 활동을 벌이는 정보국원。\n연방 밖에서 활동하므로「경찰」이라는\n이름은 적절하지 않지만、우주의 치안을\n지키기 위해 하는 일이라는 의미에서\n굳이「경찰」이라는 명칭이 붙어 있다。\n실체는 테러리스트나 스파이와 다르지 않다。
0x326684	31	0x32ECEC	306	No\0102\0\0\0\0\0\0\0\0兵士\0\0\0\0\0\0\0	No\0102\0\0\0\0\0\0\0\0병사\0\0\0\0\0\0\0
0x325354	20	0x32ECEC	307	連邦軍の兵士\0\0\0\0\0\0\0\0	연방군 병사\0\0\0\0\0\0\0\0
0x32C3B8	199	0x32ECEC	308	ゲーム中は全員同じ顔だが、\nこれは表示の都合上のことであって\n別にクローン兵士というわけではない。\n名前も違えば性格も違うし、好みも違う。\n彼らの故郷には家族がいるだろうし、\n好きな人も友人もいるだろう。\nそんな彼らでも、軍隊の一部となれば\n命令次第で非道なことも平然と行なう。\nそれが兵隊というものだ。	게임 안에서는 전원 같은 얼굴이지만\n이건 표시상의 사정일 뿐\n딱히 클론 병사라는 뜻은 아니다。\n이름도 다르고 성격도 다르고 취향도 다르다。\n그들의 고향에는 가족이 있을 테고\n좋아하는 사람도 친구도 있을 것이다。\n그런 그들이라도 군대의 일부가 되면\n명령에 따라 비도한 짓도 태연히 해낸다。\n그것이 병사라는 존재다。
0x3275F0	40	0x32ECEC	309	No\0103\0\0\0\0海賊手下（リコの部下）\0\0\0\0\0\0\0	No\0103\0\0\0\0해적 부하（리코의 부하）\0\0\0\0\0\0\0
0x3250F0	16	0x32ECEC	310	リコの部下\0\0\0\0\0\0\0\0	리코의 부하\0\0\0\0\0\0\0\0
0x32A410	149	0x32ECEC	311	\0\0\0\0\0\0\0「リコギャング団５か条」\n\nその１\0\0リコ様を崇拝すること\nその２\0\0リコ様のすることには黙って\n\0\0\0\0\0\0\0\0\0\0\0従うこと\nその３\0\0リコ様は命を張って守ること\nその４\0\0リコ様への抜け駆けはしないこと\nその５\0\0リコ様から目を離さないこと	       「리코 갱단 ５개조」\n\n제１조  리코 님을 숭배할 것\n제２조  리코 님이 하는 일에는 잠자코\n           따를 것\n제３조  리코 님은 목숨 걸고 지킬 것\n제４조  리코 님을 제치고 나서지 말 것\n제５조  리코 님에게서 눈을 떼지 말 것
0x326A6C	33	0x32ECEC	312	No\0104\0\0\0\0\0\0\0\0失業者\0\0\0\0\0\0\0	No\0104\0\0\0\0\0\0\0\0실업자\0\0\0\0\0\0\0
0x324E90	15	0x32ECEC	313	失業者\0\0\0\0\0\0\0\0	실업자\0\0\0\0\0\0\0\0
0x328500	79	0x32ECEC	314	ペラヘブンの失業者。\n労働者の生活を守るという意識のない\nペラヘブンはまさに労働者の地獄で\nその犠牲者が彼らである。	페라헤븐의 실업자。\n노동자의 생활을 지킨다는 의식이 없는\n페라헤븐은 그야말로 노동자의 지옥이고\n그 희생자가 이들이다。
0x326A90	33	0x32ECEC	315	No\0105\0\0\0\0\0\0\0\0賞金首\0\0\0\0\0\0\0	No\0105\0\0\0\0\0\0\0\0현상수배범\0\0\0\0\0\0\0
0x324D40	13	0x32ECEC	316	イシナカ\0\0\0\0\0\0\0\0	이시나카\0\0\0\0\0\0\0\0
0x328084	56	0x32ECEC	317	トウコに倒されるべく登場し\n倒される人。\n攻撃方法は、ばんばんどーんと\n同じだったりする。	토우코에게 쓰러지기 위해 등장해\n쓰러지는 사람。\n공격 방법은 반반돈과\n똑같기도 하다。
0x3266A4	31	0x32ECEC	318	No\0106\0\0\0\0\0\0\0\0忍者\0\0\0\0\0\0\0	No\0106\0\0\0\0\0\0\0\0닌자\0\0\0\0\0\0\0
0x325200	17	0x32ECEC	319	サイバー忍者\0\0\0\0\0\0\0\0	사이버 닌자\0\0\0\0\0\0\0\0
0x329D48	138	0x32ECEC	320	オーブールのニンジャ組織の兵隊。\nほとんどの者が、体のどこかを\nサイボーグ化していて\n高い戦闘力を持っている。\n主に情報収集任務についているが、\nしばしば大量に投入されて\nオーブールの利益を守るために\n敵を抹殺する。	오부르 닌자 조직의 병사。\n대부분이 몸 어딘가를\n사이보그화하고 있어\n높은 전투력을 지녔다。\n주로 정보 수집 임무를 맡지만、\n종종 대량으로 투입되어\n오부르의 이익을 지키기 위해\n적을 말살한다。
0x3274D8	37	0x32ECEC	321	No\0107\0\0\0\0\0\0\0\0ギャスビゴー星人\0\0\0\0\0\0\0	No\0107\0\0\0\0\0\0\0\0갸스비고 성인\0\0\0\0\0\0\0
0x3252F0	19	0x32ECEC	322	ギャスビゴー星人\0\0\0\0\0\0\0\0	갸스비고 성인\0\0\0\0\0\0\0\0
0x32A670	153	0x32ECEC	323	はるかかなたの別の宇宙から、\nはるばると移住してきた宇宙人。\nあちこちで人類と衝突したが、\n連邦の政策でドマグニーの支配者として\n安住の地を得ることになった。\n外見はちょっと怖いが、思考は人類に近く\n勤勉で知能も高い種族である。	아득히 먼 다른 우주에서\n머나먼 길을 건너 이주해 온 우주인。\n곳곳에서 인류와 충돌했지만、\n연방의 정책으로 도마그니의 지배자로서\n안주할 땅을 얻게 되었다。\n겉모습은 좀 무섭지만 사고는 인류에 가깝고\n근면하며 지능도 높은 종족이다。
0x327228	34	0x32ECEC	324	No\0108\0\0\0\0\0\0\0\0ドマグニー人\0\0\0\0\0\0\0	No\0108\0\0\0\0\0\0\0\0도마그니 인\0\0\0\0\0\0\0
0x3251A0	16	0x32ECEC	325	ドマグニー人\0\0\0\0\0\0\0\0	도마그니 인\0\0\0\0\0\0\0\0
0x32ACA4	163	0x32ECEC	326	ドマグニー星の先住民族。\nマグマの中でのんびりするだけで\n物質を所有する欲がない民族。\nだから仕事もあまり熱心にやらない。\nそこで、ドマグニーの豊富な資源を\n利用するために連邦がギャスビゴー人を\n支配者として送り込み・・・\n２つの種族の対立が始まった。	도마그니 별의 선주민족。\n마그마 속에서 느긋하게 지낼 뿐\n물질을 소유하려는 욕심이 없는 민족。\n그래서 일도 그리 열심히 하지 않는다。\n그래서 도마그니의 풍부한 자원을\n이용하려고 연방이 갸스비고 인을\n지배자로 들여보내・・・\n두 종족의 대립이 시작되었다。
0x326AD8	33	0x32ECEC	327	No\0109\0\0\0\0\0\0\0\0カニ人間\0\0\0\0\0\0\0	No\0109\0\0\0\0\0\0\0\0게인간\0\0\0\0\0\0\0
0x325368	20	0x32ECEC	328	カニ型オーブール人\0\0\0\0\0\0\0\0	게형 오브르 인\0\0\0\0\0\0\0\0
0x32BDA0	186	0x32ECEC	329	オーブールの移住者は、海洋資源と\n美しい環境を守るために、惑星を改造\nするのではなく、自分達を改造した。\nその結果生まれたのがスズネ姫のような\n人魚タイプと、カニやフグの形態の\n種族である。\n人間離れした外見の連中のほうが\n海の中では暮らしやすいので\n特に差別などは起こっていない。	오부르의 이주자들은 해양 자원과\n아름다운 환경을 지키기 위해 행성을 개조\n하는 대신 자신들을 개조했다。\n그 결과 태어난 것이 스즈네 공주 같은\n인어 타입과、게나 복어 형태의\n종족이다。\n인간을 벗어난 모습의 이들이\n바닷속에서는 살기 편하기 때문에\n딱히 차별 같은 것은 일어나지 않는다。
0x327500	37	0x32ECEC	330	No\0110\0\0\0\0\0\0\0\0主人公（ミニ）\0\0\0\0\0\0\0	No\0110\0\0\0\0\0\0\0\0주인공（미니）\0\0\0\0\0\0\0
0x325318	19	0x32ECEC	331	主人公（ミニ）\0\0\0\0\0\0\0\0	주인공（미니）\0\0\0\0\0\0\0\0
0x328018	52	0x32ECEC	332	小森寺に合宿に行くつもりが\n少森寺で修行する羽目になった\n野球少年。	쇼모리지로 합숙 갈 생각이었는데\n소삼사에서 수행하는 신세가 된\n야구소년。
0x3266C4	31	0x32ECEC	333	No\0111\0\0\0\0\0\0\0\0三田\0\0\0\0\0\0\0	No\0111\0\0\0\0\0\0\0\0산다\0\0\0\0\0\0\0
0x325ACC	27	0x32ECEC	334	三田\0輝家（さんだ\0てるいえ）\0\0\0\0\0\0\0	산다 테루이에（산다테루이에）\0\0\0\0\0\0\0
0x32A97C	158	0x32ECEC	335	夏休み中、修行に来ていた高校生。\n弱気で心配性で事件に巻き込まれる天才。\n母親も弱気かつ心配性で、息子が\n社会に出てからいじめられないように\nと、少森寺に入門させた。\n一人で静かにマニアライフを楽しむのが\n将来のささやかな夢。	여름방학 동안 수행하러 와 있던 고등학생。\n소심하고 걱정 많고 사건에 휘말리는 데 천재。\n어머니도 소심하고 걱정이 많아、아들이\n사회에 나가 괴롭힘당하지 않도록\n하려고 소삼사에 입문시켰다。\n혼자 조용히 마니아 라이프를 즐기는 것이\n장래의 소박한 꿈。
0x3268E4	32	0x32ECEC	336	No\0112\0\0\0\0\0\0\0\0チャン太\0\0\0\0\0\0\0	No\0112\0\0\0\0\0\0\0\0챤타\0\0\0\0\0\0\0
0x3252A0	18	0x32ECEC	337	チャン太（ちゃんた）\0\0\0\0\0\0	챤타（챤타）\0\0\0\0\0\0
0x328770	93	0x32ECEC	338	先生の中では一番の弱輩者なので\n他の房の先生達には控えめだが\n基本は熱い性格。\0そしてまじめ。\n何をするにも基本は体力だと考えている。	선생들 중에서는 가장 막내라\n다른 방의 선생들 앞에서는 조심스럽지만\n기본은 뜨거운 성격。 그리고 성실。\n뭘 하든 기본은 체력이라고 생각한다。
0x3254EC	23	0x32ECEC	340	双\0利一（そう\0りいち）\0\0\0\0\0\0\0	소 리이치（소리이치）\0\0\0\0\0\0\0
0x329774	129	0x32ECEC	341	速さのみを追求した男。\n力や技術など素早さの前では無意味だと\n思っている。\nよって、普段から早口で話しているが、\n一年に二回ぐらい口から血が出ているの\nを見られている。\n意外とよくかむ・・・・・・。	빠르기만을 추구한 남자。\n힘이나 기술 따위는 빠름 앞에서 무의미하다고\n여긴다。\n그래서 평소에도 빠르게 말하지만、\n일 년에 두 번쯤 입에서 피가 나는 것이\n목격되고 있다。\n의외로 자주 씹는다・・・・・・。
0x326B20	33	0x32ECEC	342	No\0114\0\0\0\0\0\0\0\0六学院\0\0\0\0\0\0\0	No\0114\0\0\0\0\0\0\0\0로쿠가쿠인\0\0\0\0\0\0\0
0x325B04	27	0x32ECEC	343	六学院\0竹助（ろくがくいん\0たけすけ）\0\0	로쿠가쿠인 타케스케\0\0
0x32CC00	221	0x32ECEC	344	昔はガリガリの貧弱な体格だったが、\n何事にも自信が持てない自分に嫌気がさし\n自分を鍛えるために少森寺の門を叩いた。\n訓練では無茶なしごきと合理的な訓練を\n使い分けるうまさがある。\n体作りの元となる食事にも気をつかう。\n実は和食料理店の三男坊だが、\n調理は少森寺に来て覚えた。\n少森寺にある野菜畑の管理者でもある。	옛날에는 뼈만 앙상한 빈약한 체격이었지만、\n무슨 일에도 자신이 없는 자신이 싫어져\n몸을 단련하려 소삼사의 문을 두드렸다。\n훈련에서는 무자비한 굴리기와 합리적인 훈련을\n가려 쓰는 재주가 있다。\n몸 만들기의 바탕이 되는 식사에도 신경 쓴다。\n실은 일식집의 삼남이지만\n요리는 소삼사에 와서 배웠다。\n소삼사에 있는 채소밭 관리자이기도 하다。
0x3266E4	31	0x32ECEC	345	No\0115\0\0\0\0\0\0\0\0進藤\0\0\0\0\0\0\0	No\0115\0\0\0\0\0\0\0\0신도\0\0\0\0\0\0\0
0x325D50	28	0x32ECEC	346	進藤英智（しんどう\0ひでとも）\0\0\0\0\0\0\0\0	신도 히데토모（신도히데토모）\0\0\0\0\0\0\0\0
0x32AC00	162	0x32ECEC	347	幼い頃から才能に恵まれ、\n将来を期待されていたが、\nあることがきっかけで、\n医者の道を目指す。\n医者としての知識を身に付けるため\nしばらく寺を離れていたが、\n修行の場を離れても衰えていない\nその腕と指導力が認められ、\n現在、朱雀房を任されている。	어릴 적부터 재능을 타고나\n장래를 기대받았지만、\n어떤 일을 계기로\n의사의 길을 지망한다。\n의사로서의 지식을 익히기 위해\n한동안 절을 떠나 있었지만、\n수행의 장을 떠나서도 녹슬지 않은\n그 실력과 지도력을 인정받아\n현재 주작방을 맡고 있다。
0x326704	31	0x32ECEC	348	No\0116\0\0\0\0\0\0\0\0寺門\0\0\0\0\0\0\0	No\0116\0\0\0\0\0\0\0\0지몬\0\0\0\0\0\0\0
0x32560C	24	0x32ECEC	349	寺門\0男（じもん\0だん）\0\0\0\0\0\0\0\0	지몬 단（지몬단）\0\0\0\0\0\0\0\0
0x329A0C	134	0x32ECEC	350	赤ん坊の時に、お守りを握ったまま\n少森寺の前に捨てられていた。\nそして、寺の僧侶に育てられて\nたくましく成長した。\n物心ついてからは、お寺のある山の外には\n一度も出たことがないので、\n世間のことは全く知らない。	갓난아기였을 때 부적을 쥔 채로\n소삼사 앞에 버려져 있었다。\n그리고 절의 승려들 손에 자라\n씩씩하게 성장했다。\n철이 든 뒤로는 절이 있는 산 밖으로\n한 번도 나가 본 적이 없어서\n세상 물정을 전혀 모른다。
0x3273D8	35	0x32ECEC	351	No\0117\0\0\0\0\0\0\0\0光山先輩\0\0\0\0\0\0\0	No\0117\0\0\0\0\0\0\0\0미츠야마 선배\0\0\0\0\0\0\0
0x325D6C	28	0x32ECEC	352	光山\0平七（みつやま\0へいしち）\0\0\0\0\0\0\0	미츠야마 헤이시치\0\0\0\0\0\0\0
0x32C2F0	198	0x32ECEC	353	中国拳法マニア。\0他の格闘技は嫌いで\nその存在すら認めていない。\n多数の流派や使用武器、呼吸法など\n中国拳法に対するあらゆる知識が豊富だが\n本格的な拳法を学ぶのは少森寺が初めて。\n本当は中国で別の拳法を学びたかったが\nそこまでの根性はなく、とりあえず手近な\n少森寺に入門した。	중국권법 마니아。 다른 격투기는 싫어해서\n그 존재조차 인정하지 않는다。\n수많은 유파와 사용 무기、호흡법 등\n중국권법에 대한 온갖 지식이 풍부하지만\n본격적인 권법을 배우는 건 소삼사가 처음。\n사실은 중국에서 다른 권법을 배우고 싶었지만\n그 정도 근성은 없어서、일단 가까운\n소삼사에 입문했다。
0x326B44	33	0x32ECEC	354	No\0118\0\0\0\0\0\0\0\0松竹珍\0\0\0\0\0\0\0	No\0118\0\0\0\0\0\0\0\0쇼치쿠친\0\0\0\0\0\0\0
0x325998	26	0x32ECEC	355	松竹\0珍（しょうちく\0ちん）\0\0\0\0\0\0\0\0	쇼치쿠 친（쇼치쿠친）\0\0\0\0\0\0\0\0
0x328230	65	0x32ECEC	356	謎の修行僧。\nなにが謎といって、まずその外見。\n髪型も変だ。\0妙に硬そうだし。\nまるで帽子のようだ。	수수께끼의 수행승。\n뭐가 수수께끼냐면、우선 그 겉모습。\n머리 모양도 이상하다。 묘하게 딱딱해 보이고。\n꼭 모자 같다。
0x326724	31	0x32ECEC	357	No\0119\0\0\0\0\0\0\0\0師匠\0\0\0\0\0\0\0	No\0119\0\0\0\0\0\0\0\0스승\0\0\0\0\0\0\0
0x325214	17	0x32ECEC	358	師匠（ししょう）\0\0\0\0\0\0	스승（시쇼）\0\0\0\0\0\0
0x329190	120	0x32ECEC	359	少森寺の僧院長。\n柔和な外見だが、融通が効かない。\nときどききまぐれ。ときどきわがまま。\nなにを考えているのか、まったく\nわからない。ボケたふりもする。\nすごく強いらしいが、\nあまり技を見せることはない。	소삼사의 승원장。\n온화한 겉모습이지만 융통성이 없다。\n가끔 변덕。가끔 제멋대로。\n무슨 생각을 하는지 도무지\n알 수 없다。노망난 척도 한다。\n굉장히 강하다고 하지만\n좀처럼 기술을 보여주지 않는다。
0x326B68	33	0x32ECEC	360	No\0120\0\0\0\0\0\0\0\0同級生\0\0\0\0\0\0\0	No\0120\0\0\0\0\0\0\0\0동급생\0\0\0\0\0\0\0
0x3250C0	15	0x32ECEC	361	同級生\0\0\0\0\0\0\0\0	동급생\0\0\0\0\0\0\0\0
0x328FB0	118	0x32ECEC	362	主人公と同級生で野球部の選手。\n小森寺の合宿には先生が同行した\nはずだが、主人公がいないことを\nまったく気にせずに合宿を続行。\n非常におおらかな校風で好感が持てる。	주인공과 동급생인 야구부 선수。\n쇼모리지 합숙에는 선생이 동행했을\n텐데、주인공이 없다는 것을\n전혀 신경 쓰지 않고 합숙을 강행。\n대단히 대범한 교풍이라 호감이 간다。
0x327550	38	0x32ECEC	363	No\0121\0\0\0\0\0\0\0\0主人公の母親\0\0\0\0\0\0\0	No\0121\0\0\0\0\0\0\0\0주인공의 어머니\0\0\0\0\0\0\0
0x32537C	20	0x32ECEC	364	主人公の母親\0\0\0\0\0\0\0\0	주인공의 어머니\0\0\0\0\0\0\0\0
0x328170	61	0x32ECEC	365	息子が怪しげな宗教団体で\n訓練されているというのに\n平然としている。\n・・・実に大物である。	아들이 수상쩍은 종교단체에서\n훈련받고 있다는데도\n태연하다。\n・・・참으로 거물이다。
0x326B8C	33	0x32ECEC	366	No\0122\0\0\0\0\0\0\0\0作成中\0\0\0\0\0\0\0	No\0122\0\0\0\0\0\0\0\0제작중\0\0\0\0\0\0\0
0x324EF0	15	0x32ECEC	367	作成中\0\0\0\0\0\0\0\0	제작중\0\0\0\0\0\0\0\0
0x324984	7	0x32ECEC	368	作成中	제작중
0x326BB0	33	0x32ECEC	369	No\0123\0\0\0\0\0\0\0\0作成中\0\0\0\0\0\0\0	No\0123\0\0\0\0\0\0\0\0제작중\0\0\0\0\0\0\0
0x326BD4	33	0x32ECEC	372	No\0124\0\0\0\0\0\0\0\0作成中\0\0\0\0\0\0\0	No\0124\0\0\0\0\0\0\0\0제작중\0\0\0\0\0\0\0
0x326BF8	33	0x32ECEC	375	No\0125\0\0\0\0\0\0\0\0作成中\0\0\0\0\0\0\0	No\0125\0\0\0\0\0\0\0\0제작중\0\0\0\0\0\0\0
0x326C1C	33	0x32ECEC	378	No\0126\0\0\0\0\0\0\0\0作成中\0\0\0\0\0\0\0	No\0126\0\0\0\0\0\0\0\0제작중\0\0\0\0\0\0\0
0x326C40	33	0x32ECEC	381	No\0127\0\0\0\0\0\0\0\0作成中\0\0\0\0\0\0\0	No\0127\0\0\0\0\0\0\0\0제작중\0\0\0\0\0\0\0
0x326C64	33	0x32ECEC	384	No\0128\0\0\0\0\0\0\0\0作成中\0\0\0\0\0\0\0	No\0128\0\0\0\0\0\0\0\0제작중\0\0\0\0\0\0\0
0x326D18	33	0x32ECEC	387	No\0129\0\0\0\0\0\0\0\0作成中\0\0\0\0\0\0\0	No\0129\0\0\0\0\0\0\0\0제작중\0\0\0\0\0\0\0
0x326C88	33	0x32ECEC	390	No\0130\0\0\0\0\0\0\0\0作成中\0\0\0\0\0\0\0	No\0130\0\0\0\0\0\0\0\0제작중\0\0\0\0\0\0\0
0x326CAC	33	0x32ECEC	393	No\0131\0\0\0\0\0\0\0\0作成中\0\0\0\0\0\0\0	No\0131\0\0\0\0\0\0\0\0제작중\0\0\0\0\0\0\0
0x326CF4	33	0x32ECEC	396	No\0132\0\0\0\0\0\0\0\0作成中\0\0\0\0\0\0\0	No\0132\0\0\0\0\0\0\0\0제작중\0\0\0\0\0\0\0
0x326D60	33	0x32ECEC	399	No\0133\0\0\0\0\0\0\0\0作成中\0\0\0\0\0\0\0	No\0133\0\0\0\0\0\0\0\0제작중\0\0\0\0\0\0\0
0x326E14	33	0x32ECEC	402	No\0134\0\0\0\0\0\0\0\0作成中\0\0\0\0\0\0\0	No\0134\0\0\0\0\0\0\0\0제작중\0\0\0\0\0\0\0
0x326DA8	33	0x32ECEC	405	No\0135\0\0\0\0\0\0\0\0作成中\0\0\0\0\0\0\0	No\0135\0\0\0\0\0\0\0\0제작중\0\0\0\0\0\0\0
0x326EA4	33	0x32ECEC	408	No\0136\0\0\0\0\0\0\0\0作成中\0\0\0\0\0\0\0	No\0136\0\0\0\0\0\0\0\0제작중\0\0\0\0\0\0\0
0x326F34	33	0x32ECEC	411	No\0137\0\0\0\0\0\0\0\0作成中\0\0\0\0\0\0\0	No\0137\0\0\0\0\0\0\0\0제작중\0\0\0\0\0\0\0
0x3271E0	33	0x32ECEC	414	No\0138\0\0\0\0\0\0\0\0作成中\0\0\0\0\0\0\0	No\0138\0\0\0\0\0\0\0\0제작중\0\0\0\0\0\0\0
0x326DCC	33	0x32ECEC	417	No\0139\0\0\0\0\0\0\0\0作成中\0\0\0\0\0\0\0	No\0139\0\0\0\0\0\0\0\0제작중\0\0\0\0\0\0\0
0x326AFC	33	0x32ECEC	420	No\0140\0\0\0\0\0\0\0\0作成中\0\0\0\0\0\0\0	No\0140\0\0\0\0\0\0\0\0제작중\0\0\0\0\0\0\0
0x326D84	33	0x32ECEC	423	No\0141\0\0\0\0\0\0\0\0作成中\0\0\0\0\0\0\0	No\0141\0\0\0\0\0\0\0\0제작중\0\0\0\0\0\0\0
0x326DF0	33	0x32ECEC	426	No\0142\0\0\0\0\0\0\0\0作成中\0\0\0\0\0\0\0	No\0142\0\0\0\0\0\0\0\0제작중\0\0\0\0\0\0\0
0x326E38	33	0x32ECEC	429	No\0143\0\0\0\0\0\0\0\0作成中\0\0\0\0\0\0\0	No\0143\0\0\0\0\0\0\0\0제작중\0\0\0\0\0\0\0
0x326AB4	33	0x32ECEC	432	No\0144\0\0\0\0\0\0\0\0作成中\0\0\0\0\0\0\0	No\0144\0\0\0\0\0\0\0\0제작중\0\0\0\0\0\0\0
0x326A48	33	0x32ECEC	435	No\0145\0\0\0\0\0\0\0\0作成中\0\0\0\0\0\0\0	No\0145\0\0\0\0\0\0\0\0제작중\0\0\0\0\0\0\0
0x326EC8	33	0x32ECEC	438	No\0146\0\0\0\0\0\0\0\0作成中\0\0\0\0\0\0\0	No\0146\0\0\0\0\0\0\0\0제작중\0\0\0\0\0\0\0
0x326EEC	33	0x32ECEC	441	No\0147\0\0\0\0\0\0\0\0作成中\0\0\0\0\0\0\0	No\0147\0\0\0\0\0\0\0\0제작중\0\0\0\0\0\0\0
0x326F10	33	0x32ECEC	444	No\0148\0\0\0\0\0\0\0\0作成中\0\0\0\0\0\0\0	No\0148\0\0\0\0\0\0\0\0제작중\0\0\0\0\0\0\0
0x326F58	33	0x32ECEC	447	No\0149\0\0\0\0\0\0\0\0作成中\0\0\0\0\0\0\0	No\0149\0\0\0\0\0\0\0\0제작중\0\0\0\0\0\0\0
0x326FC4	33	0x32ECEC	453	No\0151\0\0\0\0\0\0\0\0作成中\0\0\0\0\0\0\0	No\0151\0\0\0\0\0\0\0\0제작중\0\0\0\0\0\0\0
0x326FE8	33	0x32ECEC	456	No\0152\0\0\0\0\0\0\0\0作成中\0\0\0\0\0\0\0	No\0152\0\0\0\0\0\0\0\0제작중\0\0\0\0\0\0\0
0x32700C	33	0x32ECEC	459	No\0153\0\0\0\0\0\0\0\0作成中\0\0\0\0\0\0\0	No\0153\0\0\0\0\0\0\0\0제작중\0\0\0\0\0\0\0
0x327030	33	0x32ECEC	462	No\0154\0\0\0\0\0\0\0\0作成中\0\0\0\0\0\0\0	No\0154\0\0\0\0\0\0\0\0제작중\0\0\0\0\0\0\0
0x327054	33	0x32ECEC	465	No\0155\0\0\0\0\0\0\0\0作成中\0\0\0\0\0\0\0	No\0155\0\0\0\0\0\0\0\0제작중\0\0\0\0\0\0\0
0x327078	33	0x32ECEC	468	No\0156\0\0\0\0\0\0\0\0作成中\0\0\0\0\0\0\0	No\0156\0\0\0\0\0\0\0\0제작중\0\0\0\0\0\0\0
0x32709C	33	0x32ECEC	471	No\0157\0\0\0\0\0\0\0\0作成中\0\0\0\0\0\0\0	No\0157\0\0\0\0\0\0\0\0제작중\0\0\0\0\0\0\0
0x3270E4	33	0x32ECEC	474	No\0158\0\0\0\0\0\0\0\0作成中\0\0\0\0\0\0\0	No\0158\0\0\0\0\0\0\0\0제작중\0\0\0\0\0\0\0
0x327108	33	0x32ECEC	477	No\0159\0\0\0\0\0\0\0\0作成中\0\0\0\0\0\0\0	No\0159\0\0\0\0\0\0\0\0제작중\0\0\0\0\0\0\0
