offset	budget	opcode	occurrences	jp	ko
0x33377A	3	FF	59	ペうす	
0x33413A	3	FC	13	ァてふ	
0x33452E	6	FF	12	ペもくァＲり	
0x3322D5	3	FA	12	みペ）	
0x3336A6	10	FF	10	ペぉミァＲがうみペ）	
0x33338B	5	FF	10	険ぜペ）	
0x333906	3	FF	10	ペうせ	
0x335BBA	7	FF	7	ペうミァＲく２	
0x336CF5	8	FF	6	しペ）みせＥ）あ	
0x332521	3	F800	6	いタ（	
0x333F26	3	FF	6	ァてね	
0x33291E	3	FA	5	ィ（う	
0x336FD6	7	FF	4	ペもくァＲりく	
0x336C72	6	F9	4	ペうミァＲく	
0x333E4E	3	FF	4	Ｙおそ	
0x333F22	3	FF	4	ヂなァ	
0x3340FE	3	FC	4	ヂなぜ	
0x33480A	3	FC	4	ァてと	
0x3314C5	8	FF	3	しペ）みせペ）あ	
0x332E26	7	FF	3	ぁ）ァぜはいた	
0x333FE6	7	F803	3	ヂなあけァてね	
0x336DF6	7	FF	3	ペもミァＲりあ	
0x332F81	3	FA	3	ぜペ）	
0x3334C6	3	FF	3	オ）う	
0x334252	3	FC	3	ヂなあ	
0x339FAA	15	FF	2	ペもくァＲりいんペ）めんペ）あ	
0x333B21	8	F9	2	しペ）みせペ）く	
0x333AFA	7	F9	2	ペうたァＲくザ	
0x333B2E	7	F9	2	ペもたァＲりあ	
0x333E2E	7	FF	2	ペもたァＲりく	
0x333EEA	7	FF	2	ヂなあきァてね	
0x333F06	7	FF	2	ヂないきァてね	
0x333F3E	7	FF	2	ヂないこァてね	
0x333F5A	7	FF	2	ヂなあさァてね	
0x333F76	7	FF	2	ヂないさァてね	
0x333F92	7	FF	2	ヂなあしァてね	
0x333FAE	7	FF	2	ヂないしァてね	
0x333FCA	7	F803	2	ヂなあこァてね	
0x334002	7	F803	2	ヂないけァてね	
0x33401E	7	F803	2	ヂなあおァてね	
0x33403A	7	F803	2	ヂなあえァてね	
0x334056	7	F803	2	ヂないえァてね	
0x334072	7	F803	2	ヂなあうァてね	
0x33408E	7	F803	2	ヂなあくァてね	
0x3340AA	7	F803	2	ヂないくァてね	
0x3340E2	7	FC	2	ヂないうァてね	
0x33411A	7	FC	2	ヂないしァてふ	
0x334152	7	FC	2	ヂなあさァてふ	
0x3341FE	7	FC	2	ヂないさァてふ	
0x3342DE	7	FC	2	ヂなあかァてね	
0x334372	7	FC	2	ペダたァＲバが	
0x33438A	7	FC	2	ヂなあしァてふ	
0x334CB2	7	FF	2	ペてミァＲねえ	
0x336E2A	7	FF	2	ペェシいォッつ	
0x336E7A	7	FF	2	ペてミァＲねあ	
0x3396F6	7	FA	2	ペもシいォゆあ	
0x33A4BE	7	FF	2	ペもがァＲりく	
0x33337F	6	FF	2	険ぜＥ）あ	
0x3381BA	6	F883	2	Ｒがうみペ）	
0x338293	6	F800	2	』いぽペ）あ	
0x33837E	6	FF	2	イ）く。ゴつ	
0x3383AA	6	FF	2	ア）く。ゴつ	
0x331051	4	FF	2	ぽッ（い	
0x33134D	4	FF	2	みゥ（い	
0x331E05	4	FF	2	ぃペてこ	
0x336E09	4	FF	2	覆ズえ	
0x3382F2	4	F800	2	イ）俄	
0x330F4A	3	F9	2	ズ姶	
0x332119	3	FA	2	たペ）	
0x3328FE	3	FA	2	ペうあ	
0x333E3A	3	FF	2	ペもた	
0x333E3E	3	FF	2	Ｙゆい	
0x333E4A	3	FF	2	ペうた	
0x333E5A	3	FF	2	ペうつ	
0x333E7E	3	FF	2	ペうて	
0x333E8E	3	FF	2	ペうと	
0x334136	3	FC	2	ヂなみ	
0x3342FA	3	FC	2	ヂなく	
0x334316	3	FC	2	ヂなた	
0x334392	3	FC	2	ォなふ	
0x3343AE	3	FC	2	ォなあ	
0x334822	3	FC	2	ゼなた	
0x336DDE	3	FF	2	な）あ	
0x33827A	3	F800	2	ゥ（く	
0x33A652	3	FC	2	イてう	
0x33215A	31	F887	1	Ｒ隠ドくいゲずはいＱずはいァぜはいとじはいガョョョくぜを鎧	
0x33BA37	27	FE	1	みひにちしきいプぶづずぐをるゆむふぬつすくうペべでぜげ	
0x33BA55	22	FE	1	めへねてせけえポぼどぞごんろよもほのとそこお	
0x33BA20	20	FE	1	パばだざがわらやまはなたさかあピびぢじぎ	
0x332D7A	19	FF	1	ぁ）ァぜはいぜをさいクチこいタチこいた	
0x332CCB	17	FA	1	鷺ァＲ叡ぜはいクチこいタチこい	
0x332425	16	FA	1	ァＲ嘘ドくい志はいねぜはいた	
0x334CC6	15	FF	1	ペうミァＲ叡ぜはいたぜを誼	
0x332CE8	14	FF	1	（じはいガョョョカオオオオい	
0x331C77	13	FF	1	ＯがァＲ叡ぜはいボじはい	
0x333C91	12	FF	1	くペ）みがペ）ぢえペ）せ	
0x331195	11	F820	1	ペしい椴を峨ぽペ）	
0x332DA2	11	FF	1	ぁ）ァぜはいくぜを崖	
0x332E7A	11	FF	1	ぁ）ァぜはいくぜを葛	
0x33B8AA	11	FF	1	アう筒ＷうさたＵおほ	
0x33B8BA	11	FF	1	ぁ）いおきああいいかあ	
0x3339B6	10	FF	1	ペうミァＲくあぃペ）	
0x334C7E	10	FF	1	ペうミァＲくえみペ）	
0x338162	10	FF	1	ペうミァＲ叡ぜはい	
0x3383CE	10	F883	1	Ｒ英ざはいァぜはい	
0x33B2E6	10	F880	1	Ｒ叡ぜはいワざはい	
0x331CC3	9	F810	1	こねほィ）ばメペ）	
0x33626B	9	FF	1	こせザペ）りゲゲ）	
0x330E00	8	-	1	たぜを峨ぜペ）	
0x3320DE	8	FF	1	ペ）けたペ）４ワ	
0x332FB5	8	FA	1	たで（あいペ）く	
0x3334E1	8	FF	1	タペもずタかぇは	
0x333521	8	FF	1	タペもずタかぇこ	
0x3371F2	8	FF	1	ペもくァＲりづち	
0x339219	8	FF	1	せペ）みしゥ）け	
0x33AE16	8	FF	1	ペもくァＲりげい	
0x33B8D2	8	FF	1	おうきあえいうあ	
0x330E92	7	F9	1	ペう念Ｒくネ	
0x333551	7	FF	1	タペもずタかぇ	
0x333A02	7	FF	1	ペてミァＲねゆ	
0x333B4E	7	F9	1	ペうたァＲくタ	
0x3340C6	7	FC	1	ヂなあいァてね	
0x3341E2	7	FC	1	ヂなあけァてふ	
0x3342A6	7	FC	1	ヂなあこァてふ	
0x3342C2	7	FC	1	ヂないこァてふ	
0x3347EA	7	FC	1	ゼないあァてた	
0x33485A	7	FC	1	ゼないいァてた	
0x334876	7	FC	1	ゼなああァてた	
0x334892	7	FC	1	ゼなあかァてた	
0x3348AE	7	FC	1	ゼないえァてた	
0x3348CA	7	FC	1	ゼなあうァてた	
0x3348E6	7	FC	1	ゼないうァてた	
0x334902	7	FC	1	ゼなあいァてた	
0x334D76	7	FF	1	ペうたァＲくぽ	
0x335172	7	FF	1	ヂないおァてね	
0x335C4E	7	FF	1	ペてミァＲねか	
0x3360CA	7	FF	1	ペてミァＲねお	
0x336B06	7	FF	1	ペうミァＲくＩ	
0x336BAA	7	FF	1	ペてミァＲねう	
0x336C2A	7	F9	1	ペ）つ剖原	
0x337ABE	7	FF	1	ペてミァＲねこ	
0x33814A	7	FF	1	ペてミァＲねけ	
0x338B26	7	FF	1	ペてミァＲねき	
0x339026	7	FF	1	ペてミァＲねく	
0x3391A2	7	FF	1	ペうミァＲくこ	
0x3396AA	7	FF	1	ペうミァＲくさ	
0x33A402	7	FF	1	て）ゅみＺなお	
0x33A7A2	7	FF	1	て）すみＺなお	
0x33B949	7	FE	1	うこくきさかけ	
0x3334EB	6	FF	1	詰たェ（い	
0x3393DE	6	F9	1	ペうがァＲく	
0x33A5E2	6	FF	1	ペもがァＲり	
0x33B8C6	6	FF	1	おうきえいか	
0x331CDF	5	FF	1	こにとィ）	
0x331F9D	5	F847	1	たペ）こじ	
0x332235	5	FC	1	ぃペ）うぎ	
0x332271	5	F838	1	みペ）ジぎ	
0x332299	5	FA	1	ぃペ）ぺじ	
0x3322C1	5	FA	1	ぃペ）Ｐベ	
0x336139	5	FF	1	Ｕゥ（ずみ	
0x33B900	5	FF	1	いこうこい	
0x33148D	4	FF	1	あピ・ぃ	
0x3318AD	4	FF	1	たあつお	
0x331C46	4	FF	1	オ）媚	
0x334171	4	FC	1	覆ズう	
0x33435A	4	FC	1	ペ）戸	
0x33615E	4	FF	1	ぽ）ぜ	
0x3383B6	4	F883	1	Ｒねウえ	
0x3399A9	4	F9	1	シィ）か	
0x33B8CD	4	FF	1	あえいか	
0x330FBE	3	F9	1	ド阿	
0x3312D2	3	F9	1	バ阿	
0x331339	3	FF	1	ぜッ（	
0x331482	3	FF	1	ザ亜	
0x3314DB	3	FF	1	向あ	
0x3314DF	3	FF	1	込あ	
0x331527	3	FF	1	こぬい	
0x33153F	3	FF	1	はゾい	
0x3315BA	3	FA	1	プおい	
0x3315C2	3	FA	1	ぽうこ	
0x331BE2	3	FF	1	ペ）よ	
0x331D2E	3	F883	1	Ｒくあ	
0x3320D2	3	FF	1	ペ）か	
0x332261	3	FA	1	ぃペ）	
0x3324C6	3	F880	1	アェは	
0x3324D2	3	F800	1	アぉぬ	
0x332526	3	F800	1	ゥ（う	
0x332542	3	F800	1	…ッズ	
0x332546	3	F800	1	ぽェふ	
0x332552	3	F800	1	ぽぉの	
0x3325B2	3	F800	1	ぽ）そ	
0x3325DB	3	F800	1	はぺう	
0x3327DE	3	F9	1	ァぇか	
0x332823	3	FA	1	はＲい	
0x3328CA	3	FA	1	ァぇう	
0x3328CE	3	FA	1	ぜめえ	
0x332902	3	FA	1	ぜつえ	
0x332966	3	FA	1	ぜゥう	
0x33296A	3	FA	1	ァゾえ	
0x33299E	3	FA	1	ァつえ	
0x332B99	3	FC	1	みェ（	
0x332C12	3	F9	1	ア）あ	
0x332C16	3	F9	1	ぞいか	
0x332C96	3	F880	1	Ｒくぃ	
0x332D46	3	FF	1	アうほ	
0x333042	3	FA	1	」ゆい	
0x333046	3	FA	1	Ｕもし	
0x3330BE	3	FF	1	ぁ）え	
0x3330DA	3	FF	1	ぁ）く	
0x3330F6	3	FF	1	ぁ）た	
0x333112	3	FF	1	ぁ）み	
0x33312E	3	FF	1	ぁ）ぜ	
0x33314A	3	FF	1	ぁ）ァ	
0x3332DA	3	FF	1	ぁ）あ	
0x3332F6	3	FF	1	ぁ）ふ	
0x333377	3	FF	1	こサさ	
0x33337B	3	FF	1	後た	
0x333387	3	FF	1	は」ち	
0x3333A7	3	FF	1	こぺさ	
0x3333AB	3	FF	1	菜な	
0x3333B7	3	FF	1	は冊	
0x3333C7	3	FF	1	はりこ	
0x3333D7	3	FF	1	はブと	
0x3333E7	3	FF	1	はソて	
0x3333F7	3	FF	1	はと	
0x33341F	3	FF	1	は５さ	
0x33342F	3	FF	1	はＷし	
0x33344F	3	FF	1	はぜお	
0x333A3E	3	FF	1	て）せ	
0x333B96	3	F9	1	ペてい	
0x333BFD	3	FF	1	（うめ	
0x33426E	3	FC	1	ヂなえ	
0x33428A	3	FC	1	ヂない	
0x334302	3	FC	1	ォなＡ	
0x33431E	3	FC	1	ォなズ	
0x33433A	3	FC	1	ォなヤ	
0x334356	3	FC	1	ォなえ	
0x334806	3	FC	1	ゼなく	
0x334826	3	FC	1	ァてた	
0x33489A	3	FC	1	ィなＥ	
0x3348B6	3	FC	1	ィなヂ	
0x3348D2	3	FC	1	ィなリ	
0x3348EE	3	FC	1	ィなシ	
0x33490A	3	FC	1	ィなぜ	
0x33491E	3	FC	1	ゼない	
0x334926	3	FC	1	ィなや	
0x33493A	3	FC	1	ゼなえ	
0x334942	3	FC	1	ィなあ	
0x335292	3	F800	1	ォな❤	
0x33622A	3	FF	1	ウ）あ	
0x3371AE	3	FF	1	アてさ	
0x338622	3	F883	1	Ｒねあ	
0x339242	3	FF	1	ァ）え	
0x3394FE	3	FF	1	ペもあ	
0x33ADC2	3	FF	1	アてう	
0x33B8B6	3	FF	1	ぁ）ほ	
0x33B908	3	FE	1	かこお	
