n	offset	occurrences	max_syl	jp	ko
1	0x2a2440	1		はい	예
2	0x2a2443	1		 いいえ	노
3	0x2a2448	1		システム	설정
4	0x2a244d	1		   システム	  설정
5	0x2a2455	1		   システム	  설정
6	0x2a245d	1		   戻ります	복귀
7	0x2a2466	1		  うろつきます	배회
8	0x2a246f	1		 バンザイします	만세
9	0x2a2478	1		試合開始	시합개시
10	0x2a2481	1		   練習をします	연습
11	0x2a248d	1		   回復をします	회복
12	0x2a2499	1		   回復をします	회복
13	0x2a24a5	1		   貿易をします	무역
14	0x2a24b1	1		   パーツを買います	부품 구입
15	0x2a24be	1		  能力を上げます	능력 강화
16	0x2a24cb	1		 はい やり直します	예 다시
17	0x2a24d7	1		 能力を上げます	능력 강화
18	0x2a24e3	1		 アイテムを使います	아이템
19	0x2a24ef	1		 能力を上げます	능력 강화
20	0x2a24fb	1		 他の星に行きます	다른 별
21	0x2a2508	1		ナゾの箱を開けます	상자 열기
22	0x2a2514	1		セーブして 続けます	저장 계속
23	0x2a2520	1		イベント短縮 ＯＮ	단축 ＯＮ
24	0x2a252c	1		初めからやり直します	처음부터
25	0x2a2539	1		   ビタミン剤を飲みます	비타민제
26	0x2a2549	1		   この星を冒険します	별 탐험
27	0x2a2559	1		   セーブして 終わります	저장 종료
28	0x2a2569	1		   いいえ やり直しません	아뇨 유지
29	0x2a2579	1		   イベントを 短くします	연출 단축
30	0x2a2589	1		   イベント短縮 ＯＦＦ	단축 ＯＦＦ
31	0x2a2599	1		   回復薬を飲みます	회복약
32	0x2a25a9	1		   仲間を入れ替えます	동료 교체
33	0x2a25ba	1		  セーブして 終了します	저장 후 종료
34	0x2a25ca	1		  試合日程を見ます	일정 보기
35	0x2a25da	1		  日程を一日進めます	하루 진행
36	0x2a25eb	1		 宇宙船を修理します	우주선 수리
