word	note
쿵	타격·낙하
쾅	폭발·문
쿵쾅	연속 타격
우당탕	넘어짐
와장창	깨짐
쨍그랑	유리
덜컹	흔들림
덜그럭	잡음
삐걱	마찰
끼익	제동
끼이익	긴 제동
철컥	금속
덜컥	걸림
달칵	스위치
찰칵	촬영
퍽	타격
퍼억	강타
빡	타격
팍	타격
툭	가벼운 접촉
탁	가벼운 타격
딱	딱 소리
뚝	끊김
뚝딱	작업
똑딱	시계
째깍	시계
쩡	울림
쨍	울림
붕	가속
부웅	가속
슈욱	통과
쐐액	빠른 통과
휙	빠른 이동
획	빠른 이동
쌩	질주
씽	질주
윙	모터
웅	저음
웨엥	사이렌
삐용	효과음
부릉	엔진
빵빵	경적
따르릉	전화
띠링	알림
딩동	초인종
반짝	빛
번쩍	섬광
두근	심장
뾰족	모양
팔랑	가벼움
나풀	가벼움
훌훌	가벼움
훌쩍	울음·이동
헉	놀람
헐떡	숨참
후유	안도
휴	안도
하아	한숨
허억	놀람
으윽	고통
끄응	힘줌
낑	힘줌
헥헥	숨참
낄낄	웃음
킥킥	웃음
큭큭	웃음
푸훗	웃음
흐흐	웃음
허허	웃음
히히	웃음
하하	웃음
호호	웃음
후후	웃음
헤헤	웃음
씩씩	기운
꺄악	비명
꺅	비명
으악	비명
아악	비명
우와	감탄
와아	감탄
오오	감탄
어라	의아
흠	생각
흐음	생각
에엥	당황
헤에	감탄
촤악	물
촥	물
쏴아	물
쏴	물
좔좔	물
졸졸	물
콸콸	물
쑥	삽입
쓱	스침
슥	스침
스윽	스침
사각	자르기
서걱	자르기
바스락	부스러기
부스럭	부스러기
와삭	씹기
아삭	씹기
우적	씹기
쩝쩝	먹기
후루룩	먹기
꿀꺽	삼킴
꼴깍	삼킴
드르렁	코골이
쿨쿨	수면
새근	수면
쌕쌕	수면
짹짹	새
야옹	고양이
멍멍	개
꼬끼오	닭
삐약	병아리
음메	소
히힝	말
썰렁	분위기
퉤	뱉기
캉	타격
잽	권투
뻑	타격
얍	기합
웩	구역질
홋	감탄
펀	펀치
옹	울림
춤	동작
웜	웜홀
탱	탄성
휑	공허
삭	깎임
킥	발차기
엎	엎드림
잣	의성어 어미
촤	물
탔	탑승
앓	앓다
캔	깡통
쏜	발사
휜	휘어짐
퉁	튕김
푸슉	김빠짐
치익	굽기
지글	굽기
보글	끓기
부글	끓기
뽀글	끓기
삐삐	기계음
뿌우	나팔
뻥	터짐
펑	터짐
팡	터짐
텅	빈 소리
통	울림
퉁탕	소란
우지끈	부러짐
와지끈	부러짐
후두둑	비
주르륵	흐름
스르륵	미끄러짐
사르르	녹음
부르르	떨림
파르르	떨림
오들오들	떨림
덜덜	떨림
달달	떨림
벌벌	떨림
