offset	jp	ko
0x1C31BC	何もする気になれないなあ	아무것도 할 마음이 안 나네
0x1C3239	練習する気になれないや	연습할 마음이 안 나
0x1C3723	上手くいかなかった！	잘 안 됐어!
0x1C64A9	何も起こらなかった。	아무 일도 일어나지 않았다.
0x1C6FE0	良くない事が起こります	안 좋은 일이 일어납니다
0x1CB414	ああ、そうしよう。	그래, 그렇게 하자.
0x1CB421	ちょっと待った。	잠깐, 기다려.
0x1CBBA6	こっちも商売だからね。	이쪽도 장사니까 말이야.
0x1CBF08	ような気がするぞ。	그런 느낌이 드는데.
0x1CC17C	もっと上手にできないかな。	좀 더 잘할 수 없을까.
0x1CC37D	疲れているんだな。	지쳐 있구나.
0x1CC477	まったく、無用心だなぁ。	정말이지, 조심성이 없구나.
0x1CC53B	他に聞きたいことはあるか？	그 밖에 물어보고 싶은 건 있어?
0x1CC77A	他の場所でも見て回るか。	다른 곳도 둘러볼까.
0x1CCB60	がんばってるね。	열심히 하네.
0x1CCD1C	どうだ、俺の勝ちだな！	어때, 내가 이겼지!
0x1CCE46	ねえ、今から出かけない？	저기, 지금 나가지 않을래?
0x1CCE6E	お祭りがあるんだって。	축제가 있대.
0x1CCFBD	どうしたんです？	무슨 일이에요?
0x1CD124	試合で活躍しますから。	시합에서 활약할 테니까요.
0x1CD180	何度言ったらわかるの！	몇 번을 말해야 알아듣는 거야!
0x1CD38E	この店は閉まってるなぁ。	이 가게는 닫혀 있네.
0x1CD3B5	「欲しい方どうぞ」だって？	"원하시는 분 가져가세요"라고?
0x1CD3F4	売り物にならないのかな？	팔 물건이 안 되는 걸까?
0x1CD478	どうでもいいのでやんす！	아무래도 상관없다구요!
0x1CD4F6	今日の練習はどうだった？	오늘 연습은 어땠어?
0x1CD540	そうか、よかった。	그렇구나, 다행이다.
0x1CD68A	じゃあ、これでも食えよ。	그럼, 이거라도 먹어.
0x1CD6E1	もらっておくよ。	받아둘게.
0x1CD95C	変なものでも食べたかな？	이상한 거라도 먹었나?
0x1CDA75	ああ、そのつもりで来た。	응, 그럴 생각으로 왔어.
0x1CDDBD	わかった、つきあうよ。	알았어, 같이 가줄게.
0x1CDE6E	ああ、それじゃ仕方がない。	응, 그럼 어쩔 수 없지.
0x1CDE80	がんばってきてくれ。	힘내고 와.
0x1CDEC5	いきなり行っても大丈夫だよ。	갑자기 가도 괜찮아.
0x1D6C20	あそこの芝居は、どんなのか知らないけど	저기 연극은 어떤 건지 모르겠지만
0x21892D	別に俺のものにしたいわけじゃない。	딱히 내 것으로 만들고 싶은 건 아니야.
0x1DB3F9	いったいこれは、どういうことなんだね！	도대체 이게 무슨 일이야!
0x22BB0C	いや、用があるわけじゃないんだけど、	아니, 볼일이 있는 건 아니지만,
0x2430F9	だから諦めるしかないって言ってるだろ	그러니까 포기할 수밖에 없다고 말하잖아
0x210CFF	何もわけのわからないこと言ってんだ？	뭔 영문 모를 소리를 하는 거야?
0x1E656B	いったいどうなってしまうんだろう。	도대체 어떻게 되어버리는 걸까.
0x212C3C	だって、相場じゃこの値段なんだろ？	그치만, 시세로는 이 가격이잖아?
0x252F4D	よくわからないけど、やってみようか。	잘 모르겠지만, 해볼까.
0x1DFECF	あっという間にやっつけたでやんすね！	순식간에 해치웠네요!
0x212B9E	なんてったって、元プロ野球選手だからな	뭐니 뭐니 해도 전직 프로야구 선수니까
0x1CD76F	朝から気合が入っているようだな。	아침부터 기합이 들어가 있는 것 같네.
0x2298D0	ど、どうしたんだ、そんな大声を出して？	무, 무슨 일이야, 그렇게 큰 소리를 내고?
0x22A670	じゃあ、あれは買い物がメインだったの？	그럼, 그건 쇼핑이 메인이었던 거야?
0x148EB9	でも、そういうルールなのでやんす。	하지만 그런 규칙이라구요.
0x1491D6	ちゃんとセーブして終わるのでやんす。	제대로 세이브하고 끝내라구요.
0x149425	お疲れ様でした。	수고하셨습니다.
0x1C31E7	あ～早くケガが治らないかなぁ・・・	아~ 빨리 부상이 나으면 좋겠는데…
0x1C639A	おっ、野球のことが載ってるぞ。	오, 야구 얘기가 실려 있네.
0x09D798	追い込まれると弱くなります	궁지에 몰리면 약해집니다
0x09DB90	闘志あふれる投球をするようになる	투지 넘치는 투구를 하게 된다
0x09DBC0	外野から矢のような返球をします	외야에서 화살 같은 송구를 합니다
0x13EB1C	他の星に行きます	다른 별로 갑니다
0x13EB4C	初めからやり直します	처음부터 다시 시작합니다
0x13EC2C	女の子に会いに行きます	여자아이를 만나러 갑니다
