occ	budget	max	offset	jp	ko
3	7	3	0x563F08	ガ物ボデ坊	
3	7	3	0x58DAFC	女王モグラ	
3	6	3	0x574A65	欲しいもの	
3	6	3	0x5CD95C	ピカグッピー	
3	5	2	0x571C74	尅さい（	
3	5	2	0x585382	ペラです。	
3	4	2	0x57192C	２ろへい	
3	3	1	0x574B13	戦い	
3	3	1	0x58CE17	フジタ	
3	3	1	0x58D6AB	けもの	
2	24	12	0x5728A2	さいがあさいごあさいトぁへいやあさいみ３はい６あ	
2	12	6	0x5D19B3	はオイラ達に自分を	
2	8	4	0x5718BC	搭さい２ろへい	
2	7	3	0x571C8E	さいワれへい（	
2	6	3	0x563EF0	ゼソゲゥザ…	
2	6	3	0x563F20	ェシィサェネ	
2	6	3	0x571908	！１はいダあ	
2	5	2	0x587B3F	のりか星	
2	5	2	0x5B6FE8	ォゼむい（	
2	4	2	0x563E50	ゾコゲヅ	
2	4	2	0x572E1E	さい８あ	
1	28	14	0x571A2A	さい❤ぁへい！１はい２ろへい❤るへいぱろへい！１はいＡあ	
1	28	14	0x5B7DD4	。Ｑむい２０むいりＸむいぱパむいエ旧いワＣむいズ×むい	
1	25	12	0x5ACF18	わが一族には58機撃墜の者がいるし	
1	23	11	0x5ACF00	オレの撃墜した敵はたったの12機。	
1	22	11	0x571CB4	２ろへいヂわへいり３はいた３はい尅さいｲ	
1	21	10	0x5929EA	あのプラントはワシの就任一年目に	
1	21	10	0x592A00	完成した記念すべき物であるのに。	
1	21	10	0x592EAB	反射神経とプログラミング、デザイン	
1	21	10	0x5930C3	この際、手に入れられてはいかがです？	
1	21	10	0x593547	国家が管理していますから、そういう	
1	21	10	0x59362D	薬を手に入れるルートがあるはずだな。	
1	21	10	0x593F33	君の能力は写真記憶じゃない。	
1	21	10	0x593FA3	動いてるものを停止して見れるんだ。	
1	21	10	0x5946CE	下の連中をいじめるのが大好きよ。	
1	21	10	0x594AE9	そんな言葉をもらうとは思わなかった。	
1	21	10	0x594B38	なんなんだ、この色気のない部屋は。	
1	21	10	0x594BC5	いつも氷みたいな壁を作って他人を	
1	21	10	0x594E5F	その上、どんな物質も貫通するから	
1	21	10	0x59537B	まあ、ウソといっても確認する方法が	
1	21	10	0x5956B6	なお、６０トン以上輸送すると・・・	
1	21	10	0x595E3B	前に俺に因縁をつけてきた奴だな？	
1	21	10	0x595F24	全部さっきみたいに修理してるのか？	
1	21	10	0x596298	戦わなきゃいけない道理はないのよね。	
1	21	10	0x5963EA	ねえママー、これ全部食べていいのお？	
1	21	10	0x5965E9	ランキング一位の星なんでやんすよね。	
1	21	10	0x596EDC	お前にとって一番なのはわかっている。	
1	21	10	0x597D2E	増える、虫みたいな生き物でやんす。	
1	21	10	0x597D59	宇宙空間を移動するのでやんす。	
1	21	10	0x597EF5	オイラが応急処置しておくでやんす。	
1	21	10	0x598C19	あの娘には保護者が必要だから。	
1	21	10	0x5997FF	俺たち社員には、どうしようもないよ。	
1	21	10	0x59A2FF	この人を運ぶの手伝ってくださいよ。	
1	21	10	0x59A5CE	宇宙港と連絡をとって救助して	
1	21	10	0x59ACC6	だから、私は喜んでその連中を・・・	
1	21	10	0x59B746	お前の戦闘機、直撃を食らって	
1	21	10	0x59C000	なんだか、偉そうな肩書きでやんすね。	
1	21	10	0x59C8D7	生物化学研究所じゃないかな？	
1	21	10	0x59D3A8	共有できないアナログな価値観は、	
1	21	10	0x59D3BE	犯罪と不正の元になるということで	
1	21	10	0x59D723	成功させている悪魔のような奴だ。	
1	21	10	0x59DBC4	労働者ガ・・・全員大ケガ・・・	
1	21	10	0x59E089	無念を想像なされば、おわかりかと。	
1	21	10	0x59E6CE	人工的な戦闘生物じゃないか！	
1	21	10	0x59F2EB	戦うと決めた時点で、命のチップは	
1	21	10	0x59FB5E	もし、ワクチン不足で死者が出れば	
1	21	10	0x59FBB9	我々の指名した業者にやらせると	
1	21	10	0x59FC6A	宇宙の平和を脅かす存在として	
1	21	10	0x59FD78	ワクチンの買占めを行なっております。	
1	21	10	0x59FE4D	私腹をこやすのに利用しおって・・・	
1	21	10	0x59FE9D	あの男を信頼なさっておいでだからな。	
1	21	10	0x59FEE5	行けども行けども雪ばっかりでやんす。	
1	21	10	0x5A0BD0	見た目どおりの単なるお飾りであれば	
1	21	10	0x5A0CD3	目の前で逮捕された人がいただろ。	
1	21	10	0x5A10C8	傘のようにカバーすることが出来ます。	
1	21	10	0x5A2451	究極の兵士が研究されてたんだ。	
1	21	10	0x5A2479	反射神経と耐久力に優れた、	
1	21	10	0x5A2636	それまでの実験が失敗した原因は	
1	21	10	0x5A2BAD	冒して取材する奴は大勢いたさ。	
1	21	10	0x5A2BF8	そんな連中は世の中のためと信じて	
1	21	10	0x5A2C0E	自分の人生犠牲にして戦って、	
1	21	10	0x5A3AA1	作り出せない。」と言ってたそうです。	
1	21	10	0x5A4579	よくわからんが、この星だけで戦う限り	
1	21	10	0x5A5656	やめてやめて、せめて武器を使って～！	
1	21	10	0x5A56EE	裏切りの意味ぐらいわかってるよね？	
1	21	10	0x5A5CC5	その正義の味方の行動原理、	
1	21	10	0x5A6005	火山の中に逃げ込んだらしいわね。	
1	21	10	0x5A6375	経済の発展を阻害する以上、	
1	21	10	0x5A6677	失業者は犯罪者なのであります。	
1	21	10	0x5A66DB	お手持ちの身分証を奪うために。	
1	21	10	0x5A6877	武器さえ持っていれば、警備として	
1	21	10	0x5A68B2	傭兵として使われることもあるからな。	
1	21	10	0x5A6D80	富は再分配されてるんじゃないのか？	
1	21	10	0x5A72B4	ことですから、大変な事件ですよね。	
1	21	10	0x5A7473	巣窟であるこの星を破壊しろという	
1	21	10	0x5A768E	採掘作業をしてるだけなんですから。	
1	21	10	0x5A76A4	どうせ攻撃をするなら、私たちじゃなく	
1	21	10	0x5A7A4B	いろいろと肩身の狭い思いもしている	
1	21	10	0x5A7F30	何人か責任を取らされて処分。	
1	21	10	0x5A8F1A	ワクチンの禁輸を進言したと聞く。	
1	21	10	0x5A8F97	別の宇宙から来たヒーローでやんす。	
1	21	10	0x5A91A4	が絶対的な存在だったからでやんす	
1	21	10	0x5A9A2F	今じゃ、あんたは責任ある立場だ。	
1	21	10	0x5AB2AB	工場ヤ宇宙船、採掘設備ガ	
1	21	10	0x5ABF11	都合の悪い勢力を排除するのに	
1	21	10	0x5AC051	もしくは、最後に残った強国である	
1	21	10	0x5AC0B8	宇宙経済は活性化するからだ。	
1	21	10	0x5AC719	反粒子を放出してブラックホールは	
1	21	10	0x5AC788	絶対無敵弾の発射準備を。	
1	21	10	0x5AD6FF	何隻やっつけたとか、数えてないのか？	
1	21	10	0x5AD7C9	の敵には圧倒的な数の獲物が！	
1	21	10	0x5ADED8	惑星改造の失敗なんかじゃない。	
1	21	10	0x5ADF4E	進化の可能性に魅せられたのか。	
1	21	10	0x5ADFA5	開発した生物兵器で、いくつかの	
1	21	10	0x5ADFE2	あれは有効性をテストしたんでしょう？	
1	21	10	0x5AEB03	あなたと家族に１０万ペラの報酬を	
1	21	10	0x5AF34F	おもしろい場所に連れて行ってくれる	
1	21	10	0x5AF3CD	監視カメラもないし、警備もいない。	
1	21	10	0x5AF511	住民でいっぱいだと思ってたでやんす。	
1	21	10	0x5AF751	置き換えてみても問題がありません。	
1	21	10	0x5AF829	そして老いと成長が色を加えます。	
1	21	10	0x5AF89F	人格を構成するプログラムは、コピー	
1	21	10	0x5AF8DD	私の記憶と人格は、ひょっとしたら	
1	21	10	0x5AFCA4	哲学的思考とか興味ないんだ。	
1	21	10	0x5AFFE4	私は、まだ人生に退屈していない。	
1	21	10	0x5B0A7D	ほら、契約書のここをごらん下さい。	
1	21	10	0x5B0CD8	そういう部品類は高く売れるから。	
1	21	10	0x5B1171	人間の精神をコピーするんでしょう？	
1	21	10	0x5B121E	人間の人格はおろか、記憶だって	
1	21	10	0x5B1283	最近の記憶も持ってるでしょうし。	
1	21	10	0x5B12FE	しかもロボットの身体を制御するには	
1	21	10	0x5B13DF	ロボットに、以前は人間だったという	
1	21	10	0x5B1485	元の人間とは別の存在でやんす。	
1	21	10	0x5B1573	この人間、麻酔が切れかけてるぞ！	
1	21	10	0x5B331A	あの２人を常識で判断しては・・・	
1	21	10	0x5B3CF8	第１１２大隊が、味方の艦隊に	
1	21	10	0x5B4402	（くそ、感情がコントロールできない！）	
1	21	10	0x5B4538	キレイな顔して１０人も殺しやがった。	
1	21	10	0x5B4961	この作戦の件は中央司令部に	
1	21	10	0x5B4F93	見逃せないで、ステーション全滅とは	
1	21	10	0x5B55CD	ブラックホールになりかけの無敵弾を、	
1	21	10	0x5B5E90	王宮前の宇宙港は狭いですから	
1	21	10	0x5B6728	しまった、迎撃態勢に移行しろ！	
1	21	10	0x5B6A88	に従順な偽物を作れるかもしれん。	
1	21	10	0x5BC945	気付かれていないのなら好都合だ。	
1	21	10	0x5BEFF2	のに避けてる時間なんて・・・・・・・	
1	21	10	0x5C05EF	今日はオイラも、もう飽きたでやんす。	
1	21	10	0x5C118A	同じ物ばかりだと飽きてしまうからな。	
1	21	10	0x5C1DDF	君達の役に立てるかもと思ったが、	
1	21	10	0x5C2106	何でもかんでも巨大化し過ぎだろ！	
