悪いけど遠慮しておく。	미안、사양할게。
やる気を３回復します	의욕을 ３회복
体力を７回復します	체력을 ７회복
体力を３回復します	체력을 ３회복
いろんな事が起こります	여러 일 발생
がんばってね、オホホホホ。	힘내、오호호。
帰ってゆっくり休もう。	돌아가 쉬자。
なにが起こったんだろう。	무슨 일이지。
あまり長く続けていると	오래 계속하면
あティーバッティング用の	티배팅용의
よし、練習してこよう。	연습하자。
警告音のようだけど。	경고음 같아。
君に、そこまでしてもらう	그렇게까지
きっと、いつもの笑顔で	늘 그 미소로
そういえば数カ月前に	몇 달 전에
忘れそうになっていたけど	잊을 뻔했지만
う公園に行きました）	공원에 갔다）
うスポーツ観戦に行きました）	스포츠 보러 갔다）
う家でのんびり過ごしました）	집에서 쉬었다）
う映画を観に行きました）	영화 보러 갔다）
日間、練習できません）	일간、연습 불가）
・・・何だこの本は。	・・・이 책은。
良い特殊能力が	좋은 특능이
悪い特殊能力が	나쁜 특능이
アタシも応援するよ！	나도 응원해！
キャッチボールでもする？	캐치볼 할까？
こんなことじゃダメだな。	이러면 안돼。
くそー、あいつらだけには	저놈들한테는
ランニング練習時の	러닝 연습 때
食べられなくなるところ	못 먹을 뻔
バンザイ失敗・・・	만세실패・・・
起こらなかった・・・	없었다・・・
野球がんばってよ！	야구 힘내！
くこれ、あげるからさ。	이거、줄게。
応援してるからな！	응원할게！
くいただいておきます。	받아둘게요。
いみんなそろってるぜ。	다 모였어。
そうだ、せっかくだから	그래、모처럼
バンザイ終了！！	만세종료！！
ケガが治りました！	부상 완치！
か診察によると、	진찰 결과、
引き分けか・・・	무승부・・・
ま、心配しないで	뭐、걱정 마
は、いらねぇっての？	필요 없어？
ツーンとくるニオイ？	쏘는 냄새？
この本をあなたに。	받으세요。
はい、プレゼント。	자、선물。
その、いけるかも。	될지도。
回してしまった。	돌렸다。
もっとがんばろう。	분발하자。
あ変身ヒーロー	변신 영웅
くさあ、報酬は	자、보수는
負けてるんだぞ。	지고 있다
電話をします	전화한다
打点だった。	타점。
う会長さん。	회장님。
お二人とも。	두분 다。
宇宙海賊	우주해적
みたいだけど、	같은데、
本打った。	개 쳤다
ハックション！	에취！
ぇこのリンゴは	이 사과
試合時	시합때
負けたか。	졌나。
な住んでる	사는
ホームランも	홈런도
はなかった。	없었다
ひひフォーク	포크
ふふシンカー	싱커
へへシュート	슈트
このバナナは	바나나
