rom_offset	jp	ko
0x3301C8	たあ！	얍！
0x3301CD	わあ！	와！
0x3301D6	（ドサッ！）	（퍽！）
0x3301DD	（ドサッ！）	（퍽！）
0x3301E8	お前らは早く、	너흰 빨리
0x3301F2	この町から出て行くでやんす！	동네서 나가랍죠！
0x330205	こ、	이
0x33020A	このガキャあ・・・・！	、이 자식이！
0x330218	お前なんだろっ！	너지！
0x330222	俺達の車にラクガキをしやがった奴ぁ！	우리 차에 낙서한 놈이！
0x33023A	オイラ知らないでやんす！	모르겠습죠！
0x33024C	おいおい・・・	어이어이・・・
0x330256	大のオトナが	어른이
0x33025E	よってたかって子供をいじめるなんて	떼로 애를 괴롭히다니
0x330272	あんまり格好のいいもんじゃないな。	썩 보기 좋진 않네。
0x330288	な、	뭐
0x33028D	なんだお前！	、뭐야！
0x330296	なぁに・・・	글쎄・・
0x33029D	ただの通りがかりのおせっかい野郎さ。	그냥 지나가는 참견꾼。
0x3302B4	ちっ！	칫！
0x3302BA	てめえ！	이놈
0x3302C0	やっちまえ！	쳐라！
0x3302CC	ち、ちくしょう・・・・・。	제、젠장・・・・・。
0x3302DB	もう、子供をイジメる様なマネは	애를 괴롭히는 짓은
0x3302EE	するんじゃないぞ。	하지마라。
0x3302F9	わーい！	와ー！
0x330301	おじちゃん、すごいでやんす！	아저씨、대단합죠！
0x330314	お前なあ！	인마！
0x33031E	子供だと思ってナメてたら、	애라고 봐줬더니
0x33032F	イタイ目をみるぞ！	혼쭐난다！
0x33033B	へん！	흥！
0x330341	お前達の悪だくみを、	너희 속셈은、
0x33034F	オイラ知ってるでやんす！	다 알고있습죠
0x33035E	な、	뭐
0x330363	なんだと	、뭐라고
0x330374	ぼうやも、危ない事に	너도 위험한
0x330381	首をつっこむんじゃないぞ。	일에 끼지마라。
0x330391	うん！	응！
0x330395	でも、オイラは	근데、난
0x33039D	ぼうやじゃなくて	꼬마 아니야
0x3303A8	カンタ	칸타
0x3303AD	でやんす！	입죠！
0x3303B4	そうか、	그래
0x3303BA	カンタ	칸타
0x3303BF	君か。	군。
0x3303C4	・・・ところで	・・・근데
0x3303CD	カンタ	칸타
0x3303D2	君。	군。
0x3303D6	おじさんはとてもお腹が空いてるんだ。	아저씨 배가 너무 고프다。
0x3303EC	なら、オイラの家に来るでやんす。	그럼 우리집 옵쇼。
0x3303FF	オイラの家はカレー屋でやんす！	우린 카레집입죠！
0x330412	・・・カレーか。	・・・카레？
0x33041B	カレーは大好物だよ。	카레 좋아해。
0x33042A	じゃあ、ついて来るでやんす！	그럼、따라옵쇼！
0x330698	巨大な宇宙要塞	거대 우주요새
0x3306A7	デスパレス	데스팰리스
0x3306AE	を要する	를 쥔
0x3306B6	宇宙連邦	우주연방
0x3306C0	は、その絶対的な軍事力で	은 절대 군사력으로
0x3306D3	自分の意にそわない惑星を次々と攻撃。	제 뜻에 안맞는 행성을 공격。
0x3306F0	ついに宇宙は	우주는
0x3306F9	一つの強大な力の下に	하나의 힘 아래
0x330709	屈するかに見えた・・・	굴복하는듯・・・
0x330724	宇宙に人類が進出して数世紀。	인류의 우주진출 수세기。
0x33073D	人類は多くの星を開拓して移住し、	인류는 많은 별을 개척해、
0x330756	惑星ごとの国家を形成していった。	행성마다 국가가 섰다。
0x33076E	そして、戦争と混乱の時代を経て	그리고 전쟁과 혼란을 거쳐
0x330785	今、宇宙には	우주엔
0x33078F	ひとつの秩序が	한 질서가
0x330799	生まれていた。	생겨났다
0x3307A3	・・・その秩序の名前は、	그 질서의 이름은
0x3307B5	恐怖	공포
0x3307C2	連邦	연방
0x3307C8	に逆らうのは正気じゃない、か。	에 맞서는건 미친짓
0x3307DC	「もし、お客様。	「저기、손님。
0x3307E9	ルナリング	루나링
0x3307F0	宇宙軍の	우주군
0x3307F9	大村	오무라
0x3307FF	長官から、	장관님、
0x330807	お呼び出しが入っています。」	호출이 왔습니다。」
0x33081A	「わかった。」	「알았다。」
0x330823	それならば、この俺は	그렇다면、난
0x33082F	とっくに正気をなくしているのに	진작 미쳐있을텐데
0x330841	ちがいない。	분명해
0x330849	・・・なにしろ、	・・・하긴、
0x330853	連邦	연방
0x330859	を倒そうと	을 칠
0x330860	考えているのだから。	생각이니까。
0x330874	「・・・かようにして	「・・・이렇게
0x33087F	宇宙の平和を乱す	우주평화를 깬
0x33088D	惑星	행성
0x330893	レガタ	레가타
0x330898	の陰謀は、	의 음모
0x3308A1	我ら	본
0x3308A6	宇宙連邦	우주연방
0x3308B2	精密爆撃によって未然に	정밀폭격에 의해
0x3308C4	防がれたのであります！」	막았습니다！」
0x3308D7	（ぱちぱちぱち・・・）	（짝짝짝・・・）
0x3308E7	レガタ	레가타
0x3308EC	の連中は、何をやったんだ？」	놈들 뭘 한거지？」
0x3308FF	「さあな。	「글쎄다。
0x330905	どうせ	뭐、
0x33090A	連邦	연방
0x330910	への上納金をごまかそうと	에 낼 상납금을
0x330920	でもしたんじゃないのか？」	속이려던거？」
0x33092F	「ここ	「이
0x330934	ルナリング	루나링
0x33093B	も、	도
0x33093E	さっさと	빨리
0x330944	連邦	연방
0x33094A	に降参した方が	에 항복이
0x330955	身のためだよなぁ。」	몸에 좋을걸
0x330962	「まったく、今の時代	「참나、요즘엔
0x330972	連邦	연방
0x330978	に逆らうヤツなんざ、	에 맞서는놈
0x330984	正気じゃねえよな。」	미친거지。」
