fid	occ	budget	max	where	offset	jp	ko
13	15	7	3	extra	0x139FD1	ヴＭヴアヴけコ	
13	9	7	3	extra	0x13A399	ヴＭヴアヴ７ぴ	
13	9	7	3	NONE	0x13C599	ヴコヒＪカヒを	
13	7	3	1	extra	0x13BFBD	あケあ	
13	6	7	3	NONE	0x135CFF	ヴＢゃレあただ	
13	6	7	3	extra	0x136BD1	ヴぎヌモぷヒを	
13	6	7	3	extra	0x136FD1	ヴケモＨツ９ざ	
13	6	7	3	extra	0x1377D1	ヴケロＧメュオ	
13	6	7	3	extra	0x1379D1	ヴケロＧメ６ケ	
13	6	7	3	extra	0x13A5D1	ヴＭヴアヴ顎	
13	6	7	3	extra	0x13B1D1	ヴＮヴモヴョア	
13	6	7	3	extra	0x13B3D1	ヴＭヴアヴ咽	
13	6	3	1	extra	0x1348A7	ヴ（う	
13	5	7	3	extra	0x13BF99	ヴＮヴウヴ６ア	
20	4	7	3	extra	0x2A95E1	ヴＮヴモヴをロ	
20	4	7	3	extra	0x2A95F9	うずうヴい（う	
20	4	7	3	extra	0x2A9BE1	ヴケマゾコ９ぎ	
20	4	7	3	extra	0x2A9DE1	ヴケロＧメんツ	
20	4	7	3	extra	0x2A9FE1	ヴルラ迷ぴコ	
20	4	5	2	NONE	0x2A95DB	ば（う（う	
13	4	3	1	extra	0x134C35	ヴズヴ	
13	3	5	2	extra	0x134C4D	ぇざほっあ	
13	3	3	1	extra	0x134813	む」ヴ	
13	2	21	10	NONE	0x134BED	ぇざほっあフをけむフをフをけむけむけむフを	
13	2	13	6	extra	0x135D87	ヴ（うただくむセぉプいただ	
13	2	11	5	extra	0x134C39	ヴズヴぜヲペシみンタル	
13	2	9	4	extra	0x13442E	ちうつかてかとかな	
13	2	7	3	extra	0x135C9F	ヴニンレあニン	
13	2	7	3	extra	0x135D15	ヴぼヴＸンろヴ	
13	2	7	3	extra	0x135D1F	ヴれヴレあぼヴ	
13	2	7	3	extra	0x135D95	ヴただＢゃＢゃ	
13	2	5	2	extra	0x1350C7	ヴ苳６た	
13	2	3	1	extra	0x134941	むレあ	
13	2	3	1	NONE	0x1351D3	ヴヤヴ	
13	2	3	1	extra	0x13556D	ヴるヴ	
13	2	3	1	NONE	0x1356B5	ヴオヴ	
13	1	32	16	NONE	0x139FB0	べる・ふ３とテしヴヲはルＩヤアぱヴヲはルＩヤアびヴヲはルＩヤアび	
20	1	31	15	extra	0x2AA019	ヴルラ迷ぴコいムポタタエぜが（う（う（う（ういムポタタエぜが	
13	1	31	15	extra	0x134A27	ヴ（うただくむセぉプいただDただＢゃＢゃDDＢゃレあただ	
13	1	31	15	extra	0x13A3B1	ヴＭヴアヴ７ぴＷヲぞムＵタァぱＷヲぞムＵタァぱＷヲぞムＵタァぱ	
13	1	31	15	extra	0x13A9B1	ヴＭヴアヴけコゥさあきィか（あゥさあきィか（あゥさあきィか（あ	
13	1	31	15	extra	0x13C5B1	ヴコヒＪカヒをーコぅどゲぅるゆーコぅどゲぅるゆーコぅどゲぅるゆ	
4	1	28	14	extra	0x570514	敵全体に攻撃できる	
4	1	28	14	extra	0x570524	いろんなものをつくる材料	
4	1	28	14	extra	0x570534	キケンなほどにおいしいバナナ	
4	1	28	14	extra	0x570544	工業用のエネルギー源	
4	1	26	13	extra	0x5704F4	敵単体に大ダメージ	
4	1	26	13	extra	0x570504	広範囲に攻撃する	
20	1	25	12	extra	0x2A9BC1	ヴケマゾコ９ぎるを・や３ふテと６ぜキヴゼセソのなす	
20	1	25	12	extra	0x2A9DC1	ヴケロＧメんツくユ４ネトシあぽ６ぜキヴゼセソのなす	
20	1	25	12	extra	0x2A9FC1	ヴルラ迷ぴコいムポタタエぜが６ぜキヴゼセソのなす	
4	1	24	12	extra	0x5704C4	乗り物用の燃料	
4	1	24	12	extra	0x5704D4	他のパーツを守ります	
4	1	24	12	extra	0x5704E4	倉庫を整理します	
13	1	23	11	extra	0x1348E7	ヴ（うボヲぱゃセぉプい）いボヲもうルムやうボヲ	
13	1	23	11	extra	0x135C87	ヴ（うニンゆざセぉプいやンぴヴおン５ヲニンぴヴ	
13	1	23	11	extra	0x135D27	ヴ（うニンゆざセぉプいニン！ヴおン５ヲニン！ヴ	
13	1	23	11	extra	0x135DA7	ヴ（うただくむセぉプいただＲラプぅＢゃＢゃＲラ	
13	1	23	11	extra	0x136C01	ヴぎヌモぷヒをゲをくへ３たテく（う（う（う（う	
13	1	23	11	extra	0x137001	ヴケモＨツ９ざヒるくへ３たテく（う（う（う（う	
13	1	23	11	extra	0x137801	ヴケロＧメュオよルＹフゥタむぽ（う（う（う（う	
13	1	23	11	extra	0x137A01	ヴケロＧメ６ケこユ５トづエいび（う（う（う（う	
13	1	23	11	extra	0x13A001	ヴＭヴアヴけコヴヲはルＩヤモぽ（う（う（う（う	
13	1	23	11	extra	0x13A401	ヴＭヴアヴ７ぴＷヲぞムＵタァぱ（う（う（う（う	
13	1	23	11	extra	0x13A601	ヴＭヴアヴ顎ＷヲぞムＵタァぱ（う（う（う（う	
13	1	23	11	extra	0x13AA01	ヴＭヴアヴけコゥさあきィか（あ（う（う（う（う	
13	1	23	11	extra	0x13B201	ヴＮヴモヴョアＷヲぞムＵタァぱ（う（う（う（う	
13	1	23	11	extra	0x13C601	ヴコヒＪカヒをーコぅどゲぅるゆ（う（う（う（う	
13	1	21	10	extra	0x134C0D	ぇざほっあヒぅくゆヒぅヴヲ＋リくゆルワヴヲ	
13	1	21	10	extra	0x134EED	ぇざほっあ）せぞせ）せ）せぞせぞせくむＢぅ	
13	1	21	10	extra	0x1350CD	ぇざほっあみンタヲみンまンＲヤタヲぜヲ（ヲ	
13	1	21	10	NONE	0x1356CD	ぇざほっあもヲＵリもヲもヲＵリＵリＵリもヲ	
13	1	21	10	NONE	0x1357AD	ぇざほっあヘをさむヘをヘをさむさむさむヘを	
13	1	21	10	extra	0x135D47	ヴ（うただくむセぉプいただーコただＢゃＢゃ	
13	1	21	10	extra	0x135E47	ヴ（うただくむセぉプいただＴぐただＢゃＢゃ	
20	1	19	9	NONE	0x2A95C7	ハゥさあきィか（あ６ぜキヴゼセソのなす	
13	1	19	9	extra	0x1348CB	ヴべるセぉプいずあヴうヴうデヴただヴう	
13	1	19	9	extra	0x134907	ヴ（うヴホぁすセぉプいギンヴホギンプぶ	
13	1	19	9	extra	0x135079	ヴ禄ぜヲペシみンァヲーコーコ苳６た	
4	1	18	9	extra	0x5705F8	一定時間ダメージを受けない	
4	1	18	9	extra	0x57060C	宇宙船の耐久力が上がる	
4	1	16	8	extra	0x5705E4	あらゆる機械に使われている	
13	1	16	8	extra	0x13C578	まらテしねテヂイぅどＢゃ（さ・ふ	
4	1	15	7	extra	0x5705B4	あやしい成分が入っている	
4	1	15	7	extra	0x5705C4	一度使うとやみつきになる	
4	1	15	7	extra	0x5705D4	開けると何かが起こります	
20	1	15	7	extra	0x2A95E9	ヴＮヴモヴをロゥさあきィか（あ	
20	1	15	7	extra	0x2A9BE9	ヴケマゾコ９ぎるを・や３ふテと	
20	1	15	7	extra	0x2A9DE9	ヴケロＧメんツくユ４ネトシあぽ	
20	1	15	7	extra	0x2A9FE9	ヴルラ迷ぴコいムポタタエぜが	
13	1	15	7	extra	0x135A5B	ヴウヴたあＵヤァヲァヲＵヤ（う	
13	1	14	7	extra	0x13D044	左投手にとても強く、	
13	1	13	6	extra	0x134887	ヴ（う餌ニざセぉプい（ヴ	
13	1	13	6	extra	0x134A47	ヴ（うせぷくむセぉプい＠で	
13	1	13	6	NONE	0x134BDF	ねフるけむ／な／な苳６た	
13	1	13	6	extra	0x134C57	ヒ及やうプぺゆき及Ｔあ	
13	1	13	6	extra	0x134F37	ヴDぅどDぅどDヂイ	
13	1	13	6	extra	0x1351D7	ヴ及（いヤヴ（い及／あ	
13	1	13	6	extra	0x135257	ヴみンタルヤヴタル（ヲＵヲ	
13	1	13	6	extra	0x135A7D	ヴたあァワ（ル（ルァワ（う	
13	1	13	6	extra	0x135D07	ヴ（うぼヴもざセぉプい５ン	
13	1	13	6	extra	0x135D67	ヴ（うぼヴもざセぉプいけヴ	
13	1	13	6	extra	0x135DE7	ヴ（うンのぁすセぉプいぅど	
13	1	13	6	extra	0x135E27	ヴ（う。ヲろゃセぉプい、ヲ	
13	1	13	6	NONE	0x13B1C3	っケやにねＷヲぞムＵタァぱ	
4	1	11	5	extra	0x5704AC	小型化に成功	
4	1	11	5	extra	0x5704B8	倉庫に入りません	
13	1	11	5	extra	0x134807	ヴ（う／ロホなセぉプい	
13	1	11	5	extra	0x134867	ヴ（うヴなをむセぉプい	
13	1	11	5	extra	0x13491B	むヴホヴホギンレあヴホ	
13	1	11	5	extra	0x134F19	ヴD嫡ヒをDイべ	
13	1	11	5	extra	0x134F27	ヴ苳ォたDモぷゲぅ	
13	1	11	5	extra	0x134F59	ヴズヴもヴぜニ７ヴかヴ	
13	1	11	5	extra	0x13508D	ぇざほっあみンタヲみン	
13	1	11	5	extra	0x1350B9	ヴズヴぜヲペシみンァヲ	
13	1	11	5	extra	0x1351F9	マソぺぜあＵあ及もう	
13	1	11	5	extra	0x135579	ヴＩヴＹンペヲャヴＹン	
13	1	11	5	extra	0x1356B9	ヴオヴタルタトもヲＵワ	
13	1	11	5	extra	0x135799	ヴオヴヘをさむヘをさむ	
13	1	11	5	extra	0x1357D9	ヴぴヴＹンぜヲャヴＹン	
13	1	11	5	extra	0x135A4F	んへせマたヴぶァヲァヲ	
13	1	11	5	NONE	0x135CF3	ぎヴじプぅＢゃＢゃモぷ	
13	1	11	5	extra	0x13BFC5	あケあヒをくむ３とテし	
13	1	11	5	extra	0x13C589	ヴボモねテＪカべるブつ	
8	1	11	5	NONE	0x454925	６はいフ６はいエ７はい	
13	1	10	5	extra	0x13445F	なけおさかしかすほす	
13	1	9	4	NONE	0x13441A	なあぷかぺきぽきぽ	
13	1	9	4	extra	0x134424	てあアかイきウきウ	
13	1	9	4	extra	0x134438	もえやえゆえとえな	
13	1	9	4	extra	0x13444C	りうるかれかろかな	
13	1	9	4	extra	0x134877	ヴへおヴなヴなヴな	
13	1	9	4	extra	0x1348AB	ヴべるコヒーコモぷ	
13	1	9	4	extra	0x134A55	ヴすぷ８ぞ８ぞＨニ	
13	1	9	4	extra	0x135099	ヴぁヴタヲぜヲ（ヲ	
13	1	9	4	extra	0x135C6B	ヴニぎセぉプいＡン	
13	1	9	4	NONE	0x135DD3	ルぺヴこンャルかン	
13	1	9	4	NONE	0x13D059	が見えてくると、	
18	1	9	4	NONE	0x22AD74	対左畏綾×	
18	1	9	4	NONE	0x22AD8C	打球欝桔○	
13	1	8	4	extra	0x134456	ひおぃつコちモつ	
13	1	8	4	extra	0x13506C	ーコイべーコイべ	
13	1	8	4	extra	0x13A5C8	ＷヲぞムＵタァぱ	
13	1	7	3	extra	0x1347F5	ヴひンＢゃひン	
13	1	7	3	extra	0x1347FF	ヴひンレあただ	
13	1	7	3	extra	0x134895	ヴ餌ぢヴ（ヴ	
13	1	7	3	extra	0x13489F	ヴ餌レあ餌	
13	1	7	3	extra	0x1348B5	ヴモぷ？コモぷ	
13	1	7	3	extra	0x1348FF	ヴもうレあボヲ	
13	1	7	3	extra	0x13492B	サホなセぉプい	
13	1	7	3	extra	0x13497F	ヴＡンレあＡン	
13	1	7	3	extra	0x13498B	ヴホなセぉプい	
13	1	7	3	extra	0x134A1F	ヴこンレあこン	
13	1	7	3	extra	0x134A5F	ヴ８ぞレあせぷ	
13	1	7	3	extra	0x134C05	ヴＨヴ苳３ね	
13	1	7	3	extra	0x134C65	ヴＨヴ苳６た	
13	1	7	3	extra	0x134F05	ヴＨヴぜあヒを	
13	1	7	3	extra	0x135A75	ヴＵワＵワぅど	
13	1	7	3	extra	0x135C75	ヴＡンダヴＡン	
13	1	7	3	extra	0x135DDF	ヴかンレあこン	
13	1	7	3	extra	0x135DF5	ヴンのぐけンの	
13	1	7	3	NONE	0x135DFF	ヴごちレあンの	
13	1	7	3	extra	0x135E35	ヴゼヲぱヲ、ヲ	
13	1	7	3	extra	0x135E3F	ヴ、ヲレあ。ヲ	
8	1	6	3	NONE	0x44AD9E	のいと	
8	1	6	3	NONE	0x44ADA2	のいり	
8	1	6	3	NONE	0x44ADA6	のいご	
8	1	6	3	NONE	0x44ADAA	のいぽ	
8	1	6	3	NONE	0x44ADAE	のいト	
8	1	6	3	NONE	0x44ADB2	のいリ	
8	1	6	3	NONE	0x44ADB6	のいゲ	
8	1	6	3	NONE	0x44ADBA	のいペ	
8	1	6	3	NONE	0x44ADBE	のいＩ	
4	1	5	2	extra	0x5704A6	広くなる	
13	1	5	2	extra	0x13481B	む」ヴ」ヴ	
13	1	5	2	extra	0x134821	むレあ／ロ	
13	1	5	2	NONE	0x134859	ぎただソさ	
13	1	5	2	extra	0x13485F	ぬただレあ	
13	1	5	2	extra	0x134881	ヴレあヴな	
13	1	5	2	extra	0x1348BF	ヴモぷーコ	
13	1	5	2	extra	0x1348DF	ヴただレあ	
13	1	5	2	extra	0x134C47	ヴ苳おち	
13	1	5	2	NONE	0x1351BF	い及（い	
13	1	5	2	extra	0x135207	マ苳４ふ	
13	1	5	2	extra	0x135247	ヴ苳２み	
13	1	5	2	extra	0x135587	ヴ苳ッた	
13	1	5	2	extra	0x1356C7	ヴ苳ゥわ	
13	1	5	2	extra	0x1357A7	ヴ苳６と	
13	1	5	2	extra	0x135A6F	んへせペぽ	
13	1	5	2	NONE	0x135AEF	んへせつあ	
13	1	5	2	NONE	0x135AF5	うべぅべぅ	
13	1	5	2	extra	0x135AFD	ちたあウヴ	
13	1	5	2	NONE	0x135B05	ヴウヴ（う	
13	1	5	2	NONE	0x135C5F	ヴフぉレあ	
13	1	5	2	extra	0x135C7F	ヴＡンレあ	
13	1	5	2	NONE	0x135E21	ヲレあＢヲ	
18	1	5	2	extra	0x22A808	エンドラン	
18	1	5	2	extra	0x22914B	ぃのね（う	
18	1	5	2	extra	0x22915B	ぃのねペヲ	
13	1	3	1	extra	0x1340FC	ぴくぷ	
13	1	3	1	extra	0x134100	ぺくぽ	
13	1	3	1	extra	0x134104	ぼくぱ	
13	1	3	1	extra	0x134108	つえつ	
13	1	3	1	extra	0x13410C	つえて	
13	1	3	1	extra	0x134817	むソヒ	
13	1	3	1	extra	0x134873	ヴヴな	
13	1	3	1	extra	0x134937	むずょ	
13	1	3	1	extra	0x134997	むダヴ	
13	1	3	1	extra	0x134C53	ヒプぺ	
13	1	3	1	extra	0x135075	ヴ禄	
13	1	3	1	extra	0x1351F5	マソぺ	
13	1	3	1	extra	0x135575	ヴＩヴ	
13	1	3	1	NONE	0x1357D5	ヴぴヴ	
13	1	3	1	NONE	0x135A6B	ヴみた	
13	1	3	1	extra	0x13C595	そべる	
18	1	3	1	extra	0x229151	ヴＪカ	
18	1	3	1	extra	0x229157	ぃのね	
13	1	2	1	NONE	0x134110	こあ	
