count	budget	max	jp
4	7	19	なんだなぁ～。
2	15	19	きそもそもカード野球とは？
2	10	19	いああ、そうしよう。
2	8	19	い入ってみる。
2	7	19	ありませんか？
2	6	19	しますかな。
2	6	19	う食べる。
1	22	19	なんだから暇に違いないだろうと思うし。
1	19	19	しかも「俺がこの店をでっかくする。
1	18	19	いったい、どんな宝だったんだろう？
1	22	19	チラシに役者変更の紙はってるんだ。
1	19	19	追い出すなんて、おかしいでやんす。
1	23	19	この場合なら自分は殿様になるとか。
1	22	19	頃合を見計らって入ってきてくれよ。
1	22	19	わたし達の舞台はお金取ってるのよ。
1	21	19	一つでも上のレベルを目指さないと。
1	23	19	街が見える場所を選ぶと思ったんだ。
1	21	19	完全に消滅するようになってるんだ。
1	21	19	約束守ってちゃんと来てくれたんだ。
1	22	19	・・・お前が昨日、言っていた男は？
1	20	19	そのカッコいい必殺技なんでやんす！
1	26	19	基本的な変化球を練習した方がいい。
1	20	19	向こうが本気になっちゃうんですよ。
1	20	19	テナント化に合意したらどうかしら？
1	21	19	みんなに必要なのは、元気でやんす！
1	22	19	別の名目で、いくらでも徴収できる。
1	20	19	そう決心してるんなら、止めないぞ。
1	18	19	おじちゃん、待ってるでやんすー！！
1	21	19	その原因は歓迎されないことがある。
1	17	19	むふーーーーーーーーーーーーーっ！
1	19	19	レアバージョンを狙う輩なのかにゃ？
1	20	19	ことで話してたんだけど、もう大変。
1	23	19	そこに支店長と運の悪い女がいるぜ。
1	20	19	お互いに協力するべきではないかと。
1	23	19	商店街の同意が得られませんでした。
1	20	19	こちらの誠意を見せただけなんだよ。
1	20	19	この街に留まろうと思っていたのだ。
1	23	19	・・・野球は、オレの得意分野でね。
1	20	19	ずっと先の７月１５日なんだけどね。
1	18	19	イベントにしようって言ってきてる。
1	21	19	こんなに早く飲み込めないと思うよ。
1	24	19	さっそく今月の団費3万円よろしく。
1	20	19	俺はそんなに持ち合わせがないんだ。
1	21	19	ね、今から母ちゃんと山登りなんだ。
1	19	19	・・・まさか、滞在なさるんですか。
1	23	19	不審の目で見られるのは仕方がない。
1	20	19	ちょっと遊びに行って来るでやんす！
1	22	19	大掛かりな仕掛けも作ったりするの。
1	18	19	あたしの分だけ、ないんだよねぇ～。
1	17	19	あたし、もっとアダルトなのがいい！
1	19	19	あたしの能力じゃ、ぜーんぜんダメ。
1	22	19	生体電源じゃ、たぶん足りないから。
1	23	19	実用性を考えてこんな仕様にしたの。
1	22	19	現実に戻るように設定しておいたよ。
1	21	19	脳を破壊されるから死んじゃうんだ。
1	21	19	ちょっとでも異変を感じたら逃げて。
1	22	19	研究のために作られた人間ってわけ。
1	19	19	あーあ、こりゃ売り物にならないよ。
1	21	19	野球に、ちょっと思い出があるんだ。
1	20	19	テレビで何回か見たことがあるんだ。
1	20	19	お前、こういう才能があったんだな。
1	20	19	・・・いや、泣くほど感動されても。
1	18	19	さて、それで・・・さっきの話だが。
1	21	19	会長から何も知らされておらんのだ！
1	22	19	殿様の埋蔵金とかじゃないだろうな。
1	23	19	商店街に関しては、もう作戦がある。
1	17	19	なんだかぎくしゃくしてるんだよな。
1	24	19	入り口と落盤の部分を埋めただけで。
1	19	19	ほんの少しだけ楽がしたくなったの。
1	21	19	それ以上何も言わなくなったんだよ。
1	20	19	・・・なんなら、ここで一緒に住む？
1	21	19	１階のあたしの部屋は入っちゃダメ。
1	20	19	そこは最低限のプライバシーだから。
1	18	19	まあ、別れるのがつらいんだろうよ。
1	19	19	たくさんつくカードを選べば得かな。
1	23	19	勝手に発動するものの２種類がある。
1	19	19	チームマークの上に出ているからな。
1	17	19	ゲームのルールとしてのカードだな。
1	22	19	自分のチームの勝敗で決めるんだよ。
1	22	19	宣伝効果なんて、たかが知れてるぞ。
1	24	19	試合結果に応じて割引セールをする！
1	21	19	集計は信じない方がいいんだよね～。
1	19	19	またやってくださいって、書き込み。
1	22	19	俺は、助けようと迷わず飛び込んだ！
1	21	19	少しは泳げないと格好つかないだろ？
1	21	19	お前には、もう野球しか残ってない。
1	23	19	あの貧乏商店街が出してくれるのか？
1	22	19	商店街として協力してくれるらしい。
1	19	19	ちょっとした改造でなんとかなるよ。
1	19	19	わたし達そこで止まったまんまだよ。
1	21	19	俺、何か怒らせるような事したかな？
1	20	19	気持ちだけがここに残ってるのかも。
1	20	19	お母さんと並んで飾ってあるでしょ。
1	20	19	そういうのが許せない性質なんです。
1	21	19	きっといい仕事が見つかると思うの。
1	25	19	なんでも商店街再建の専門家だとか。
1	20	19	初めはみんな恥ずかしいって思うの。
1	20	19	商店街もにぎやかになってきたしな。
1	21	19	元気に動いてくれなきゃ困るんだよ。
1	20	19	本番出られるかわからないんだって。
1	23	19	絶対におもしろく出来る自信がある！
1	24	19	自分の商品の価値ぐらい知ってるよ。
1	21	19	支店長はそこに飛ばされるらしいぞ。
1	19	19	さっきから、なにを勘違いしておる。
1	23	19	聖書には、最初に十戒があるだろう。
1	24	19	ゆえに、この聖書は奇書中の奇書だ。
1	21	19	ほれ、ここにわが一族の署名がある。
1	21	19	俺だったら絶対に気づかなかったよ。
1	20	19	そして、みんな楽しんで演技してね。
1	21	19	この調子で明日からもがんばろうね。
1	20	19	あの、わたし達のお芝居どうでした！
1	20	19	あたしは全然思いつかなかったなぁ。
1	18	19	・・・あたしのことバカって言った。
1	20	19	他の１０匹はどこに行ったんだろう。
1	21	19	おい、お前の背中に乗せてもらうぞ！
1	17	19	なんとかイベントをでっちあげるぞ！
1	18	19	なんでそんな事がわからないかなぁ。
1	21	19	つまり、俺と役を代わって欲しいと。
1	19	19	いったい、どんな力を持ってるんだ？
1	24	19	人間の姿をした携帯端末が、あたし。
1	20	19	手ぶらでネットサーフィンやり放題！
1	18	19	どれだけ耐えられるかのテストだね。
1	26	19	仲間と一緒に研究所を逃げ出したの。
1	20	19	脇役だって恥ずかしがることないよ。
1	19	19	オレはそんな馬鹿なことしないって。
1	21	19	あいつらは演劇に命賭けてるからな。
1	20	19	お前はせいぜい夢を追いかけてくれ。
1	18	19	いなくなるんじゃないかと思ってな。
1	20	19	見たところ、この部屋にはないけど。
1	20	19	そこまで言われたら引き下がれない。
1	21	19	大の大人が３人がかりでしたからね。
1	18	19	なにか気づいたことはありませんか？
1	23	19	商店街の空気も変わってきましたし。
1	25	19	この業界はね、自分自身が商品なの。
1	21	19	来てくれるなんて、君も幸せ者だね。
1	22	19	今はわたしにとって大事な瞬間なの。
1	17	19	それでも、わからないことだらけだ。
1	21	19	お前が見たいのは演技じゃないだろ。
1	21	19	お前なんかこの業界に向いてねぇよ！
1	20	19	わたし、夢をかなえる自信あるもん。
1	22	19	俺が出て行った時と変わっていない。
1	21	19	空気抜いたり抜かれたりしてるのか？
1	19	19	欲しかったら買えばいいじゃないか。
1	17	19	ナニモオコラナカタッタミタイダナ。
1	17	19	ソンナコトアルワケナイジャナイカ！
1	21	19	あきらかに野球の練習じゃないよな？
1	22	19	何も告げず出て行く事はきっとない。
1	20	19	今なら、どんな事でも耐えれそうだ！
1	19	19	このみなぎるパワーを発散しないと！
1	19	19	ちょっとした音でも響いてしまうね。
1	20	19	空いてると聞かれると空いてるかな。
1	19	19	顔が近すぎるような・・・・・・・。
1	21	19	答えて、話を合わせてた方がいいな。
1	21	19	いや、そもそもあれは本当に人間か？
1	18	19	これでも急いだのに、ギリギリかよ。
1	23	19	お金持ち気分を味合わしてあげるよ。
1	23	19	誰かの手を借りる事は間違ってない。
1	19	19	近づいたみたいに聞こえるんだけど。
1	20	19	ここで違うと言ったら、それは嘘だ！
1	20	19	いつもと変わらないのは当然でしょ。
1	20	19	男として負けた気がするのはなぜだ。
1	19	19	そこらへんで止めといた方がいいよ。
1	20	19	先に行っててくれって言われたけど。
1	20	19	しかし、まあ、俺も心配なんだよな。
1	22	19	冗談で言ってるのに俺が悲しくなる。
1	22	19	腹が減っている俺に何の嫌がらせだ？
1	18	19	奢ってあげてもいいんだけどなあ～。
1	22	19	すぐそこに商店街の端が見えてるよ。
1	21	19	この幸せがいつまで続くのかが不安。
1	20	19	まだ、しばらく私はこの街に居ると。
1	19	19	しかし、あきらかに食べ過ぎだよな。
1	22	19	抱き抱えて運んだら反応するだろう。
1	22	19	部屋を出る時と変わってないような。
1	22	19	至急、逮捕しに来てもらえませんか？
1	21	19	そんな姿を俺は見たことが無いけど。
1	18	19	そんなにムキになって言わないでも。
1	21	19	その上、なんで見栄を張っているの？
1	20	19	しっかし、いったい何が原因なんだ？
1	22	19	これが電池の切れた状態ってやつか。
1	21	19	私をからかおうなんて百年早いわよ。
1	20	19	なっている姿を見たら助けてくれる？
1	20	19	後ろなんか振り返っちゃダメでしょ？
1	19	19	さすがの私でも、もう食べたくない。
1	19	19	育ってきたんだこの子は・・・・・。
1	21	19	食べてるところを見た事が無いから。
1	21	19	突然、出てくるな。驚くじゃないか。
1	20	19	一人でやりたい事だってあるんだよ。
1	19	19	ちょっと気にし過ぎか・・・・・・。
1	21	19	俺に催眠術をかけようとしていたの？
1	19	19	同じサーバーになった時はよろしく。
1	23	19	自分のお腹の減りに気が付いたんだ。
1	19	19	ボ～クだって買い物ぐらいするよ～。
1	26	19	商店街の真ん中で俺の名を叫ぶ奴は。
1	23	19	今の生活に不満は持ってないけどね。
1	21	19	この店内でどこに秋を感じるんだよ。
1	22	19	秋は見る物じゃなくて感じる物だよ。
1	20	19	秋に近づいていってるのは確かだな。
1	22	19	落ち着いてて大人に見えるんだけど。
1	19	19	それが、いま読んでるのは赤なんだ。
1	20	19	しかも、服装は薄めのジャケットだ。
1	19	19	まったく受け付けてくれないんだよ。
1	21	19	皆に喜んでもらえる場所があるなら。
1	19	19	どうやったらこんな子が育つのやら。
1	20	19	それは布とか生地とかいろいろだよ。
1	20	19	サービス料は無理やりもらうけどね。
1	20	19	それはね、服を作るのに使うんだ～。
1	21	19	作った物は誰かに見せたりするのか？
1	23	19	自分の羽を傷つけて地に落ちていく。
1	22	19	今度の試合を見にきてくれないかな？
1	23	19	今の俺を全て否定する事になるから。
1	22	19	水中生活にまったく適してないカバ。
1	18	19	覗いてたならわかりませんでしたか？
1	19	19	コメント一つも残さなかったけどね。
1	19	19	ようにってお金を置いていったもん。
1	20	19	入れてやるから落ち着け・・・・・。
1	18	19	デジタルの風をぉぉぉぉぉぉおお！！
1	24	19	最高の香辛料を使ってカレーを作る。
1	20	19	ちょっと食べ過ぎだと思うんだけど。
1	22	19	持ってきた方が手間が省けるでしょ？
1	19	19	プレゼントをねだる必要もないだろ。
1	18	19	そこから始めてどうする・・・・・。
1	21	19	戦力ダウンになるけど仕方がないな。
1	21	19	それが私にとって何よりもの贈り物。
1	20	19	こんな温かい物をもらった事がない。
1	26	19	彼女は私達とは関係がない一般人だ。
1	20	19	ここでは人の勉強をしてるわけだな。
1	21	19	こうやって地道に練習するんだよ～。
1	21	19	自分で戻れないとか言っていながら。
1	19	19	笑わせる事ができなくなったんだ～。
1	17	19	しまうようになってしまったんだ～。
1	20	19	見て、いろいろな人が笑ってくれる。
1	20	19	きっとその女の子は笑ってくれるさ。
1	18	19	逃げるのがクセになっているんだな。
1	24	19	今日を思い出して私は上を向くから。
1	25	19	自分自身の手で切り離す事ができる。
1	20	19	何か口にした方がいいんじゃないの？
1	20	19	ほとんど何も言わずに出ていったよ。
1	21	19	本当に我がままなんだからあの人は。
1	20	19	どれだけ動揺するかなと思っただけ。
1	21	19	本当に見事なまでにうろたえてたね。
1	19	19	人をオモチャみたいに扱いやがって。
1	23	19	現実の世界でもきっと僕の物になる！
1	20	19	その調子じゃ、知らないみたいだね。
1	21	19	「言う必要ない」とか言いそうだし。
1	22	19	論文がどうとか、博士号がどうとか。
1	21	19	まあ、ここは偶然にも店の前だしな。
1	22	19	違う方向を指してくれる人はいない。
1	24	19	私と貴方では住んでいた世界が違う。
1	23	19	地球が丸いのと同じぐらい有名なの！
1	19	19	待ち合わせしてたわけじゃないから。
1	22	19	向かうのに、今日はやけに親切だな。
1	19	19	どうせ次のページには治ってるから。
1	19	19	次に来たら、どうしてやろうかしら。
1	22	19	完全には消し去る事ができなかった。
1	24	19	いるが、お嬢様は本当に優秀な方だ。
1	22	19	最後に君にこれは知っていて欲しい。
1	23	19	自分の道に進む為に広げようとした！
1	20	19	お名前、お聞きしてもよろしいかな？
1	21	19	父の望む事ではないと思いますから。
1	19	19	面白いっていうのは、わかったかな。
1	19	19	お父さんも、もう寝ないとダメだよ？
1	18	19	このレストランの人だったんですね。
1	21	19	お嬢様は、外出しておりますからな。
1	19	19	少しは、判っていただけましたかな？
1	19	19	なんだか、ちょっと変わった人だし。
1	20	19	美味しそうに、食べてくれましてな。
1	22	19	毎日来たりしたら、張り倒すからな！
1	21	19	食中毒がでたら、うちが困るんだし。
1	20	19	楽しむなら、よそに行って下さいよ。
1	19	19	そういえば、何も食べてなかったな。
1	21	19	・・・練習に最高の日じゃないか。
1	20	19	なんだか妙な緊張感があったけど。
1	20	19	・・・やつらは霊体にも鼻が利く。
1	20	19	・・・意外に身近にいたりしてな。
1	18	19	あたしたちの、今日のまかないよ。
1	17	19	こんなことじゃないかと思ったよ。
1	22	19	・・・君の体は精密機器なんだぞ。
1	16	19	あれはイベントだったんでカニよ。
1	20	19	・・・相手が信用できないからだ。
1	19	19	・・・余計なことは言わんでいい。
1	17	19	まあ、とりあえず来てくれたまえ。
1	21	19	出ない限りは大丈夫じゃないかな。
1	18	19	・・・え、バットを腰に差してる？
1	16	19	きっとやっていけないでしょうね。
1	17	19	・・・ボロが出ちゃいけないだろ。
1	17	19	・・・あいつ、言ってなかったか？
1	16	19	うろうろしてるなんておかしいわ。
1	19	19	・・・将来のこととか考えるとね。
1	16	19	うつってしまったようでやんすね。
1	16	19	へへっ、おもしろくなってきたぞ。
1	21	19	「君は向こうに土地勘があるだろ。
1	17	19	これはマジものの所だったカニよ。
1	19	19	銀行をふっとばして行ったのカニ。
1	20	19	・・・なんだか、微妙な返答だね。
1	17	19	しかし・・・どうやって見るんだ？
1	20	19	安心しろ、女が笑っておるムシャ。
1	19	19	・・・20万もあればいけるかな。
1	20	19	いつも100万もかかってたのか？
1	18	19	・・・まあ、夢見てるんだけどな。
1	20	19	いて欲しいと思う次第であります。
1	20	19	結構ダメな人間だったみたいカニ。
1	19	19	個人的な、なんかあるだろ、ほら。
1	23	19	引導を渡す日にしちゃ、上出来だ。
1	19	19	ウチの売上げまで下がってしまう。
1	20	19	店の準備で出かけてるんでやんす。
1	19	19	ここに留まる理由にゃなんねぇぜ。
1	20	19	自分で売りに行かなかったんだい？
1	22	19	最低時給を下回っているでやんす。
1	20	19	しかも、野球で勝利するだって？！
1	18	19	きょろきょろ落ち着きがないなぁ。
1	20	19	想像する人も出てくるだろうしさ。
1	18	19	お金、もらってるの見たでやんす。
1	19	19	おねえちゃんは魔法使いでやんす。
1	17	19	まずそっちへ行ってしまうでしょ？
1	21	19	青息吐息でやってるところが多い。
1	20	19	へへ、虫は全部シェルターの中に！
1	21	19	実はあたし、生活に余裕あるし～？
1	22	19	野球の看板背負えないぐらいにね。
1	20	19	連続で柵越えアーチにするなんて！
1	18	19	食べたので、味わってたんですよ。
1	16	19	しかも、もうウワサになってるの？
1	19	19	そのための音を用意したりするわ。
1	21	19	映画の券が２枚当たったんですよ。
1	18	19	プログラムを利用していたからね。
1	20	19	適当に組み合わせてあるらしいよ。
1	16	19	タイマーをリセットできないんだ。
