count	budget	max	jp	ko
1	16	19	気にせず、成仏してくれよ。	
1	13	19	そうか、それならいいんだ。	
1	18	19	今度はね、地方のテレビ局が	
1	17	19	・・・結論を誘導したのか。	
1	15	19	それじゃあ、さっそく全員の	
1	19	19	私、警察官になって世の中の	
1	13	19	ヤラセで、シナリオがあって	
1	13	19	おお、それです、それです！	
1	13	19	ああ、やってらんねえなぁ。	
1	14	19	・・・・・・・・・驚いた。	
1	14	19	・・・なんなんだ、お前は。	
1	22	19	前の戦争中、米軍の爆撃機が	
1	15	19	あら、ダチョウは中止なの？	
1	16	19	その代わり、野球イベントと	
1	14	19	そんなこと言われてもねぇ。	
1	15	19	今日はあいつはバイトだよ。	
1	15	19	どうしたの、こんな夜中に。	
1	18	19	大勢の目の前で恥をかかせる	
1	14	19	断ることもできるけど・・・	
1	16	19	監督、信じていいんですね？	
1	15	19	なんと、わがグループの総帥	
1	13	19	どうしたんだ、キャプテン。	
1	13	19	・・・まあ、そうだけどよ。	
1	17	19	いや、初めて聞く名前だな。	
1	14	19	まあ、今のところはないな。	
1	15	19	ウチの母ちゃん、忙しいから	
1	15	19	でも、どうして早朝なんだ。	
1	16	19	いや、これとは無関係だよ！	
1	15	19	野球がやりたくなったから、	
1	17	19	本当は、単なる気まぐれだ。	
1	15	19	ま、そいつは無理だろうね。	
1	15	19	オイラも応援するでやんす！	
1	17	19	発進させようとした車の前に	
1	13	19	おいおい、そんなにいっぱい	
1	14	19	あたしが出してあげるわよ。	
1	14	19	いや、ちゃんと聞いてるよ。	
1	14	19	なにをボケてるんだ、君は。	
1	15	19	フン、あいつらは最初っから	
1	15	19	あんまり自信ないんだけど、	
1	14	19	そうだそうだ。食っていけ！	
1	17	19	何言ってるんだ、最高だよ！	
1	19	19	今日は商店街が休みだから、	
1	18	19	よし、基礎体力を鍛えるぞ！	
1	21	19	戦後、商店街を再建する時に	
1	15	19	そうだ、それを掘り起こして	
1	17	19	減らず口はいいから早く配達	
1	15	19	本当に、いつもすみません。	
1	15	19	じゃ、そろそろ失礼します。	
1	15	19	じゃ、半分よこすでやんす。	
1	13	19	・・・うーん、いいのかな？	
1	15	19	じゃあ、何が言いたいんだ。	
1	15	19	つまり、自慢がしたいのか？	
1	13	19	（ピーゴロゴロゴロ・・・）	
1	15	19	・・・それで、何者なんだ。	
1	14	19	でもこのテントは俺のだぞ。	
1	15	19	あれは、お前が食ったのか！	
1	13	19	どうも、ごくろうさまです。	
1	14	19	ほら、ちゃんと届けただろ！	
1	14	19	それじゃ、俺はこれで・・・	
1	14	19	そ、そんなこと考えてない！	
1	18	19	打撃のコツは、一言で言うと	
1	16	19	捕球は、慣れるしかないな。	
1	13	19	（そんなことでいいのか？）	
1	13	19	うん、ちょっとあきてきた。	
1	14	19	・・・この本、ずっとここに	
1	15	19	食べるならこっちの草だよ。	
1	19	19	今日は、野球場に行かない？	
1	20	19	ご主人の大切な思い出の品を	
1	16	19	ウチの店の看板なんだけど。	
1	13	19	ああ、ええと、つまり・・・	
1	17	19	それで、この石が本当に家？	
1	14	19	・・・まだ人であったころ、	
1	18	19	じゃあ、二人の運勢を足して	
1	15	19	・・・なんだか落ち込むな。	
1	13	19	ああ、バナナもらったんだ。	
1	13	19	なるほど、そういうことか。	
1	14	19	あれ、話してなかったっけ？	
1	18	19	家族と連絡は取れないのか？	
1	17	19	そのためには、今度の舞台を	
1	15	19	だって、新しい男だからな。	
1	16	19	そう、これこそが僕の宝物！	
1	13	19	ダメなときは、あきらめる。	
1	14	19	ねえねえ、これなんの騒ぎ？	
1	15	19	・・・それ応援じゃなくて、	
1	15	19	これで、人数はそろったな。	
1	14	19	そうか、それは良かったな！	
1	16	19	どうして別れの言葉もなしに	
1	15	19	・・・それ、現実だけどね。	
1	14	19	ごめん、慌ててたから・・・	
1	14	19	ふふふふふっ・・・この店。	
1	14	19	おじちゃんに欠けているのは	
1	13	19	ううむ、それはそれで・・・	
1	13	19	こりゃあ、なりふりかまわず	
1	15	19	あたしは納得してないわよ。	
1	17	19	試合で勝って勝ちまくって、	
1	14	19	あああ～、負けちゃったよ～	
1	16	19	ああ、使い方を知らないから	
1	15	19	年をとると疲れやすくてな。	
1	13	19	そんなことはさせないナリ！	
1	14	19	お前、ちょっとおかしいぞ。	
1	16	19	・・・俺、兵士じゃないし。	
1	16	19	昔、ウチの店によく来ていた	
1	16	19	それで、学校は楽しいかい？	
1	15	19	そんなに子供じゃないわよ。	
1	14	19	ああ、そういえば前にここで	
1	17	19	ウチは、今でも土地を借りて	
1	17	19	じゃ、適正な金額ってこと？	
1	18	19	もちろん、実際の交渉の時に	
1	13	19	ゴホッ、ゴホッ、ゴホゴホ！	
1	15	19	簡単じゃねえか、そんなの。	
1	17	19	お母さんのお弁当は、初めて	
1	15	19	あれっ、お口に合いません？	
1	16	19	寄り道しないで帰るんだよ。	
1	14	19	（なにを言ってるんだか。）	
1	17	19	よし、特訓で生まれ変わった	
1	22	19	小学校の集団下校の時間が、	
1	17	19	えっ、映画の券が２枚・・・	
1	16	19	今日、どこかに行かないか？	
1	13	19	ま、それはおいといて・・・	
1	17	19	それにしては、知識も人格も	
1	13	19	あら、あなたはすごいものを	
1	13	19	じゃあ、もらっていいかな？	
1	13	19	・・・いや、だがグラブには	
1	18	19	その分、責任重大だけどな。	
1	14	19	ははは、これは参ったなぁ。	
1	17	19	お前以外に誰がいるんだよ。	
1	16	19	ちょいと昔の知り合いでね。	
1	14	19	こっ、こら、ちょっと待て！	
1	18	19	商店街のイベントの情報や、	
1	14	19	そ、そんなの知らないなぁ。	
1	17	19	あのな、商店街で会ったとき	
1	16	19	たしかに今のままの状態だと	
1	14	19	あ、おじちゃん遊びに・・・	
1	13	19	しかし、カブトムシだって？	
1	15	19	あはは、ヒーロー失格だね。	
1	15	19	さすがに、そこまで好意には	
1	13	19	・・・・・・・・・そうか。	
1	17	19	一件落着だね、おじちゃん！	
1	16	19	実はさ、これが本業なんだ。	
1	17	19	帰りにお土産買ってくるから	
