count	budget	jp	ko
228	10	・・・・・・・・・。	
122	3	うん。	
80	9	・・・・・・・・。	
79	2	え？	
79	3	えっ？	
60	7	・・・・・・。	
46	2	ん？	
45	3	ああ。	
40	2	あ、	
37	11	・・・・・・・・・・。	
35	3	・・・	
32	3	はい。	
31	13	・・・・・・・・・・・・。	
29	3	あれ？	
26	3	そう。	
24	6	ありがとう。	
20	3	ああ、	
19	3	なに？	
18	4	（ピッ）	
18	9	・・・・・・・・・	
18	11	む～～～～～～～～ん。	
18	8	・・・・・・・。	
17	3	うん！	
17	4	そうか。	
16	2	あ！	
16	3	あれ、	
16	4	う～ん。	
16	2	い、	
15	2	そう	
14	2	そ、	
13	11	さて、今日の配達	
13	6	どうしたの？	
13	7	わかりました。	
12	3	やあ、	
12	6	・・・・・・	
12	3	おう。	
12	5	そうだな。	
12	9	ああ、ありがとう。	
12	5	そうだね。	
12	17	お待たせしました。ご主人様	
12	2	お、	
11	7	ああ、いいよ。	
11	5	あ、ああ。	
11	3	まあ、	
11	1	見	
11	8	む～～～～～ん。	
11	4	そっか。	
11	3	あっ！	
11	5	（ガチャ）	
10	5	そうだよ。	
10	4	お～い！	
10	6	そうなのか？	
10	6	なんだって？	
10	7	どうしたんだ？	
10	4	なんで？	
10	16	いらっしゃいませ。ご主人様	
9	3	おい、	
9	2	へ？	
9	3	いや、	
9	7	・・・そうか。	
9	3	ええ。	
9	6	そうなんだ。	
9	4	う～ん！	
9	2	うん	
8	3	おや？	
8	5	ワンワン！	
8	4	なんだ？	
8	5	わかった。	
8	9	いらっしゃいませ！	
8	8	ああ、わかった。	
8	1	昨	
8	7	大丈夫。	
8	3	へぇ。	
7	3	はい！	
7	3	あっ、	
7	8	ああ、そうだな。	
7	5	ただいま。	
7	5	今日は	
7	3	おう！	
7	5	いや・・・	
7	3	なあ、	
7	3	はあ？	
7	3	おや、	
7	5	ええっ？！	
7	3	俺は	
7	5	う、うん。	
7	9	うん・・・・・・。	
7	4	あはは。	
6	6	おじちゃん！	
6	3	さあ、	
6	3	ワン！	
6	7	（カキーン！）	
6	4	・・・？	
6	4	えっ？！	
6	5	・・・え？	
6	4	まあね。	
6	4	何を？	
6	2	（喫	
6	3	はぁ？	
6	5	そうかな？	
6	5	おはよう。	
6	4	（パク）	
6	10	む～～～～～～～ん。	
6	6	（はーい。）	
6	4	ははは。	
6	3	よし！	
6	6	（バタン！）	
6	4	おっす！	
6	6	そうだね～。	
6	15	フンフンフンフンフンフンフン！	
6	10	何を読んでるの？	
6	16	いらっしゃいませ！ご主人様	
6	3	じゅ、	
6	5	（バタン）	
5	4	あれっ？	
5	6	今日は、	
5	3	ごめん	
5	6	・・・うん。	
5	9	いらっしゃいませ。	
5	7	・・・・・・・	
5	6	そうですか。	
5	5	（バキ！）	
5	8	・・・やれやれ。	
5	4	うわっ！	
5	5	どうして？	
5	11	ありがとうございます。	
5	5	どうしたの	
5	3	ねえ、	
5	7	まあ、いいか。	
5	3	これ？	
5	4	は～い。	
5	4	ふ～ん。	
5	6	大丈夫	
5	6	やめとくよ。	
5	19	また今度、別の本を貸してよ。	
5	5	ス～ス～。	
5	10	じゃあ、借りるよ。	
5	3	おい！	
5	3	これ。	
5	2	は、	
5	3	いい。	
5	2	ス～	
5	6	ス～。ス～。	
5	5	うんうん。	
5	9	（プルルルルルル）	
5	12	おっと、電話ですな。	
5	4	わざわざ	
5	7	仕事中？	
5	4	うーん。	
4	5	うわっ？！	
4	7	（ドカーン！）	
4	12	・・・・・・・・・・・・	
4	4	そうだ！	
4	6	・・・あれ？	
4	6	本当に？	
4	8	そう、よかった。	
4	5	そうそう。	
4	8	よし、わかった。	
4	4	ふーん。	
4	3	おお、	
4	7	おいおい・・・	
4	4	いいよ。	
4	6	ええと・・・	
4	3	そう？	
4	5	どうした？	
4	5	ところで、	
4	6	そうですね。	
4	5	そうかな。	
4	12	おじちゃん、おじちゃん！	
4	3	いえ。	
4	8	あ、ありがとう。	
4	6	（バキッ！）	
4	7	なんだって？！	
4	5	（ヒュ～～	
4	5	わかった！	
4	3	ええ？	
4	5	なるほど。	
4	7	なんですって？	
4	4	ええっ？	
4	6	ははははは！	
4	4	なにが？	
4	5	ねえねえ、	
4	4	そうね。	
4	6	えっ、俺？	
4	5	いいよ～。	
4	3	だから	
4	4	そうだ、	
4	9	腹減ったなあ。	
4	3	よっ！	
4	14	わかりました。ご主人様	
4	10	（タタタタタタタ！）	
4	9	そう・・・・・・。	
4	8	フンフンフンフン	
4	7	おもしろいよ。	
4	5	そういえば	
4	4	ふう～。	
4	2	う、	
4	5	は、はい。	
4	7	ハアハアハア！	
4	3	いや。	
4	13	三浦のシナリオテスト。	
4	7	あ、いたいた。	
4	4	おっと。	
4	18	じゃあ、そろそろ仕事に戻るか。	
3	7	そうか、じゃあ	
3	6	そうか・・・	
3	5	（パッ！）	
3	6	・・・ふう。	
3	6	どうだった？	
3	13	あ、仕事終わったの？	
3	6	じゃあさぁ、	
3	4	いいね。	
3	6	ありがとう！	
3	10	おはようございます！	
3	10	おはようございます。	
3	7	そうでやんす。	
3	4	何が？	
3	11	（よし、がんばるぞ。）	
3	9	（あははははは！）	
3	5	（ポカ！）	
3	7	む～～～～ん。	
3	5	お、おう。	
3	9	ガルルルルル・・・	
3	4	これは？	
3	5	（ぐ～っ）	
3	10	みんなの練習を見	
3	3	えっ、	
3	5	（パシッ）	
3	6	（パシッ！）	
3	5	・・・あ。	
3	7	うぉおおおお！	
3	4	ふ～ん？	
3	7	うん、まあね。	
3	4	ところで	
3	3	オウ！	
3	9	・・・なんだって？	
3	4	いいや。	
3	3	はい？	
3	9	どうしたんですか？	
3	5	あの・・・	
3	7	そうなんだよ。	
3	6	わかったよ。	
3	4	そうか？	
3	9	ああ、なるほどな。	
3	11	・・・ああ、わかった。	
3	4	違う！	
3	3	ほら。	
3	6	・・・・・。	
3	8	お疲れ様～。	
3	13	そうだ、電話しないと。	
3	4	そうよ。	
3	4	ふふふ。	
3	5	・・・ん？	
3	9	・・・ありがとう。	
3	8	そうですか・・・	
3	8	・・・なるほど。	
3	6	そ、そうか。	
3	7	どうしたんだ、	
3	10	ありがとうでやんす！	
3	9	・・・そうなのか。	
3	2	あの	
3	7	ああ、まあな。	
3	3	おお。	
3	3	じゃあ	
3	5	なんだよ。	
3	7	そうだな・・・	
3	5	はいはい。	
3	6	えーと・・・	
3	7	あ、そうそう。	
3	4	そうだ。	
3	11	（・・・グゥ～・・・）	
3	4	いいの。	
3	4	あれっ、	
3	3	なんで	
3	5	まあまあ。	
3	8	そうなんですよ。	
3	3	ああ！	
3	7	うん、いいよ。	
3	7	なんでやんす？	
3	5	野球？	
3	8	・・・しまった！	
3	9	（ドガガーン！！）	
3	4	・・・。	
3	3	ふう。	
3	7	ああ、そうだ。	
3	4	ああ～！	
3	15	いらっしゃいませご主人様	
3	3	ほう！	
3	19	まあ、期待しないで待っておくよ。	
3	14	お楽しみにお待ちください	
3	9	ハアハアハアハア。	
3	9	おい！そこの君！	
3	7	ああ、君だ。	
3	4	ああ～。	
3	5	そ、そう。	
3	4	ズズズ～	
3	4	やっぱり	
3	4	お～い。	
3	4	ボ～クは	
3	9	うっ・・・・・・。	
3	2	な、	
3	9	ああ。ありがとう。	
3	9	そんな事ないよ。	
3	2	あっ	
3	3	チッ！	
3	8	知らないわよ。	
3	3	おっ！	
3	10	おお、これにしよう！	
3	5	お帰り。	
3	4	これって	
3	7	いらっしゃい。	
3	3	さあ？	
3	6	ん？なんだ？	
3	4	へえ～。	
3	12	・・・・・・・・・・・。	
3	5	じゃあね。	
3	4	あのさ、	
3	12	ありがとうございました。	
3	5	な、なに？	
3	2	はい	
3	4	はあ～。	
3	8	ああ、そうかい。	
3	6	なんとなく。	
3	6	なんですか？	
3	3	おっす	
3	17	お待たせしました！ご主人様	
3	4	そうだな	
3	4	なに！？	
3	8	じゃあ、またな。	
2	4	おーい、	
2	15	今日も練習がんばるぞ。	
2	11	いらっしゃいでやんす！	
2	10	・・・・・・・・・！	
2	7	ああ、まあね。	
2	4	よーし！	
2	9	ハァハァ・・・・・	
2	10	ああ、そうしようか。	
2	4	やった！	
2	8	どうしたんです？	
2	3	バカ！	
2	6	すみません。	
2	5	今日も	
2	9	そうか、よかった。	
2	5	おいおい、	
2	19	（・・・今日は部活があるから、	
2	11	よし、電話しよう。	
2	6	おう、配達	
2	9	よお、キャプテン。	
2	20	河原にあなたがテントを張ったとき、	
2	10	いいんですよ、もう。	
2	11	あ、そういえばそうか。	
2	3	もう、	
2	8	あはははは・・・	
2	4	う・・・	
2	11	ああ、惜しかったな。	
2	13	よし、連敗ストップだ！	
2	6	・・・はい。	
2	10	はい、がんばります。	
2	11	（むしゃむしゃむしゃ）	
2	16	よし、念の為にとっておこう。	
2	3	へえ、	
2	6	あっ、コラ！	
2	7	ハァハァ・・・	
2	21	（グラウンドへ行って練習をしました）	
2	14	普通のチームじゃねえか。	
2	9	あはは、他人を	
2	20	いや、特に目的があるわけじゃない。	
2	4	ふーん？	
2	17	まあ、こんな商店街だしなぁ。	
2	3	うん？	
2	9	ああ、わかったよ。	
2	5	（サッ！）	
2	8	あ、どうしたの？	
2	14	みんなもそろってるようだな。	
2	7	（ピシャッ！）	
2	14	よし、がんばって練習だ！	
2	9	・・・・・・あれ？	
2	4	それっ！	
2	18	オイラ、子供だからよくわかんない	
2	4	なにっ！	
2	5	うるさい！	
2	9	ええ、いいですよ。	
2	8	・・・・ムシャ。	
2	13	さあ、たっぷり食べてね。	
2	7	聞いてくれ、	
2	5	あ、はい！	
2	3	しかし	
2	7	・・・ゲーム？	
2	5	ふむふむ。	
2	8	うーんとね・・・	
2	10	やあ、いらっしゃい。	
2	6	うーん・・・	
2	6	・・・末吉	
2	6	なんだって！	
2	6	カレー大盛	
2	6	・・・ああ。	
2	7	お、おう・・・	
2	7	そ、そうかな。	
2	6	・・・ハァ。	
2	5	よかった。	
2	5	もちろん。	
2	3	よし、	
2	11	やったー、勝ったぞ！	
2	7	どうぞどうぞ！	
2	5	ええっと、	
2	10	ああ、それなら・・・	
2	19	・・・ほとんどの店が閉まっている。	
2	18	今日は、次の試合に向けて	
2	6	（おーっ！）	
2	6	（ビキッ！）	
2	21	（はりきりすぎて、怪我してしまった！）	
2	4	おーい！	
2	9	わかったでやんす！	
2	4	まあな。	
2	6	・・・はあ？	
2	2	は？	
2	3	おう、	
2	3	もう！	
2	6	えっ、オレ？	
2	7	ごめんごめん。	
2	8	へえ、すごいな。	
2	9	ああ、すまないな。	
2	12	よくわかんないでやんす。	
2	5	そうそう、	
2	11	ちょ、ちょっと待て！	
2	8	・・・あきれた。	
2	4	うわぁ！	
2	7	はい、どうぞ。	
2	6	あ、どうも。	
2	8	そうなんですか。	
2	14	よし、これでなんとか・・・・	
2	8	今の音は！？	
2	4	きゃあ！	
2	4	お～い、	
2	5	あ・・・。	
2	7	い、いや・・・	
2	5	はい、今	
2	14	はい、ありがとうございます。	
2	6	そういえば、	
2	5	ああ・・・	
2	3	あっ？	
2	11	ありがとうございます！	
2	5	どうした、	
2	3	この喫	
2	13	さて、試合に行くか。	
2	15	よお、今からお出かけかい？	
2	13	いや、戻ってきたんだよ。	
2	18	ひと駅むこうの町に建築中の	
2	6	なんだと？！	
2	11	ああ、そういえば・・・	
2	5	貴様！	
2	17	ま、たぶんオレの気のせいだろう。	
2	4	くそっ！	
2	8	・・・遅いな。	
2	11	監督、大変だ！	
2	16	おや、どうしました会長さん。	
2	6	だましたな！	
2	9	これですよ、これ！	
2	5	なんだと？	
2	8	（シュルシュル）	
2	3	ふむ。	
2	10	いいから、いいから。	
2	7	・・・そうだ。	
2	10	ええ、もちろんです。	
2	3	そお？	
2	12	・・・ねえ、あなたたち。	
2	13	・・・いや、なんでもない。	
2	9	うん、ありがとう。	
2	10	いや、なんでもない。	
2	7	・・・ふーん。	
2	3	はぁ。	
2	5	・・・へ？	
2	16	君が集めていた古地図。	
2	5	そうなの？	
2	2	でも	
2	18	ちょっとウチの店に来ておくれよ！	
2	8	ああ、なるほど。	
2	5	おいおい。	
2	6	あはははは。	
2	11	買い物の帰りか？	
2	9	あー、良かった。	
2	3	はあ。	
2	5	はははは！	
2	3	どう？	
2	7	ああ、たしかに	
2	4	あ・・・	
2	4	なんと！	
2	8	うん、そうだよ。	
2	3	うわ！	
2	9	いや、いいんだよ。	
2	14	大丈夫、大丈夫。	
2	9	いや、俺は・・・	
2	8	・・・・・・え？	
2	6	そうなのか。	
2	8	・・・わかった。	
2	10	よし、やってみるよ。	
2	3	でも、	
2	5	じゃあ、見	
2	6	ふっふっふ。	
2	8	はい、終了！	
