cc	char	source	offset	owner	sample
0	あ	array	0x069736	ARM9	あ売
1	い	array	0x069752	ARM9	い埜
2	う	array	0x069766	ARM9	う迩
3	え	array	0x069776	ARM9	え呑
4	お	array	0x069786	ARM9	お督
5	か	array	0x069792	ARM9	か同
6	き	array	0x06979E	ARM9	き糖
7	く	array	0x06A668	ARM9	く盗
8	け	array	0x0A16C0	ARM9	けん制が上手くなります
9	こ	packed	0x02D6C2	ARM9	こいペ
10	さ	array	0x093124	ARM9	さち
11	し	array	0x0A121C	ARM9	チームプレイをします
12	す	array	0x093A9C	ARM9	ほるひす
13	せ	array	0x0A14FC	ARM9	チームプレイをしません
14	そ	packed	0x13C595	f13	そべる
15	た	array	0x093D04	ARM9	たかゆき
16	ち	array	0x093124	ARM9	さち
17	つ	array	0x0A1810	ARM9	ボールに飛びつきやすくなります
18	て	packed	0x0A19C8	ARM9	強打者に対して能力アップ
19	と	packed	0x0A1BD8	ARM9	ランナーが出ると能力が下がります
20	な	array	0x0A11EC	ARM9	ピヨらなくなります
21	に	array	0x0A1240	ARM9	ケガをしにくくなります
22	ぬ	packed	0x13485F	f13	ぬただレあ
23	ね	packed	0x134BDF	f13	ねフるけむ／な／な苳６た
24	の	array	0x0A15E0	ARM9	サードの守備もできます
25	は	packed	0x06B9B6	ARM9	は
26	ひ	array	0x093A9C	ARM9	ほるひす
27	ふ	packed	0x0A1B90	ARM9	闘志あふれる投球をするようになる
28	へ	packed	0x134877	f13	ヴへおヴなヴなヴな
29	ほ	array	0x093A9C	ARM9	ほるひす
30	ま	array	0x0931D0	ARM9	ゆうま
31	み	packed	0x02D6B4	ARM9	うみィ・うみァ・ほ
32	む	packed	0x0BD77B	f11	ヴぃョンぃ０ぢペむ
33	め	array	0x0A1544	ARM9	ボールを見極めます
34	も	array	0x0A1508	ARM9	外野手もできます
35	や	array	0x0A124C	ARM9	ケガをしやすくなります
36	ゆ	array	0x0931D0	ARM9	ゆうま
37	よ	packed	0x0A1B90	ARM9	闘志あふれる投球をするようになる
38	ら	array	0x0A11EC	ARM9	ピヨらなくなります
39	り	array	0x0A11EC	ARM9	ピヨらなくなります
40	る	array	0x093A9C	ARM9	ほるひす
41	れ	array	0x0A14E4	ARM9	打たれ強くなります
42	ろ	packed	0x13444C	f13	りうるかれかろかな
43	わ	packed	0x06B9BA	ARM9	わ
44	を	array	0x0A121C	ARM9	チームプレイをします
45	ん	array	0x0A14FC	ARM9	チームプレイをしません
46	ぁ	packed	0x02D6BE	ARM9	ぁ）ボ
47	ぃ	packed	0x134456	f13	ひおぃつコちモつ
48	ぅ	packed	0x134C0D	f13	ぇざほっあヒぅくゆヒぅヴヲ＋リくゆルワヴヲ
49	ぇ	packed	0x134BED	f13	ぇざほっあフをけむフをフをけむけむけむフを
50	ぉ	packed	0x06B9BC	ARM9	ぉ
51	っ	packed	0x0A1C38	ARM9	打席に立った時に盛り上がります
52	ゃ	packed	0x1347F5	f13	ヴひンＢゃひン
53	ゅ	dialogue	0x4D7ECF	f25	（ぎゅるるるる）
54	ょ	packed	0x797A2C	ARM7	ょ
55	が	array	0x0A1228	ARM9	直球が伸びます
56	ぎ	array	0x0A11F8	ARM9	中継ぎエースです
57	ぐ	packed	0x06B9BE	ARM9	ぐ
58	げ	packed	0x0A1740	ARM9	能力を上げやすくなります
59	ご	packed	0x0A17DA	ARM9	すごく強くなります
60	ざ	packed	0x0BD73B	f11	ヴぃンぐぃずヴざア
61	じ	packed	0x135CF3	f13	ぎヴじプぅＢゃＢゃモぷ
62	ず	packed	0x0BD73B	f11	ヴぃンぐぃずヴざア
63	ぜ	packed	0x06B9C0	ARM9	ぜ
64	ぞ	packed	0x134A55	f13	ヴすぷ８ぞ８ぞＨニ
65	だ	array	0x0A18D8	ARM9	追い込んだ時に能力アップ
66	ぢ	packed	0x0930BA	ARM9	くいシぢくいシぢくいシぢくいシルくいシダかいシゥくいシぢくいカニ
67	づ	packed	0x797A32	ARM7	づ
68	で	array	0x0A11D4	ARM9	リリーフエースです
69	ど	packed	0x06B9C2	ARM9	ど
70	ば	packed	0x2272FA	f18	ば
71	び	array	0x0A1228	ARM9	直球が伸びます
72	ぶ	packed	0x134907	f13	ヴ（うヴホぁすセぉプいギンヴホギンプぶ
73	べ	packed	0x1348AB	f13	ヴべるコヒーコモぷ
74	ぼ	packed	0x134104	f13	ぼくぱ
75	ぱ	packed	0x06B9C4	ARM9	ぱ
76	ぴ	packed	0x1340FC	f13	ぴくぷ
77	ぷ	packed	0x08D6F8	ARM9	ォたォたォたォたただただただただモぷーコぎヌボモＲラ・ロ
78	ぺ	packed	0x134100	f13	ぺくぽ
79	ぽ	packed	0x797A38	ARM7	ぽ
80	ア	array	0x0931B8	ARM9	アンヌ
81	イ	array	0x093190	ARM9	イサム
82	ウ	array	0x0931AC	ARM9	ユウキ
83	エ	array	0x0931CC	ARM9	ピエロ
84	オ	array	0x093184	ARM9	シャオ
85	カ	array	0x0930D8	ARM9	カニ
86	キ	array	0x0931AC	ARM9	ユウキ
87	ク	array	0x0931D4	ARM9	ホーク
88	ケ	array	0x0A1240	ARM9	ケガをしにくくなります
89	コ	array	0x094024	ARM9	フランコ
90	サ	array	0x093190	ARM9	イサム
91	シ	array	0x093184	ARM9	シャオ
92	ス	array	0x0931A4	ARM9	スミス
93	セ	array	0x09417C	ARM9	ギッセル
94	ソ	array	0x0931C8	ARM9	ソニア
95	タ	array	0x0931A0	ARM9	カンタ
96	チ	array	0x0934B4	ARM9	スチール
97	ツ	array	0x0931B4	ARM9	ベンツ
98	テ	array	0x0A15D0	ARM9	テンポ良く投球します
99	ト	array	0x093944	ARM9	バレント
100	ナ	array	0x0A1690	ARM9	スタミナ消費が減ります
101	ニ	array	0x0930D8	ARM9	カニ
102	ヌ	array	0x0931B8	ARM9	アンヌ
103	ネ	array	0x093168	ARM9	ネロ
104	ノ	array	0x0931A8	ARM9	ロマノ
105	ハ	array	0x22ADBC	f18	ハイボールヒッター
106	ヒ	array	0x0A16A0	ARM9	ヒットを打ちやすくなります
107	フ	array	0x094024	ARM9	フランコ
108	ヘ	packed	0x0A1A54	ARM9	ヘッドスライディングが上手くなる
109	ホ	array	0x0931D4	ARM9	ホーク
110	マ	array	0x02B737	ARM9	㎏マァ
111	ミ	array	0x093188	ARM9	ドミオ
112	ム	array	0x093190	ARM9	イサム
113	メ	array	0x09401C	ARM9	アクメド
114	モ	packed	0x06B9D6	ARM9	モ
115	ヤ	packed	0x1350CD	f13	ぇざほっあみンタヲみンまンＲヤタヲぜヲ（ヲ
116	ユ	array	0x0931AC	ARM9	ユウキ
117	ヨ	array	0x0A11EC	ARM9	ピヨらなくなります
118	ラ	array	0x0932E4	ARM9	ラロッカ
119	リ	array	0x09319C	ARM9	グリン
120	ル	array	0x0931C4	ARM9	ベイル
121	レ	array	0x09381C	ARM9	カブレラ
122	ロ	array	0x093140	ARM9	ロボ
123	ワ	array	0x13D084	f13	試合中、パワーが＋３０
124	ヲ	packed	0x06B9DC	ARM9	ヲ
125	ン	array	0x093198	ARM9	バーン
126	ヴ	packed	0x08D715	ARM9	ヴ
127	ァ	array	0x02B62F	ARM9	㎏Ｆァ
128	ィ	packed	0x02D6B4	ARM9	うみィ・うみァ・ほ
129	ゥ	packed	0x0930BA	ARM9	くいシぢくいシぢくいシぢくいシルくいシダかいシゥくいシぢくいカニ
130	ェ	packed	0x06B9E0	ARM9	ェ
131	ォ	packed	0x02B6E4	ARM9	ォァ
132	ッ	array	0x0931E0	ARM9	リック
133	ャ	array	0x093184	ARM9	シャオ
134	ュ	packed	0x1377D1	f13	ヴケロＧメュオ
135	ョ	array	0x0A1640	ARM9	ショートの守備もできます
136	ガ	array	0x09425C	ARM9	ガルシア
137	ギ	array	0x09417C	ARM9	ギッセル
138	グ	array	0x09319C	ARM9	グリン
139	ゲ	packed	0x797A5E	ARM7	ゲ
140	ゴ	packed	0x2272DE	f18	ゴ
141	ザ	packed	0x06B9E8	ARM9	ザ
142	ジ	array	0x22ADA4	f18	アベレージヒッター
143	ズ	array	0x094204	ARM9	ズレータ
144	ゼ	packed	0x797A62	ARM7	ゼ
145	ゾ	packed	0x06B9EC	ARM9	ゾ
146	ダ	array	0x093A7C	ARM9	カビンダ
147	ヂ	packed	0x134F37	f13	ヴDぅどDぅどDヂイ
148	ヅ	packed	0x06B9EE	ARM9	ヅ
149	デ	array	0x02B69B	ARM9	㎏デァ
150	ド	array	0x093188	ARM9	ドミオ
151	バ	array	0x093198	ARM9	バーン
152	ビ	array	0x09370C	ARM9	デイビー
153	ブ	array	0x09314C	ARM9	ボブ
154	ベ	array	0x0931B4	ARM9	ベンツ
155	ボ	array	0x093140	ARM9	ロボ
156	パ	array	0x093D4C	ARM9	スーパー
157	ピ	array	0x0931CC	ARM9	ピエロ
158	プ	array	0x0A11E0	ARM9	完投タイプです
159	ペ	packed	0x02D6C2	ARM9	こいペ
160	ポ	array	0x0A15D0	ARM9	テンポ良く投球します
161	０	packed	0x06B9FA	ARM9	０
162	１	packed	0x13CEAC	f13	ー１０
163	２	packed	0x02D6C6	ARM9	こい２
164	３	packed	0x797A72	ARM7	３
165	４	packed	0x06B9FE	ARM9	４
166	５	packed	0x797A74	ARM7	５
167	６	packed	0x02D6CA	ARM9	こい６
168	７	packed	0x094773	ARM9	７
169	８	packed	0x06BA02	ARM9	８
170	９	packed	0x06BA04	ARM9	９
171	Ａ	packed	0x02D6CE	ARM9	こいＡ
172	Ｂ	packed	0x06BA06	ARM9	Ｂ
173	Ｃ	packed	0x797A7A	ARM7	Ｃ
174	Ｄ	packed	0x06BA08	ARM9	Ｄ
175	Ｅ	packed	0x797A7C	ARM7	Ｅ
176	Ｆ	array	0x02B62F	ARM9	㎏Ｆァ
177	Ｇ	packed	0x06BA0C	ARM9	Ｇ
178	Ｈ	array	0x09447C	ARM9	Ｈ亀田
179	Ｉ	packed	0x06BA0E	ARM9	Ｉ
180	Ｊ	packed	0x13C589	f13	ヴボモねテＪカべるブつ
181	Ｋ	packed	0x06BA10	ARM9	Ｋ
182	Ｌ	packed	0x06BA12	ARM9	Ｌ
183	Ｍ	packed	0x797A84	ARM7	Ｍ
184	Ｎ	packed	0x06BA14	ARM9	Ｎ
185	Ｏ	packed	0x06BA16	ARM9	Ｏ
186	Ｐ	packed	0x36FC36	f33	ＰＰＰＰＰＰＰＰＰＰＰＰＰＰＰＰＰＰＰＰＰＰＰＰＰＰめぅぉ麟麟ぉ
187	Ｑ	packed	0x06BA18	ARM9	Ｑ
188	Ｒ	packed	0x02B6C3	ARM9	弦ァＲ隠
189	Ｓ	packed	0x797A8A	ARM7	Ｓ
190	Ｔ	packed	0x06BA1C	ARM9	Ｔ
191	Ｕ	packed	0x06BA1E	ARM9	Ｕ
192	Ｖ	array	0x4803FB	f10	Ｖ
193	Ｗ	packed	0x06BA20	ARM9	Ｗ
194	Ｘ	packed	0x06BA22	ARM9	Ｘ
195	Ｙ	packed	0x06BA24	ARM9	Ｙ
196	Ｚ	packed	0x48C75D	f10	じふつＺンペヲペク
197	♂	dialogue	0x144311	f13	ヂひいぃ↑ひいシ○ひいワ♂ひいＹ♂ひい２ＱひいエＰひいＡＭひいごＮひい掩ひい
198	♀	dialogue	0x14433B	f13	いびプひいミプひいエヅひいえボひいぽゼひい→ダひいごＱひいみＶひいシＮひい◎Ｎひい莵ひいォメひい」フひい６フひいみデひいエゾひい波ひい詬ひいぽ↑ひいエ♀ひいや＠ひいづ♀ひいＩＰひい→Ｍひい㎞Ｐひい❤ＭひいＵ１ひいペプひいづ２ひい！ピひい巴ひいごゼひいゲベひいぽダひい◎ＯひいォＮひいボＵひいリＮひい２ホひいネフひいトムひいエフひいョパひいぃバひいＵパひいたゾひい修ひい。＠ひいヤ↑ひい→♀ひいづＱひいＱＱひいヤＵひいみＶひいヤ２ひいび７ひいり８ひいヤ７ひいねヅひい！バひいふブひい
199	◎	array	0x22A740	f18	バント◎
200	○	array	0x09318C	ARM9	カニ○
201	★	dialogue	0x144431	f13	ビひいヤＵひいァＶひいＥＶひいがＰひいヤヨひいシフひい２ミひいＹフひいＭボひいぃピひいとブひいシプひいぜ＠ひいと。ひいや♀ひいぱ★ひいわＴひいうひいぱＮひいＩＴひいく３ひいペ３ひい」プひい」ペひいＡブひいョボひいわヅひいタデひいエＸひいズＸひいたＯひいＥＲひいペメひい」ヒひいとマひいＱメひい
202	＠	packed	0x134A47	f13	ヴ（うせぷくむセぉプい＠で
203	→	dialogue	0x144287	f13	いづマひいエマひい→モひいぽヂひいＥドひい。ドひい覇ひいと◎ひいタ↓ひいＥ＠ひいＱ↑ひいボＭひいねＰひい６ＮひいわＰひいしプひい杓ひい（ペひいォ６ひいぃゼひい波ひい❤ヂひいヤブひいリＯひいネＱひいバＱひいぜＷひいふムひいわヨひいョラひいぽヨひいヂドひい紗ひいＩゾひい
204	←	dialogue	0x37BC39	f33	マゲ＠ＳＱ→憶Ｑ課ＱＲ夙❤じ←グＫ酬グ
205	↑	array	0x4806BC	f10	ラに↑刹
206	↓	dialogue	0x144287	f13	いづマひいエマひい→モひいぽヂひいＥドひい。ドひい覇ひいと◎ひいタ↓ひいＥ＠ひいＱ↑ひいボＭひいねＰひい６ＮひいわＰひいしプひい杓ひい（ペひいォ６ひいぃゼひい波ひい❤ヂひいヤブひいリＯひいネＱひいバＱひいぜＷひいふムひいわヨひいョラひいぽヨひいヂドひい紗ひいＩゾひい
207	。	packed	0x7A140A	ARM7	。あ
208	、	array	0x13CEB8	f13	ピンチに弱く、
209	…	array	0x4806E0	f10	ゲじグ…（
210	「	dialogue	0x4D7437	f25	ここまでで「
211	」	packed	0x134813	f13	む」ヴ
212	＋	array	0x13CED0	f13	コントロール＋２０
213	ー	array	0x093198	ARM9	バーン
214	？	packed	0x1348B5	f13	ヴモぷ？コモぷ
215	！	packed	0x135D27	f13	ヴ（うニンゆざセぉプいニン！ヴおン５ヲニン！ヴ
216	『	array	0x13D054	f13	『勝ち』が見えてくると、
217	』	array	0x13D054	f13	『勝ち』が見えてくると、
218	～	dialogue	0x2AC866	f20	あ～あ、やっちまった
219	❤	dialogue	0x144287	f13	いづマひいエマひい→モひいぽヂひいＥドひい。ドひい覇ひいと◎ひいタ↓ひいＥ＠ひいＱ↑ひいボＭひいねＰひい６ＮひいわＰひいしプひい杓ひい（ペひいォ６ひいぃゼひい波ひい❤ヂひいヤブひいリＯひいネＱひいバＱひいぜＷひいふムひいわヨひいョラひいぽヨひいヂドひい紗ひいＩゾひい
220	×	array	0x22A720	f18	ムード×
221	・	array	0x094778	ARM9	T・ｳｯｽ
222	／	packed	0x0A1C68	ARM9	体力／スタミナ回復が早くなります
223	（	packed	0x134807	f13	ヴ（う／ロホなセぉプい
224	）	packed	0x02D6BE	ARM9	ぁ）ボ
225	％	packed	0x7A1413	ARM7	％ほ
226	￥	dialogue	0x5584CE	f25	￥は、
227	㎞	dialogue	0x14433B	f13	いびプひいミプひいエヅひいえボひいぽゼひい→ダひいごＱひいみＶひいシＮひい◎Ｎひい莵ひいォメひい」フひい６フひいみデひいエゾひい波ひい詬ひいぽ↑ひいエ♀ひいや＠ひいづ♀ひいＩＰひい→Ｍひい㎞Ｐひい❤ＭひいＵ１ひいペプひいづ２ひい！ピひい巴ひいごゼひいゲベひいぽダひい◎ＯひいォＮひいボＵひいリＮひい２ホひいネフひいトムひいエフひいョパひいぃバひいＵパひいたゾひい修ひい。＠ひいヤ↑ひい→♀ひいづＱひいＱＱひいヤＵひいみＶひいヤ２ひいび７ひいり８ひいヤ７ひいねヅひい！バひいふブひい
228	㎏	array	0x02B62F	ARM9	㎏Ｆァ
229	・	packed	0x48A763	f10	れ狹・もペいホヴ・ン（ヲソヴプレコユ（う（う
230	・	packed	0x004003	ARM9	・
256	亜	dialogue	0x5B554D	f4	でも、まさか亜光速で来る
258	娃	ime	0x2F7F54	f28	荏餌絵柄得獲江枝画会恵杖重娃衛慧
259	阿	array	0x093974	ARM9	阿部
260	哀	ime	0x2F749A	f28	粟泡沫淡慌哀
261	愛	array	0x093254	ARM9	愛敬
262	挨	packed	0x2F7AB4	f28	え愛挨姶逢葵迦餅送頃牙俄
263	姶	ime	0x2F652C	f28	姶
264	逢	packed	0x2F7AB4	f28	え愛挨姶逢葵迦餅送頃牙俄
265	葵	packed	0x2F7AB4	f28	え愛挨姶逢葵迦餅送頃牙俄
267	穐	ime	0x2F7084	f28	時鴇穐辰
268	悪	array	0x0A1888	ARM9	変化球のキレが悪くなります
269	握	ime	0x2F6D64	f28	悪握渥
270	渥	ime	0x2F6D64	f28	悪握渥
272	葦	ime	0x2F72DE	f28	葦芦足脚肢
273	芦	ime	0x2F72DE	f28	葦芦足脚肢
274	鯵	ime	0x2F6BA8	f28	鯵味
276	圧	array	0x0A1900	ARM9	相手に威圧感を与えます
277	斡	ime	0x2F7602	f28	圧斡扱暑熱厚篤
278	扱	ime	0x2F7602	f28	圧斡扱暑熱厚篤
279	宛	ime	0x2F65A0	f28	宛
280	姐	ime	0x2F68A8	f28	姐
281	虻	ime	0x2F6A4C	f28	虻危
282	飴	ime	0x2F6D5C	f28	飴雨天
283	絢	ime	0x2F7612	f28	絢綾文彩彪怪妖
284	綾	ime	0x2F7612	f28	絢綾文彩彪怪妖
285	鮎	ime	0x2F667C	f28	鮎
286	或	array	0x0A7F6A	f5	Ｒ或
287	粟	ime	0x2F749A	f28	粟泡沫淡慌哀
288	袷	array	0x0A81CA	f5	Ｒ袷たズ㎏あたィ％みたァ㎏ほ
289	安	array	0x0933EC	ARM9	安東
290	庵	ime	0x2F776A	f28	安庵按暗案闇鞍杏
291	按	ime	0x2F776A	f28	安庵按暗案闇鞍杏
292	暗	ime	0x2F73B6	f28	倉蔵鞍暮暗
293	案	ime	0x2F776A	f28	安庵按暗案闇鞍杏
294	闇	ime	0x2F6932	f28	闇病
295	鞍	ime	0x2F73B6	f28	倉蔵鞍暮暗
296	杏	ime	0x2F776A	f28	安庵按暗案闇鞍杏
297	以	ime	0x2F7E34	f28	摸模茂喪藻裳母燃萌若以漏洩盛
298	伊	array	0x093FD4	ARM9	伊藤
299	位	dialogue	0x511F17	f25	この位置なら看板用のコンセントも
300	依	dialogue	0x4ED1CB	f25	依頼されれば、小さな物から大きな物までなんでも作るよ。
301	偉	dialogue	0x4F47C8	f25	自分を偉そうに見せるのは
302	囲	array	0x09451C	ARM9	囲碁部
304	委	ime	0x2F65E0	f28	委
305	威	array	0x0A1900	ARM9	相手に威圧感を与えます
306	尉	dialogue	0x5A00A3	f4	うわっ、中尉が一発で！
307	惟	ime	0x2F7722	f28	只唯徒惟正質糾直
308	意	dialogue	0x2ACBCD	f20	あと、電池切れには注意するでやんす。
309	慰	dialogue	0x58D400	f4	そんな形だけの慰めなんて、
310	易	packed	0x2A24A8	f20	貿易をします
312	為	ime	0x2F7002	f28	為溜試験
313	畏	ime	0x2F7662	f28	襲遅晩恐怖畏教
314	異	ime	0x2F73DA	f28	琴事言殊異
315	移	ime	0x2F7632	f28	欝蔚空虚移写映
316	維	ime	0x2F6C08	f28	是維
318	胃	dialogue	0x5329A9	f25	コーヒーだけじゃ胃に穴が開いてしまい
320	衣	dialogue	0x4EFBDD	f25	食品に衣類？
322	違	ime	0x2F64E0	f28	違
323	遺	ime	0x2F699E	f28	唯遺
324	医	dialogue	0x502677	f25	医者の
325	井	array	0x09320C	ARM9	新井
327	域	ime	0x2F70C0	f28	域粋息行
328	育	ime	0x2F6778	f28	育
329	郁	ime	0x2F70CA	f28	育郁幾粥
330	磯	ime	0x2F6A76	f28	磯急
331	一	array	0x093294	ARM9	一場
332	壱	ime	0x2F6DA4	f28	一壱市
333	溢	ime	0x2F7622	f28	溢逸五一乙伍壱
334	逸	ime	0x2F6EDC	f28	早速逸
335	稲	array	0x094364	ARM9	稲葉
337	芋	ime	0x2F63EC	f28	芋
338	鰯	packed	0x02B6FB	ARM9	弦ァＲ鰯ァ
339	允	ime	0x2F78C6	f28	柾雅昌正允匡間当将
340	印	dialogue	0x4DF2F5	f25	封印を解く時が来たか。
341	咽	packed	0x13B3D1	f13	ヴＭヴアヴ咽
342	員	array	0x0A1204	ARM9	代走要員です
343	因	ime	0x2F65B4	f28	因
345	引	dialogue	0x4D7461	f25	引き続き、コマーシャルの後で
346	飲	ime	0x2F7E70	f28	乃廼之埜野退伸乗載延展述陳飲呑
347	淫	ime	0x2F70F2	f28	乱淫猥妄
348	胤	ime	0x2F694A	f28	種胤
349	蔭	ime	0x2F6E34	f28	影陰蔭
350	院	dialogue	0x4FB580	f25	アメリカの病院で亡くなった。
351	陰	ime	0x2F6E34	f28	影陰蔭
352	隠	packed	0x02B6C3	ARM9	弦ァＲ隠
355	右	ime	0x2F6638	f28	右
356	宇	array	0x09452C	ARM9	宇喜田
358	羽	array	0x0946D4	ARM9	夜羽根
359	迂	dialogue	0x5AE6FE	f4	航路を変更して、迂回していくぞ！
360	雨	ime	0x2F6D5C	f28	飴雨天
364	丑	ime	0x2F6DBC	f28	丑牛後
365	碓	ime	0x2F6DC4	f28	臼碓薄
366	臼	ime	0x2F6DC4	f28	臼碓薄
367	渦	ime	0x2F6ABE	f28	渦埋
368	嘘	ime	0x2F6480	f28	嘘
369	唄	ime	0x2F730E	f28	唄歌詠詩唱
370	欝	ime	0x2F7632	f28	欝蔚空虚移写映
371	蔚	ime	0x2F7632	f28	欝蔚空虚移写映
372	鰻	ime	0x2F7916	f28	万慢満漫蔓鰻幡萬饅
373	姥	ime	0x2F6974	f28	姥奪
375	浦	array	0x093B64	ARM9	浦田
376	瓜	ime	0x2F6654	f28	瓜
378	噂	dialogue	0x4F148C	f25	・・・あ、まさか町内で噂になっている
379	云	ime	0x2F6DE4	f28	云運雲
380	運	array	0x22A8C0	f18	負け運
381	雲	ime	0x2F6BD8	f28	雲蜘
382	荏	ime	0x2F7F54	f28	荏餌絵柄得獲江枝画会恵杖重娃衛慧
383	餌	packed	0x134887	f13	ヴ（う餌ニざセぉプい（ヴ
385	営	packed	0x45EAB0	f23	ぜヂのい営ひい
387	影	ime	0x2F6E34	f28	影陰蔭
388	映	array	0x093564	ARM9	映研
390	栄	ime	0x2F73F2	f28	坂阪逆酒栄
391	永	array	0x093394	ARM9	末永
392	泳	ime	0x2F6E0C	f28	泳凡及
393	洩	ime	0x2F7E34	f28	摸模茂喪藻裳母燃萌若以漏洩盛
396	穎	ime	0x2F6B6C	f28	穎禾
398	英	array	0x0932AC	ARM9	英智
399	衛	ime	0x2F7F54	f28	荏餌絵柄得獲江枝画会恵杖重娃衛慧
400	詠	ime	0x2F730E	f28	唄歌詠詩唱
401	鋭	dialogue	0x5926C5	f4	鋭くて動きも正確よ。
402	液	ime	0x2F6D44	f28	露液汁
403	疫	ime	0x2F778E	f28	液疫益駅易役亦腋
404	益	ime	0x2F7066	f28	鱒桝升益
405	駅	ime	0x2F778E	f28	液疫益駅易役亦腋
406	悦	ime	0x2F7106	f28	悦謁越閲
407	謁	ime	0x2F7106	f28	悦謁越閲
408	越	array	0x093DCC	ARM9	川越
409	閲	ime	0x2F7106	f28	悦謁越閲
411	厭	ime	0x2F6A82	f28	糸厭
412	円	ime	0x2F6A40	f28	丸円
413	園	ime	0x2F6FDC	f28	園苑薗
417	延	ime	0x2F7E70	f28	乃廼之埜野退伸乗載延展述陳飲呑
418	怨	ime	0x2F77C4	f28	卸恩温穏音御怨遠
419	掩	dialogue	0x144311	f13	ヂひいぃ↑ひいシ○ひいワ♂ひいＹ♂ひい２ＱひいエＰひいＡＭひいごＮひい掩ひい
420	援	dialogue	0x4DCD60	f25	応援してるからね！
422	演	dialogue	0x4D73B0	f25	うーん、そこの演技
423	炎	dialogue	0x52E289	f25	炎の球とかを投げてあげるよ
425	煙	dialogue	0x4F47BA	f25	相手を煙に巻いて、
427	猿	ime	0x2F6C3E	f28	猿申
428	縁	ime	0x2F6FC4	f28	淵縁渕
429	艶	ime	0x2F6628	f28	艶
430	苑	ime	0x2F6FDC	f28	園苑薗
431	薗	ime	0x2F6FDC	f28	園苑薗
432	遠	array	0x093514	ARM9	遠根
435	塩	array	0x093224	ARM9	塩崎
437	汚	ime	0x2F6450	f28	汚
438	甥	ime	0x2F655C	f28	甥
440	央	packed	0x2F842A	f28	Ｌ央奥往応押旺横欧殴王翁襖鴬鴎黄唄些望哀辞喫
441	奥	array	0x093AD4	ARM9	奥野
442	往	packed	0x2F842A	f28	Ｌ央奥往応押旺横欧殴王翁襖鴬鴎黄唄些望哀辞喫
443	応	array	0x22AD8C	f18	打球反応○
444	押	array	0x0943E4	ARM9	押本
445	旺	packed	0x2F842A	f28	Ｌ央奥往応押旺横欧殴王翁襖鴬鴎黄唄些望哀辞喫
446	横	array	0x09357C	ARM9	横山
447	欧	packed	0x2F842A	f28	Ｌ央奥往応押旺横欧殴王翁襖鴬鴎黄唄些望哀辞喫
448	殴	packed	0x2F842A	f28	Ｌ央奥往応押旺横欧殴王翁襖鴬鴎黄唄些望哀辞喫
449	王	packed	0x2F842A	f28	Ｌ央奥往応押旺横欧殴王翁襖鴬鴎黄唄些望哀辞喫
450	翁	packed	0x2F842A	f28	Ｌ央奥往応押旺横欧殴王翁襖鴬鴎黄唄些望哀辞喫
451	襖	packed	0x2F842A	f28	Ｌ央奥往応押旺横欧殴王翁襖鴬鴎黄唄些望哀辞喫
452	鴬	packed	0x2F842A	f28	Ｌ央奥往応押旺横欧殴王翁襖鴬鴎黄唄些望哀辞喫
453	鴎	packed	0x2F842A	f28	Ｌ央奥往応押旺横欧殴王翁襖鴬鴎黄唄些望哀辞喫
454	黄	packed	0x2F842A	f28	Ｌ央奥往応押旺横欧殴王翁襖鴬鴎黄唄些望哀辞喫
455	岡	array	0x09323C	ARM9	木岡
456	沖	array	0x0940D4	ARM9	沖野
457	荻	ime	0x2F63E0	f28	荻
458	億	ime	0x2F77B2	f28	奥億屋憶臆屋送贈
459	屋	ime	0x2F77B2	f28	奥億屋憶臆屋送贈
460	憶	ime	0x2F77B2	f28	奥億屋憶臆屋送贈
461	臆	ime	0x2F77B2	f28	奥億屋憶臆屋送贈
462	桶	ime	0x2F64C0	f28	桶
463	牡	ime	0x2F6B96	f28	牡雄
464	乙	ime	0x2F6434	f28	乙
465	俺	ime	0x2F6B06	f28	俺己
466	卸	ime	0x2F6E1C	f28	愚卸下
467	恩	ime	0x2F77C4	f28	卸恩温穏音御怨遠
468	温	ime	0x2F77C4	f28	卸恩温穏音御怨遠
469	穏	ime	0x2F6986	f28	煽穏
470	音	ime	0x2F6F94	f28	音落劣
471	下	array	0x09338C	ARM9	下山
472	化	array	0x0A1874	ARM9	変化球のキレが良くなります
473	仮	ime	0x2F714C	f28	刈苅雁仮
474	何	ime	0x2F672C	f28	何
475	伽	ime	0x2F65D0	f28	伽
476	価	dialogue	0x4E86B2	f25	一考には価する意見であるな。
477	佳	array	0x094534	ARM9	平野佳
478	加	array	0x09345C	ARM9	加藤
479	可	ime	0x2F6558	f28	可
481	夏	ime	0x2F6DB4	f28	捺夏懐
482	嫁	ime	0x2F65F0	f28	嫁
483	家	ime	0x2F6438	f28	家
485	科	ime	0x2F6A28	f28	科尖
486	暇	ime	0x2F6F34	f28	暇閑隙
487	果	dialogue	0x2AC636	f20	最終結果です。
488	架	ime	0x2F74FC	f28	抱係掛懸架繋
489	歌	ime	0x2F730E	f28	唄歌詠詩唱
490	河	array	0x0931EC	ARM9	河本
491	火	array	0x093A74	ARM9	漁火
494	禾	ime	0x2F6B6C	f28	穎禾
495	稼	dialogue	0x2ACA0C	f20	以上稼ぐと、
497	花	array	0x09326C	ARM9	立花
498	苛	ime	0x2F6A70	f28	苛虐
499	茄	ime	0x2F641C	f28	茄
500	荷	dialogue	0x4EEFF4	f25	（壁の穴を塞ぐための荷物は
501	華	ime	0x2F793E	f28	花華鼻端洟塙話放離
502	菓	packed	0x2F7A9C	f28	Ｎ貿歌糸隊菓岳今奴美亡喫
503	蝦	ime	0x2F64D8	f28	蝦
504	課	dialogue	0x2AC783	f20	今月の課題。
505	嘩	dialogue	0x5C881E	f4	との喧嘩が
507	迦	packed	0x2F7AB4	f28	え愛挨姶逢葵迦餅送頃牙俄
508	過	ime	0x2F6C98	f28	凄過
510	蚊	ime	0x2F6FE4	f28	文聞分蚊
511	俄	ime	0x2F7DBC	f28	俄峨我牙画臥芽蛾賀雅餓駕瓦香
512	峨	ime	0x2F7DBC	f28	俄峨我牙画臥芽蛾賀雅餓駕瓦香
513	我	ime	0x2F6C2C	f28	我吾
514	牙	ime	0x2F6624	f28	牙
515	画	array	0x0944E4	ARM9	光画部
516	臥	ime	0x2F6CB6	f28	節臥
517	芽	array	0x093F8C	ARM9	芽舘
518	蛾	ime	0x2F7DBC	f28	俄峨我牙画臥芽蛾賀雅餓駕瓦香
519	賀	array	0x09459C	ARM9	真賀津
520	雅	array	0x0946BC	ARM9	小林雅
521	餓	ime	0x2F7DBC	f28	俄峨我牙画臥芽蛾賀雅餓駕瓦香
522	駕	ime	0x2F7DBC	f28	俄峨我牙画臥芽蛾賀雅餓駕瓦香
523	介	ime	0x2F6F9C	f28	介助輔
524	会	array	0x093534	ARM9	会田
525	解	ime	0x2F71CE	f28	下夏解外
526	回	packed	0x0A1C68	ARM9	体力／スタミナ回復が早くなります
527	塊	dialogue	0x59269A	f4	（金属の塊で殴ってるんだもんな。）
528	壊	ime	0x2F73E6	f28	恐怖強声壊
529	廻	ime	0x2F6D74	f28	回廻周
530	快	dialogue	0x4E449C	f25	快適にゲームがプレイできるぞ。
531	怪	ime	0x2F7612	f28	絢綾文彩彪怪妖
532	悔	ime	0x2F7C6E	f28	侮撫武舞葡蕪部分歩無悔打
534	懐	ime	0x2F6D9C	f28	抱擁懐
535	戒	dialogue	0x4DCA8F	f25	警戒されちゃったから、
536	拐	dialogue	0x5AC413	f4	いきなり誘拐されたかと思えば
537	改	dialogue	0x4E5DBF	f25	不法な肉体改造をした奴のことだよ。
540	械	packed	0x5705E4	f4	あらゆる機械に使われている
541	海	array	0x094334	ARM9	内海
542	灰	array	0x09342C	ARM9	灰野
543	界	dialogue	0x4D9761	f25	そうか、元の世界に脱出したのか。
544	皆	ime	0x2F6AE8	f28	皆水
545	絵	ime	0x2F7F54	f28	荏餌絵柄得獲江枝画会恵杖重娃衛慧
547	蟹	ime	0x2F6660	f28	蟹
548	開	packed	0x2A2478	f20	試合開始
549	階	dialogue	0x515AC9	f25	なにがあっても、２階の奥の部屋と
550	貝	ime	0x2F7E90	f28	倍培媒梅楳煤狽買売賠陪唄貝吠苺
553	外	array	0x09414C	ARM9	外藤
555	害	packed	0x0A1BA8	ARM9	一塁走者がダブルプレーを妨害
556	崖	ime	0x2F68FC	f28	崖
558	概	dialogue	0x5761F3	f4	概念ですからこまりますね。
559	涯	dialogue	0x59394B	f4	私たち、ここで生涯の愛を
561	蓋	ime	0x2F678C	f28	蓋
562	街	ime	0x2F6A04	f28	街町
564	鎧	dialogue	0x5F1A6A	f27	銅製の鎧を着た１８人の相手と
565	骸	dialogue	0x509144	f25	爆発の後、残骸はバクテリアで
569	垣	array	0x09426C	ARM9	新垣
570	柿	ime	0x2F712E	f28	垣柿蛎堵
571	蛎	ime	0x2F712E	f28	垣柿蛎堵
572	鈎	ime	0x2F6BB4	f28	鈎鍵
573	劃	packed	0x2F8456	f28	べ劃嚇各廓拡撹格核殻獲確穫覚赫較郭閣隔革括俄
574	嚇	packed	0x2F8456	f28	べ劃嚇各廓拡撹格核殻獲確穫覚赫較郭閣隔革括俄
575	各	packed	0x2F8456	f28	べ劃嚇各廓拡撹格核殻獲確穫覚赫較郭閣隔革括俄
576	廓	packed	0x2F8456	f28	べ劃嚇各廓拡撹格核殻獲確穫覚赫較郭閣隔革括俄
577	拡	packed	0x2F8456	f28	べ劃嚇各廓拡撹格核殻獲確穫覚赫較郭閣隔革括俄
578	撹	packed	0x2F8456	f28	べ劃嚇各廓拡撹格核殻獲確穫覚赫較郭閣隔革括俄
579	格	packed	0x2F8456	f28	べ劃嚇各廓拡撹格核殻獲確穫覚赫較郭閣隔革括俄
580	核	packed	0x2F8456	f28	べ劃嚇各廓拡撹格核殻獲確穫覚赫較郭閣隔革括俄
581	殻	ime	0x2F6E5C	f28	空韓殻
582	獲	ime	0x2F7F54	f28	荏餌絵柄得獲江枝画会恵杖重娃衛慧
583	確	ime	0x2F6680	f28	確
584	穫	packed	0x2F8456	f28	べ劃嚇各廓拡撹格核殻獲確穫覚赫較郭閣隔革括俄
585	覚	ime	0x2F6B0C	f28	覚溺
586	角	array	0x093B6C	ARM9	保角
587	赫	packed	0x2F8456	f28	べ劃嚇各廓拡撹格核殻獲確穫覚赫較郭閣隔革括俄
588	較	packed	0x2F8456	f28	べ劃嚇各廓拡撹格核殻獲確穫覚赫較郭閣隔革括俄
589	郭	packed	0x2F8456	f28	べ劃嚇各廓拡撹格核殻獲確穫覚赫較郭閣隔革括俄
590	閣	packed	0x2F8456	f28	べ劃嚇各廓拡撹格核殻獲確穫覚赫較郭閣隔革括俄
591	隔	ime	0x2F6514	f28	隔
592	革	ime	0x2F739E	f28	川河皮革側
593	学	ime	0x2F737A	f28	学岳楽額顎
594	岳	ime	0x2F737A	f28	学岳楽額顎
595	楽	ime	0x2F6956	f28	楽頼
596	額	ime	0x2F6B24	f28	糠額
597	顎	packed	0x13A5D1	f13	ヴＭヴアヴ顎
598	掛	ime	0x2F6B36	f28	掛賭
599	笠	array	0x0937B4	ARM9	森笠
600	樫	ime	0x2F68E4	f28	樫
602	梶	array	0x09330C	ARM9	梶本
604	潟	ime	0x2F7386	f28	潟肩型方形
605	割	ime	0x2F68B4	f28	割
606	喝	packed	0x2F7AE4	f28	ス喝恰括活渇滑葛褐轄且喫
607	恰	packed	0x2F7AE4	f28	ス喝恰括活渇滑葛褐轄且喫
608	括	ime	0x2F6738	f28	括
609	活	packed	0x2F7AE4	f28	ス喝恰括活渇滑葛褐轄且喫
610	渇	packed	0x2F7AE4	f28	ス喝恰括活渇滑葛褐轄且喫
611	滑	ime	0x2F64F0	f28	滑
612	葛	packed	0x2F7AE4	f28	ス喝恰括活渇滑葛褐轄且喫
613	褐	packed	0x2F7AE4	f28	ス喝恰括活渇滑葛褐轄且喫
614	轄	packed	0x2F7AE4	f28	ス喝恰括活渇滑葛褐轄且喫
615	且	packed	0x2F7AE4	f28	ス喝恰括活渇滑葛褐轄且喫
617	叶	dialogue	0x51C934	f25	それに夢を叶えるには続けないと。
618	椛	ime	0x2F6E4C	f28	椛樺蒲
619	樺	ime	0x2F6C7A	f28	壁樺
620	鞄	dialogue	0x535291	f25	君の鞄の中に入っておく。
621	株	ime	0x2F6720	f28	株
624	蒲	ime	0x2F6E4C	f28	椛樺蒲
625	釜	ime	0x2F7142	f28	釜鎌窯缶
626	鎌	ime	0x2F7142	f28	釜鎌窯缶
627	噛	ime	0x2F6670	f28	噛
628	鴨	ime	0x2F6704	f28	鴨
629	栢	ime	0x2F6E54	f28	栢茅萱
630	茅	ime	0x2F6E54	f28	栢茅萱
631	萱	ime	0x2F6E54	f28	栢茅萱
632	粥	ime	0x2F6564	f28	粥
633	刈	array	0x093264	ARM9	倉刈
634	苅	ime	0x2F714C	f28	刈苅雁仮
635	瓦	ime	0x2F7DBC	f28	俄峨我牙画臥芽蛾賀雅餓駕瓦香
636	乾	dialogue	0x4E1C56	f25	ウーロン茶で乾杯なのか？
639	寒	dialogue	0x4CF15D	f25	なんだか寒気がする・・・。
640	刊	dialogue	0x5EDEBF	f27	これは写真週刊誌だ。
641	勘	dialogue	0x4EC230	f25	お客さん、お勘定・・・
643	巻	ime	0x2F705C	f28	牧槙巻薪
645	堪	ime	0x2F6EEC	f28	応堪答
647	完	array	0x0A11E0	ARM9	完投タイプです
648	官	dialogue	0x4DF8E7	f25	官藤
649	寛	ime	0x2F7C3A	f28	広寛宏尋弘洪紘博浩宥祐拾
650	干	dialogue	0x4DDE68	f25	作っていた干物が、全部食べられてる！
651	幹	ime	0x2F65A8	f28	幹
652	患	dialogue	0x602A53	f27	先生は、患者を診ていないだけで、
653	感	array	0x0A1900	ARM9	相手に威圧感を与えます
654	慣	ime	0x2F7332	f28	楢習倣並慣
655	憾	dialogue	0x4F910C	f25	遺憾ながら、球技においては、
656	換	dialogue	0x503957	f25	あたしがデータを変換してるんだ。
657	敢	dialogue	0x5A146A	f4	・・・勇敢な男でしたね。
662	歓	dialogue	0x4E67B4	f25	我が家で歓迎しますよ。
663	汗	ime	0x2F6AF4	f28	汗焦
664	漢	dialogue	0x4DE73B	f25	ダメになった漢方薬。
666	潅	ime	0x2F728C	f28	注濯潅雪
667	環	dialogue	0x51540C	f25	照明吊る環境もないし、
668	甘	ime	0x2F7098	f28	尼天雨甘
669	監	dialogue	0x4DD24F	f25	監督！？
670	看	dialogue	0x504F61	f25	ウチの店の看板なんだけど。
671	竿	ime	0x2F65C0	f28	竿
672	管	ime	0x2F6774	f28	管
673	簡	dialogue	0x4DB147	f25	慣れれば簡単なのでがんばってくれ。
674	緩	ime	0x2F703E	f28	緩許赦弛
675	缶	ime	0x2F7142	f28	釜鎌窯缶
677	肝	ime	0x2F6B90	f28	肝胆
678	艦	dialogue	0x575C2F	f4	の軍艦が見当たらないな。
680	観	dialogue	0x4E6183	f25	（一緒に映画を観ました。）
681	諌	ime	0x2F68B8	f28	諌
682	貫	ime	0x2F6E24	f28	貫抽擢
683	還	ime	0x2F7124	f28	返反帰還
684	鑑	dialogue	0x510AEE	f25	はい、映画の鑑賞券２枚。
685	間	array	0x093864	ARM9	水間
686	閑	ime	0x2F6F34	f28	暇閑隙
687	関	array	0x093874	ARM9	関本
688	陥	dialogue	0x504B03	f25	欠陥が出るのはしかたないよね。
689	韓	ime	0x2F6E5C	f28	空韓殻
690	館	array	0x0935CC	ARM9	館山
691	舘	array	0x093F8C	ARM9	芽舘
692	丸	array	0x09359C	ARM9	丸田
693	含	ime	0x2F7C88	f28	伏副復幅服福腹複覆含膨脹
694	岸	array	0x09416C	ARM9	山岸
695	巌	ime	0x2F6DAC	f28	岩巌磐
696	玩	ime	0x2F7DDA	f28	丸含岸巌玩癌眼岩翫贋雁頑顔願
697	癌	ime	0x2F7DDA	f28	丸含岸巌玩癌眼岩翫贋雁頑顔願
698	眼	ime	0x2F76D2	f28	目眼芽女雌召愛
699	岩	array	0x0932CC	ARM9	岩隈
700	翫	ime	0x2F7DDA	f28	丸含岸巌玩癌眼岩翫贋雁頑顔願
701	贋	ime	0x2F6B12	f28	偽贋
702	雁	ime	0x2F714C	f28	刈苅雁仮
703	頑	ime	0x2F7DDA	f28	丸含岸巌玩癌眼岩翫贋雁頑顔願
704	顔	ime	0x2F6760	f28	顔
705	願	ime	0x2F64E8	f28	願
706	企	packed	0x2F84AE	f28	Ｄ企愉撮石層錆昔析席脊隻惜戚責積籍績跡蹟碩千喫
707	伎	ime	0x2F71D8	f28	業技態伎
708	危	ime	0x2F6A4C	f28	虻危
709	喜	array	0x09452C	ARM9	宇喜田
710	器	dialogue	0x4E1513	f25	しかし、そのハサミでよく器用に
711	基	dialogue	0x4E57B2	f25	バッティングの基本は足腰でーす。
712	奇	dialogue	0x4E4E3D	f25	あの、これは好奇心じゃなくて
713	嬉	ime	0x2F6D94	f28	愁憂嬉
714	寄	dialogue	0x4D9B32	f25	コンビニに寄って行かないか。
716	希	ime	0x2F6A46	f28	希稀
717	幾	ime	0x2F70CA	f28	育郁幾粥
718	忌	ime	0x2F661C	f28	忌
719	揮	ime	0x2F7446	f28	震古奮旧揮振
720	机	dialogue	0x540E07	f25	机の上に何かあるぞ？
721	旗	ime	0x2F780C	f28	畑幡旗端機傍側畠
722	既	dialogue	0x518F84	f25	ここに既製の脚本集があるから・・・
723	期	dialogue	0x4DD571	f25	ああ、期待しちゃだめだよ。
724	棋	array	0x094524	ARM9	将棋部
725	棄	dialogue	0x4F72FD	f25	が試合放棄。
726	機	ime	0x2F780C	f28	畑幡旗端機傍側畠
727	帰	array	0x0944EC	ARM9	帰宅部
729	気	array	0x22A7A8	f18	短気
732	祈	dialogue	0x59705F	f4	・・・幸運を祈ろう。
733	季	dialogue	0x4F1A6F	f25	そうとう年季が入ってるねぇ。
734	稀	ime	0x2F6A46	f28	希稀
735	紀	ime	0x2F77FA	f28	糊則法矩紀憲弼規
737	規	ime	0x2F77FA	f28	糊則法矩紀憲弼規
738	記	dialogue	0x4E7492	f25	ちぇ、連敗記録更新かよ。
739	貴	array	0x09337C	ARM9	貴田
740	起	array	0x4D2180	f25	いろんな事が起こります
741	軌	dialogue	0x594F76	f4	重力波で、無敵弾の軌道をそらす
742	輝	array	0x0930F4	ARM9	輝
743	飢	dialogue	0x4F7BA5	f25	寄生虫を集めて飢えを・・・
745	鬼	array	0x093DBC	ARM9	鬼頭
746	亀	array	0x094234	ARM9	亀田
747	偽	ime	0x2F6B12	f28	偽贋
748	儀	dialogue	0x4DF3BD	f25	（得体のしれない儀式の
750	宜	ime	0x2F68CC	f28	宜
752	技	ime	0x2F71D8	f28	業技態伎
753	擬	dialogue	0x5B560D	f4	擬似重力ではじき返すんだ。
754	欺	dialogue	0x51A54D	f25	むう、詐欺師とは侮辱なり。
755	犠	dialogue	0x553804	f25	前に進むには何かの犠牲が必要。
756	疑	dialogue	0x4F6015	f25	いや、疑ってすまなかった。
758	義	array	0x094684	ARM9	石井義
759	蟻	ime	0x2F65F4	f28	蟻
761	議	dialogue	0x4EDDF2	f25	不思議に思わないんだ？
762	掬	ime	0x2F6A34	f28	鞠掬
763	菊	array	0x09378C	ARM9	菊地
764	鞠	ime	0x2F6A34	f28	鞠掬
765	吉	array	0x09327C	ARM9	吉川
766	吃	ime	0x2F68D4	f28	吃
767	喫	ime	0x2F7672	f28	橘吃喫桔詰乞迄
768	桔	ime	0x2F7672	f28	橘吃喫桔詰乞迄
769	橘	ime	0x2F7672	f28	橘吃喫桔詰乞迄
770	詰	ime	0x2F6898	f28	詰
771	砧	ime	0x2F78B2	f28	朕沈珍賃鎮陳砧椿枕
772	杵	ime	0x2F6424	f28	杵
773	黍	ime	0x2F6B8A	f28	黍厳
774	却	dialogue	0x4E81B0	f25	却下だ！
775	客	dialogue	0x4DDACF	f25	あんなにお客さんが
776	脚	ime	0x2F72DE	f28	葦芦足脚肢
777	虐	ime	0x2F6A70	f28	苛虐
778	逆	array	0x0A1580	ARM9	逆境に強くなります
779	丘	ime	0x2F77A0	f28	岡丘陸峻阜犯侵冒
780	久	array	0x093274	ARM9	久保
781	仇	ime	0x2F645C	f28	仇
782	休	ime	0x2F743A	f28	安靖康易休
783	及	array	0x093A24	ARM9	及川
784	吸	dialogue	0x51AEE9	f25	空気吸い込んで、いっきに腹筋をしめて
785	宮	array	0x09349C	ARM9	宮出
786	弓	ime	0x2F643C	f28	弓
787	急	ime	0x2F6A76	f28	磯急
788	救	dialogue	0x4E6C1C	f25	救出が来ることを信じて、
789	朽	dialogue	0x5AFD87	f4	ここで朽ち果てていくだけってのは
790	求	dialogue	0x4E49F5	f25	いや、要求したみたいで悪かった。
792	泣	dialogue	0x4E61A0	f25	なかなか泣ける映画だったね。
794	球	array	0x0944D4	ARM9	卓球部
795	究	dialogue	0x511CD7	f25	の研究所のデータを
798	級	dialogue	0x50A50B	f25	同級生だと聞いたでやんす。
799	糾	ime	0x2F7722	f28	只唯徒惟正質糾直
800	給	array	0x0932C4	ARM9	有給
801	旧	ime	0x2F7446	f28	震古奮旧揮振
802	牛	array	0x09421C	ARM9	牛田
803	去	dialogue	0x4DDF22	f25	俺たちはチームを去ろう。
804	居	array	0x093A84	ARM9	土居
805	巨	packed	0x2F7B14	f28	も居巨拒拠挙渠虚許距鋸鍵
806	拒	packed	0x2F7B14	f28	も居巨拒拠挙渠虚許距鋸鍵
807	拠	packed	0x2F7B14	f28	も居巨拒拠挙渠虚許距鋸鍵
808	挙	packed	0x2F7B14	f28	も居巨拒拠挙渠虚許距鋸鍵
809	渠	packed	0x2F7B14	f28	も居巨拒拠挙渠虚許距鋸鍵
810	虚	ime	0x2F6DDC	f28	空虚洞
811	許	ime	0x2F703E	f28	緩許赦弛
812	距	packed	0x2F7B14	f28	も居巨拒拠挙渠虚許距鋸鍵
813	鋸	ime	0x2F6E64	f28	鋸残遺
814	漁	array	0x093A74	ARM9	漁火
815	禦	ime	0x2F6CC2	f28	防禦
816	魚	ime	0x2F6910	f28	魚
820	供	ime	0x2F6FD4	f28	備具供
824	競	ime	0x2F6CC8	f28	競芹
825	共	ime	0x2F74A8	f28	智共供友伴朋
826	凶	dialogue	0x4E50FF	f25	あっ、凶でやんす。
827	協	dialogue	0x4E1ECA	f25	なんとか協力お願いできませんか。
828	匡	ime	0x2F78C6	f28	柾雅昌正允匡間当将
830	叫	ime	0x2F6F04	f28	鮭酒叫
832	境	array	0x0A1580	ARM9	逆境に強くなります
834	強	array	0x0A14E4	ARM9	打たれ強くなります
836	怯	ime	0x2F6B54	f28	帯怯
837	恐	ime	0x2F73E6	f28	恐怖強声壊
839	挟	ime	0x2F67D4	f28	挟
840	教	ime	0x2F6C62	f28	教訓
841	橋	array	0x093454	ARM9	高橋
842	況	dialogue	0x4E6AF6	f25	ところで、今の状況ですが・・・
843	狂	ime	0x2F6BE4	f28	狂苦
844	狭	array	0x093D44	ARM9	矢狭
846	胸	ime	0x2F71BA	f28	棟胸空虚
847	脅	ime	0x2F711A	f28	脅威踊躍
848	興	dialogue	0x4D930D	f25	おや、今日は振興会の人たちは
850	郷	ime	0x2F755E	f28	里郷聡智敏諭
852	響	ime	0x2F67E0	f28	響
854	驚	dialogue	0x4E1941	f25	驚いてないみたいでやんすね。
855	仰	ime	0x2F748C	f28	青蒼藍仰扇煽
856	凝	dialogue	0x5076D7	f25	も凝った芸名にすれば
857	尭	ime	0x2F75B2	f28	鷹高尭嵩貴隆昂
859	業	array	0x0933B4	ARM9	残業
860	局	dialogue	0x4F76DA	f25	あたしの店は、「開かずの漢方薬局」
861	曲	ime	0x2F6608	f28	曲
862	極	array	0x0A1544	ARM9	ボールを見極めます
863	玉	ime	0x2F788A	f28	弾珠玉球魂霊偶給賜
864	桐	ime	0x2F750A	f28	桐霧錐雰限切
867	勤	array	0x093B0C	ARM9	勤労
868	均	ime	0x2F7588	f28	人一等均斉独
869	巾	ime	0x2F6ECC	f28	幅巾阻
874	琴	ime	0x2F73DA	f28	琴事言殊異
875	禁	dialogue	0x4F63F4	f25	お金がらみの話題は禁止だ。
877	筋	ime	0x2F63F4	f28	筋
878	緊	array	0x22A7D8	f18	緊縛
879	芹	ime	0x2F6CC8	f28	競芹
880	菌	dialogue	0x5367F9	f25	バイ菌とか入ったらどうするのさ。
881	衿	ime	0x2F6A6A	f28	襟衿
882	襟	ime	0x2F6A6A	f28	襟衿
883	謹	dialogue	0x585821	f4	不謹慎でやんす！
884	近	array	0x093954	ARM9	近藤
885	金	array	0x093118	ARM9	金
886	吟	ime	0x2F6B9C	f28	吟銀
887	銀	array	0x094714	ARM9	荒井銀
888	九	array	0x093524	ARM9	九堂
890	句	dialogue	0x513829	f25	の演技じゃ文句のつけようも
891	区	dialogue	0x4E5E4D	f25	普通の人間と区別できないらしいぜ。
892	狗	ime	0x2F6A8E	f28	犬狗
894	矩	ime	0x2F77FA	f28	糊則法矩紀憲弼規
895	苦	ime	0x2F6B00	f28	苦逃
897	駆	dialogue	0x550B1B	f25	じゃあ、抜け駆けはなしかな。
900	具	array	0x094564	ARM9	布具里
901	愚	ime	0x2F6E1C	f28	愚卸下
902	虞	ime	0x2F6E8C	f28	具愚虞
903	喰	ime	0x2F6A22	f28	喰空
904	空	ime	0x2F6A22	f28	喰空
905	偶	ime	0x2F717E	f28	偶寓遇隅
906	寓	ime	0x2F717E	f28	偶寓遇隅
907	遇	ime	0x2F717E	f28	偶寓遇隅
908	隅	ime	0x2F717E	f28	偶寓遇隅
909	串	ime	0x2F6E9C	f28	串櫛釧
910	櫛	ime	0x2F6E9C	f28	串櫛釧
911	釧	ime	0x2F6E9C	f28	串櫛釧
912	屑	ime	0x2F6CD4	f28	屑崩
913	屈	ime	0x2F73AA	f28	屈掘窟沓靴
914	掘	ime	0x2F73AA	f28	屈掘窟沓靴
915	窟	ime	0x2F73AA	f28	屈掘窟沓靴
916	沓	ime	0x2F73AA	f28	屈掘窟沓靴
917	靴	ime	0x2F73AA	f28	屈掘窟沓靴
919	窪	ime	0x2F67D8	f28	窪
920	熊	ime	0x2F6B66	f28	熊隈
921	隈	array	0x0932CC	ARM9	岩隈
922	粂	ime	0x2F6574	f28	粂
923	栗	array	0x0933FC	ARM9	栗原
924	繰	ime	0x2F6BDE	f28	栗繰
925	桑	ime	0x2F7526	f28	桑鍬詳委精加
926	鍬	ime	0x2F7250	f28	隙鋤鍬漉
927	勲	ime	0x2F71B0	f28	勲君薫訓
928	君	ime	0x2F71B0	f28	勲君薫訓
929	薫	ime	0x2F71B0	f28	勲君薫訓
930	訓	ime	0x2F6C62	f28	教訓
931	群	ime	0x2F6EBC	f28	群軍郡
932	軍	ime	0x2F6EBC	f28	群軍郡
933	郡	ime	0x2F6EBC	f28	群軍郡
934	卦	ime	0x2F7D2E	f28	卦袈祁毛家気怪仮華慧怪消蹴
935	袈	ime	0x2F7D2E	f28	卦袈祁毛家気怪仮華慧怪消蹴
936	祁	ime	0x2F7D2E	f28	卦袈祁毛家気怪仮華慧怪消蹴
937	係	ime	0x2F74FC	f28	抱係掛懸架繋
938	傾	dialogue	0x504F7C	f25	あ、傾いてるな。
939	刑	dialogue	0x4E3598	f25	あそこの河原、昔は処刑場だった
940	兄	ime	0x2F66B0	f28	兄
944	型	ime	0x2F7386	f28	潟肩型方形
945	契	array	0x093ADC	ARM9	契約
946	形	ime	0x2F733E	f28	也形成鳴哉
948	恵	array	0x09455C	ARM9	平野恵
950	慧	ime	0x2F7D2E	f28	卦袈祁毛家気怪仮華慧怪消蹴
951	憩	dialogue	0x503CBE	f25	15分、休憩取ってください！
953	携	dialogue	0x4E8183	f25	連携プレーも芸術的だしな。
954	敬	array	0x093254	ARM9	愛敬
955	景	dialogue	0x4DC7CA	f25	たしかにいい景色だ。
958	畦	ime	0x2F6AC4	f28	畝畦
959	稽	dialogue	0x5FA02F	f27	そうか、こんな時間にも稽古か。
960	系	dialogue	0x4E6FC5	f25	系列の
961	経	ime	0x2F7296	f28	経屁辺減部
962	継	array	0x09385C	ARM9	継本
963	繋	ime	0x2F69D4	f28	綱繋
965	茎	ime	0x2F64DC	f28	茎
968	計	ime	0x2F7692	f28	墓計測量謀図諮
969	詣	ime	0x2F7ED0	f28	妄孟毛猛盲網耗蒙儲亡望設儲申詣
970	警	dialogue	0x4DCA8F	f25	警戒されちゃったから、
971	軽	array	0x22A8F0	f18	軽い球
973	鶏	ime	0x2F70AC	f28	酉鳥鶏取
974	芸	ime	0x2F6ED4	f28	芸迎鯨
975	迎	ime	0x2F6BA2	f28	向迎
976	鯨	ime	0x2F6ED4	f28	芸迎鯨
977	劇	ime	0x2F73C2	f28	劇戟撃激隙
978	戟	ime	0x2F73C2	f28	劇戟撃激隙
979	撃	ime	0x2F73C2	f28	劇戟撃激隙
980	激	ime	0x2F7174	f28	禿激烈励
981	隙	ime	0x2F6F34	f28	暇閑隙
982	桁	ime	0x2F67E4	f28	桁
983	傑	ime	0x2F781E	f28	傑欠決潔穴結血訣
984	欠	ime	0x2F6A5E	f28	乏欠
985	決	ime	0x2F781E	f28	傑欠決潔穴結血訣
986	潔	ime	0x2F781E	f28	傑欠決潔穴結血訣
987	穴	ime	0x2F6AD6	f28	穴孔
988	結	ime	0x2F6618	f28	結
989	血	ime	0x2F781E	f28	傑欠決潔穴結血訣
990	訣	ime	0x2F781E	f28	傑欠決潔穴結血訣
991	月	ime	0x2F6750	f28	月
992	件	dialogue	0x4DDB01	f25	しかしまあ、この事件のおかげで
993	倹	ime	0x2F7470	f28	妻爪具端嬬倹
995	健	dialogue	0x4E8D83	f25	これは保健所・・・
996	兼	array	0x093B1C	ARM9	兼山
997	券	dialogue	0x4EE444	f25	遊園地の招待券じゃないか。
998	剣	dialogue	0x4F1EF7	f25	ひどい剣幕でほえられてね、
999	喧	dialogue	0x4D8E69	f25	町の喧騒もここには届かない。
1000	圏	dialogue	0x5B47F4	f4	大気圏外を経由して宇宙港に戻る！
1001	堅	dialogue	0x4F86A6	f25	・・・義理堅い犬だ。
1002	嫌	ime	0x2F6758	f28	嫌
1003	建	array	0x09390C	ARM9	建山
1004	憲	ime	0x2F77FA	f28	糊則法矩紀憲弼規
1005	懸	ime	0x2F74FC	f28	抱係掛懸架繋
1006	拳	dialogue	0x4F2CFE	f25	・・・こうなったら拳で勝負だ。
1007	捲	ime	0x2F7F98	f28	摩磨魔麻真間馬負撒捲巻蒔播曲混交雑
1008	検	dialogue	0x4E59C0	f25	探検隊ぐらいなものかな。
1009	権	array	0x0937A4	ARM9	権田
1011	犬	ime	0x2F6A8E	f28	犬狗
1012	献	dialogue	0x5AEAF0	f4	これまでのあなたの献身に対し、
1013	研	array	0x093564	ARM9	映研
1016	県	array	0x093414	ARM9	山県
1017	肩	ime	0x2F7386	f28	潟肩型方形
1018	見	array	0x0935AC	ARM9	能見
1019	謙	dialogue	0x4F0B74	f25	さんは謙遜してるのよ。
1020	賢	array	0x09461C	ARM9	田中賢
1021	軒	ime	0x2F6818	f28	軒
1022	遣	dialogue	0x505D78	f25	いつもは無駄遣いしないんだけど
1023	鍵	ime	0x2F6BB4	f28	鈎鍵
1024	険	ime	0x2F66CC	f28	険
1026	験	ime	0x2F7002	f28	為溜試験
1028	元	array	0x093F94	ARM9	徳元
1029	原	array	0x093108	ARM9	原
1030	厳	ime	0x2F6B8A	f28	黍厳
1031	幻	ime	0x2F7DF8	f28	元原厳幻弦減源玄現絃舷言諺限
1032	弦	packed	0x02B6C3	ARM9	弦ァＲ隠
1033	減	array	0x0A1690	ARM9	スタミナ消費が減ります
1034	源	ime	0x2F7DF8	f28	元原厳幻弦減源玄現絃舷言諺限
1035	玄	ime	0x2F7DF8	f28	元原厳幻弦減源玄現絃舷言諺限
1036	現	ime	0x2F7DF8	f28	元原厳幻弦減源玄現絃舷言諺限
1037	絃	ime	0x2F7416	f28	房総絃惣塞
1038	舷	ime	0x2F7DF8	f28	元原厳幻弦減源玄現絃舷言諺限
1039	言	ime	0x2F71F6	f28	権厳言魂
1040	諺	ime	0x2F7DF8	f28	元原厳幻弦減源玄現絃舷言諺限
1041	限	ime	0x2F750A	f28	桐霧錐雰限切
1043	個	dialogue	0x4E913D	f25	じゃ、あと10個ちょうだい。
1044	古	array	0x0932BC	ARM9	古田
1045	呼	dialogue	0x4E0C97	f25	って呼んでくれなきゃ、ヤダ。
1046	固	dialogue	0x4D979D	f25	うーん、セキュリティ固いね。
1049	己	ime	0x2F6B06	f28	俺己
1050	庫	array	0x5704E4	f4	倉庫を整理します
1052	戸	array	0x093654	ARM9	宍戸
1053	故	dialogue	0x4E01C4	f25	事故でケガをしてかららしいぜ
1054	枯	dialogue	0x5914F5	f4	以前、不注意な商人が植物を枯らす
1055	湖	dialogue	0x5CFCD2	f4	確か、この湖の先に立っていれば、
1057	糊	ime	0x2F77FA	f28	糊則法矩紀憲弼規
1058	袴	array	0x02B75B	ARM9	袴ァ
1059	股	ime	0x2F723C	f28	桃腿股百
1060	胡	dialogue	0x4DA102	f25	ホウレン草の胡麻和えにしようと
1062	虎	ime	0x2F70A2	f28	寅虎捉捕
1063	誇	ime	0x2F700C	f28	矛鉾鋒誇
1064	跨	ime	0x2F75E2	f28	亦俣又股復叉跨
1066	雇	ime	0x2F6694	f28	雇
1067	顧	dialogue	0x57E552	f4	一年後に顧客アンケートってのが
1069	五	array	0x02B757	ARM9	五ァ
1070	互	ime	0x2F6BFC	f28	互違
1071	伍	ime	0x2F7622	f28	溢逸五一乙伍壱
1072	午	ime	0x2F7326	f28	馬午巧旨甘
1073	呉	ime	0x2F6BEA	f28	呉暮
1074	吾	ime	0x2F6C2C	f28	我吾
1075	娯	dialogue	0x585865	f4	適度な娯楽は、
1076	後	array	0x093234	ARM9	後藤
1077	御	ime	0x2F77C4	f28	卸恩温穏音御怨遠
1078	悟	packed	0x02B70B	ARM9	悟ァ
1080	檎	array	0x02B753	ARM9	檎ァ
1082	碁	array	0x09451C	ARM9	囲碁部
1083	語	dialogue	0x4D8183	f25	店先で熱く語り合った！）
1084	誤	dialogue	0x50C442	f25	さんには誤解されましたけど
1085	護	dialogue	0x4F877F	f25	守護霊の類であったか。
1086	醐	array	0x02B74F	ARM9	醐ァ
1087	乞	ime	0x2F6EE4	f28	乞鯉恋
1088	鯉	ime	0x2F6EE4	f28	乞鯉恋
1089	交	array	0x0A15F0	ARM9	途中交代されやすい
1092	候	array	0x4D21B0	f25	彼女候補が増えます
1093	倖	ime	0x2F6A7C	f28	幸倖
1094	光	array	0x0944E4	ARM9	光画部
1095	公	dialogue	0x4D8BCD	f25	主人公が
1096	功	packed	0x0A1978	ARM9	盗塁が成功しやすくなります
1097	効	array	0x02B6BF	ARM9	効ァ
1099	厚	ime	0x2F7602	f28	圧斡扱暑熱厚篤
1100	口	array	0x093304	ARM9	溝口
1101	向	ime	0x2F6BA2	f28	向迎
1103	喉	array	0x02B747	ARM9	喉ァ
1105	垢	ime	0x2F7070	f28	赤垢銅緋
1106	好	dialogue	0x4DA12C	f25	ああ、スズキは大好物だ。
1107	孔	ime	0x2F6AD6	f28	穴孔
1108	孝	array	0x02B6BB	ARM9	孝ァ
1109	宏	array	0x02B743	ARM9	宏ァ
1110	工	array	0x094054	ARM9	工藤
1111	巧	ime	0x2F7326	f28	馬午巧旨甘
1113	幸	array	0x094614	ARM9	田中幸
1114	広	array	0x0936FC	ARM9	広池
1116	康	ime	0x2F743A	f28	安靖康易休
1117	弘	ime	0x2F7C3A	f28	広寛宏尋弘洪紘博浩宥祐拾
1118	恒	packed	0x02B6F7	ARM9	恒ァ
1119	慌	array	0x02B6B7	ARM9	慌ァ
1120	抗	dialogue	0x4FF551	f25	反抗したくなるけど、
1121	拘	dialogue	0x58FD29	f4	とりあえず拘束する！
1122	控	ime	0x2F6748	f28	控
1123	攻	ime	0x2F797A	f28	世瀬畝背脊責攻競迫
1124	昂	array	0x02B653	ARM9	昂ァ
1125	晃	array	0x02B6B3	ARM9	晃ァ
1126	更	ime	0x2F720A	f28	皿更晒曝
1127	杭	ime	0x2F63E4	f28	杭
1128	校	dialogue	0x4D8698	f25	学校からの帰りかい？
1129	梗	array	0x02B73B	ARM9	梗ァ
1130	構	packed	0x02B6EF	ARM9	構ァ
1131	江	array	0x093434	ARM9	江草
1132	洪	ime	0x2F7C3A	f28	広寛宏尋弘洪紘博浩宥祐拾
1133	浩	array	0x09450C	ARM9	田中浩
1134	港	dialogue	0x575C43	f4	よし、全速で入港するぞ！
1135	溝	array	0x02B64F	ARM9	溝ァ
1136	甲	array	0x02B6AF	ARM9	甲ァ
1137	皇	dialogue	0x54934E	f25	今日は天皇誕生日だろ？
1138	硬	dialogue	0x507C10	f25	でも、硬球は当たったら危ないですよ。
1140	糠	packed	0x02B6EB	ARM9	糠ァ
1141	紅	ime	0x2F6560	f28	紅
1142	紘	array	0x02B6AB	ARM9	紘ァ
1143	絞	dialogue	0x502218	f25	ねらい球（打つ球種）を絞る
1144	綱	ime	0x2F69D4	f28	綱繋
1145	耕	dialogue	0x5ECC2C	f27	先生が畑を耕しているぞ。
1146	考	array	0x02B64B	ARM9	考ァ
1148	肱	array	0x02B6A7	ARM9	肱ァ
1150	膏	packed	0x02B6E7	ARM9	膏ァ
1151	航	dialogue	0x57D4C8	f4	航路として利用されているのは、
1152	荒	array	0x02B647	ARM9	荒ァ
1153	行	packed	0x2A24FC	f20	他の星に行きます
1156	貢	dialogue	0x539BB2	f25	貢がせる為？
1157	購	dialogue	0x5499AA	f25	その場合、やはり購買層は広い方がいい
1158	郊	array	0x02B6A3	ARM9	郊ァ
1160	鉱	dialogue	0x5929BA	f4	の鉱物精製プラントが
1162	鋼	array	0x0930EC	ARM9	鋼
1163	閤	array	0x02B643	ARM9	閤ァ
1164	降	dialogue	0x4FAEB5	f25	この試合以降、あなたが
1165	項	dialogue	0x58B9D1	f4	極秘事項なのでお話できない。
1166	香	array	0x0940EC	ARM9	香本
1167	高	array	0x09325C	ARM9	高須
1168	鴻	array	0x02B69F	ARM9	鴻ァ
1169	剛	array	0x02B63F	ARM9	剛ァ
1171	号	dialogue	0x4ECBC3	f25	電話番号をまちがえたかな？
1172	合	array	0x13D074	f13	試合中、走力が＋２
1173	壕	ime	0x2F7016	f28	堀彫濠壕
1175	濠	array	0x02B63B	ARM9	濠ァ
1176	豪	dialogue	0x4DC029	f25	お、今日の料理は豪勢ですね。
1179	克	ime	0x2F7830	f28	克刻告国穀酷鵠黒
1180	刻	ime	0x2F7830	f28	克刻告国穀酷鵠黒
1181	告	ime	0x2F7830	f28	克刻告国穀酷鵠黒
1182	国	ime	0x2F719C	f28	国邦郁那
1183	穀	ime	0x2F7830	f28	克刻告国穀酷鵠黒
1184	酷	ime	0x2F6CF8	f28	惨酷
1185	鵠	array	0x02B637	ARM9	鵠ァ
1186	黒	array	0x09322C	ARM9	黒崎
1187	獄	dialogue	0x59370B	f4	監獄の惑星
1188	漉	ime	0x2F6C0E	f28	漉擦
1189	腰	ime	0x2F6520	f28	腰
1191	忽	ime	0x2F71EC	f28	忽惚骨乞
1192	惚	ime	0x2F71EC	f28	忽惚骨乞
1193	骨	ime	0x2F6464	f28	骨
1194	狛	ime	0x2F64EC	f28	狛
1195	込	array	0x02B633	ARM9	込ァ
1196	此	ime	0x2F658C	f28	此
1197	頃	ime	0x2F6C1A	f28	頃比
1198	今	array	0x093734	ARM9	今岡
1199	困	ime	0x2F7F76	f28	今困坤墾婚恨懇昏昆根梱混痕紺艮魂
1200	坤	ime	0x2F7F76	f28	今困坤墾婚恨懇昏昆根梱混痕紺艮魂
1201	墾	ime	0x2F7F76	f28	今困坤墾婚恨懇昏昆根梱混痕紺艮魂
1202	婚	ime	0x2F7F76	f28	今困坤墾婚恨懇昏昆根梱混痕紺艮魂
1203	恨	ime	0x2F7F76	f28	今困坤墾婚恨懇昏昆根梱混痕紺艮魂
1204	懇	ime	0x2F7F76	f28	今困坤墾婚恨懇昏昆根梱混痕紺艮魂
1205	昏	ime	0x2F7F76	f28	今困坤墾婚恨懇昏昆根梱混痕紺艮魂
1206	昆	ime	0x2F7F76	f28	今困坤墾婚恨懇昏昆根梱混痕紺艮魂
1207	根	array	0x093514	ARM9	遠根
1208	梱	ime	0x2F7F76	f28	今困坤墾婚恨懇昏昆根梱混痕紺艮魂
1209	混	ime	0x2F7F76	f28	今困坤墾婚恨懇昏昆根梱混痕紺艮魂
1210	痕	ime	0x2F6D6C	f28	跡後痕
1211	紺	array	0x0937D4	ARM9	紺野
1212	艮	ime	0x2F7F76	f28	今困坤墾婚恨懇昏昆根梱混痕紺艮魂
1213	魂	ime	0x2F71F6	f28	権厳言魂
1214	些	packed	0x2F842A	f28	Ｌ央奥往応押旺横欧殴王翁襖鴬鴎黄唄些望哀辞喫
1215	佐	array	0x09369C	ARM9	佐藤
1216	叉	ime	0x2F75E2	f28	亦俣又股復叉跨
1219	左	array	0x09380C	ARM9	左内
1220	差	dialogue	0x4DBDAC	f25	差し入れを持ってきました。
1221	査	dialogue	0x4E374D	f25	ランキング専門社の調査で１３万です！
1222	沙	ime	0x2F6C9E	f28	砂沙
1224	砂	array	0x09403C	ARM9	砂野
1225	詐	dialogue	0x51A54D	f25	むう、詐欺師とは侮辱なり。
1226	鎖	ime	0x2F65D8	f28	鎖
1228	坐	ime	0x2F6CA4	f28	座坐
1229	座	ime	0x2F6CA4	f28	座坐
1230	挫	ime	0x2F6EF4	f28	坐座挫
1231	債	dialogue	0x5A8166	f4	グループの社債
1232	催	dialogue	0x51C279	f25	スーパーが同時期に開催してる
1233	再	dialogue	0x4DD358	f25	（再び
1234	最	array	0x0A1914	ARM9	最後のバッターに弱くなります
1235	哉	ime	0x2F6B4E	f28	金哉
1236	塞	ime	0x2F7416	f28	房総絃惣塞
1237	妻	ime	0x2F7470	f28	妻爪具端嬬倹
1239	彩	ime	0x2F7612	f28	絢綾文彩彪怪妖
1240	才	dialogue	0x4F4C22	f25	いわば、才能の有効利用ってやつよ。
1241	採	dialogue	0x4FD08A	f25	そんな作戦が採用できるか！
1243	歳	ime	0x2F7902	f28	年歳夙駿肇敏稔利俊
1244	済	ime	0x2F7854	f28	角隅墨炭済住澄速
1245	災	array	0x4D22B0	f25	災難を防ぐ事ができます
1246	采	ime	0x2F75C2	f28	便勉娩弁鞭遍采
1248	砕	dialogue	0x4E89FD	f25	アタッテ砕けろ
1250	祭	ime	0x2F75F2	f28	抹末沫松祭奉纏
1251	斎	array	0x0944AC	ARM9	斎藤愛
1252	細	array	0x094144	ARM9	細川
1253	菜	dialogue	0x4FEBAE	f25	野菜いために
1254	裁	ime	0x2F6F0C	f28	鯖捌裁
1255	載	ime	0x2F7E70	f28	乃廼之埜野退伸乗載延展述陳飲呑
1256	際	ime	0x2F6578	f28	際
1257	剤	ime	0x2F7550	f28	剤在材罪財斉
1258	在	ime	0x2F7550	f28	剤在材罪財斉
1259	材	ime	0x2F7550	f28	剤在材罪財斉
1260	罪	ime	0x2F6494	f28	罪
1261	財	ime	0x2F7550	f28	剤在材罪財斉
1262	冴	ime	0x2F647C	f28	冴
1263	坂	array	0x0934D4	ARM9	坂口
1264	阪	ime	0x2F73F2	f28	坂阪逆酒栄
1268	咲	ime	0x2F7200	f28	咲崎埼碕
1269	崎	array	0x093224	ARM9	塩崎
1270	埼	ime	0x2F7200	f28	咲崎埼碕
1271	碕	ime	0x2F7200	f28	咲崎埼碕
1272	鷺	ime	0x2F649C	f28	鷺
1273	作	ime	0x2F7034	f28	筑作造創
1274	削	ime	0x2F67B8	f28	削
1277	昨	dialogue	0x37BC78	f33	グほ昨ジ＠～・岱ザ→セ
1279	柵	packed	0x2F7AFC	f28	ニ魯櫓炉賂路露劉栄暮班柵
1281	策	dialogue	0x4F5C3B	f25	スーパー側の策略だ。
1282	索	dialogue	0x4F8181	f25	音声ファイルを検索すれば
1283	錯	dialogue	0x553E26	f25	錯覚する程のあの冷静さは上に立つ為には
1284	桜	array	0x30F5F4	f28	桜井
1285	鮭	ime	0x2F6F04	f28	鮭酒叫
1286	笹	array	0x093A8C	ARM9	笹塚
1287	匙	ime	0x2F64BC	f28	匙
1288	冊	ime	0x2F7952	f28	冊刷察拶撮擦札殺薩
1289	刷	ime	0x2F7952	f28	冊刷察拶撮擦札殺薩
1290	察	ime	0x2F7952	f28	冊刷察拶撮擦札殺薩
1291	拶	ime	0x2F7952	f28	冊刷察拶撮擦札殺薩
1292	撮	ime	0x2F7952	f28	冊刷察拶撮擦札殺薩
1293	擦	ime	0x2F6C0E	f28	漉擦
1294	札	ime	0x2F688C	f28	札
1295	殺	ime	0x2F7952	f28	冊刷察拶撮擦札殺薩
1296	薩	ime	0x2F7952	f28	冊刷察拶撮擦札殺薩
1297	雑	ime	0x2F68E8	f28	雑
1299	鯖	ime	0x2F6F0C	f28	鯖捌裁
1300	捌	ime	0x2F6F0C	f28	鯖捌裁
1301	錆	ime	0x2F6F14	f28	錆寂淋
1302	鮫	ime	0x2F66C8	f28	鮫
1303	皿	ime	0x2F6D1C	f28	米皿瞑
1304	晒	ime	0x2F720A	f28	皿更晒曝
1305	三	array	0x093384	ARM9	三宅
1306	傘	dialogue	0x4F5213	f25	傘にペンダントに・・・
1307	参	ime	0x2F7758	f28	埋妹昧枚毎舞米参
1308	山	array	0x0931FC	ARM9	山　
1309	惨	ime	0x2F66A4	f28	惨
1310	撒	ime	0x2F7F98	f28	摩磨魔麻真間馬負撒捲巻蒔播曲混交雑
1311	散	dialogue	0x4E5D45	f25	チームは今年限りで解散らしいから、
1315	産	dialogue	0x4E9B46	f25	宙空不動産
1316	算	ime	0x2F721E	f28	斬残暫算
1320	賛	dialogue	0x50B3F7	f25	オイラも賛成でやんす。
1321	酸	dialogue	0x4E6B3B	f25	酸素が持てば、なんとか・・・
1323	斬	ime	0x2F721E	f28	斬残暫算
1324	暫	ime	0x2F721E	f28	斬残暫算
1325	残	array	0x0933B4	ARM9	残業
1326	仕	array	0x093B04	ARM9	奉仕
1329	使	array	0x0A17FC	ARM9	強振をあまり使用しません
1330	刺	ime	0x2F6448	f28	刺
1331	司	dialogue	0x576ABD	f4	ちょっと上司と相談したんだけど、
1332	史	ime	0x2F6CEC	f28	文史
1334	四	array	0x094504	ARM9	黒野四
1335	士	dialogue	0x4EE002	f25	風来坊さんは紳士だし、あたしは
1336	始	packed	0x2A2478	f20	試合開始
1337	姉	dialogue	0x4EB76D	f25	あのお姉ちゃん、変でやんす。
1338	姿	dialogue	0x4D76A4	f25	の姿がどこにも見えないけど。
1339	子	array	0x0938EC	ARM9	金子
1341	市	array	0x093E4C	ARM9	市川
1342	師	packed	0x45494C	f8	師匠
1343	志	array	0x09360C	ARM9	志村
1344	思	ime	0x2F7362	f28	主面重思想
1345	指	ime	0x2F6408	f28	指
1346	支	dialogue	0x4E5968	f25	今度、北極支店がオープンするんだがね。
1347	孜	dialogue	0x44E0C9	f8	みはいエリはいわよはいぽぶはいたほはい㎞シはい孜はいミぽはい
1349	施	dialogue	0x5970B5	f4	いいか、目的は施設の破壊だ。
1350	旨	ime	0x2F71C4	f28	旨胸棟宗
1351	枝	ime	0x2F6764	f28	枝
1352	止	ime	0x2F6D7C	f28	届止留
1353	死	dialogue	0x4E696B	f25	だから店を継ぐために必死で勉強した。
1354	氏	ime	0x2F67EC	f28	氏
1357	私	dialogue	0x4E5925	f25	どんなものなのか、そろそろ私にも
1358	糸	ime	0x2F6A82	f28	糸厭
1359	紙	ime	0x2F7392	f28	髪神紙上守
1360	紫	dialogue	0x5F8B87	f27	そういえば、紫や黄色に
1361	肢	ime	0x2F72DE	f28	葦芦足脚肢
1363	至	dialogue	0x52D7F8	f25	しかも、こんな至近距離で。
1364	視	array	0x094274	ARM9	電視
1365	詞	dialogue	0x52FF09	f25	こういう時は全部、代名詞で言えば
1366	詩	ime	0x2F730E	f28	唄歌詠詩唱
1367	試	array	0x13D074	f13	試合中、走力が＋２
1368	誌	dialogue	0x4E3733	f25	はーい、ゲーム雑誌集計で約１２万本、
1369	諮	ime	0x2F7692	f28	墓計測量謀図諮
1370	資	dialogue	0x4E3F43	f25	古い資料は、そのときに
1371	賜	ime	0x2F788A	f28	弾珠玉球魂霊偶給賜
1372	雌	ime	0x2F6C26	f28	牝雌
1373	飼	dialogue	0x4E01AF	f25	アイツ、普通の飼い犬だったんだ。
1374	歯	dialogue	0x513071	f25	あ、でも歯形がついちゃったな。
1375	事	ime	0x2F73DA	f28	琴事言殊異
1376	似	dialogue	0x4E8D41	f25	でも、形はゴキブリに似てるだろ？
1377	侍	ime	0x2F6688	f28	侍
1379	字	ime	0x2F6B30	f28	鮮字
1380	寺	array	0x093794	ARM9	寺原
1381	慈	dialogue	0x5A4CEB	f4	どんなに無慈悲で過酷だったかをね。
1382	持	array	0x22A738	f18	持続
1383	時	array	0x0A18D8	ARM9	追い込んだ時に能力アップ
1384	次	ime	0x2F69C2	f28	次継
1385	滋	packed	0x2F7ACC	f28	ニ尼弐畷煮熟葵朝爾滋逃釆
1386	治	ime	0x2F70D4	f28	尚猶直治
1387	爾	packed	0x2F7ACC	f28	ニ尼弐畷煮熟葵朝爾滋逃釆
1391	示	dialogue	0x4E70B9	f25	指示しただけのはずだが？）
1393	耳	ime	0x2F6594	f28	耳
1394	自	dialogue	0x4CE465	f25	自信が
1395	蒔	ime	0x2F7F98	f28	摩磨魔麻真間馬負撒捲巻蒔播曲混交雑
1396	辞	packed	0x2F842A	f28	Ｌ央奥往応押旺横欧殴王翁襖鴬鴎黄唄些望哀辞喫
1397	汐	ime	0x2F6F24	f28	潮塩汐
1398	鹿	ime	0x2F662C	f28	鹿
1399	式	ime	0x2F76E2	f28	式識頻敷色織鋪
1400	識	ime	0x2F76E2	f28	式識頻敷色織鋪
1401	鴫	ime	0x2F67B0	f28	鴫
1402	竺	ime	0x2F6C56	f28	竺軸
1403	軸	ime	0x2F6C56	f28	竺軸
1404	宍	array	0x093654	ARM9	宍戸
1405	雫	ime	0x2F7F10	f28	唾堕妥惰打柁舵楕陀駄騨雫蛇田抱出
1406	七	ime	0x2F6AEE	f28	七斜
1407	叱	ime	0x2F7D4A	f28	叱執失嫉室悉湿漆疾質櫛膝蛭
1408	執	ime	0x2F7D4A	f28	叱執失嫉室悉湿漆疾質櫛膝蛭
1409	失	packed	0x0A198C	ARM9	盗塁が失敗しやすくなります
1410	嫉	ime	0x2F6B42	f28	妬嫉
1411	室	ime	0x2F6798	f28	室
1412	悉	ime	0x2F7D4A	f28	叱執失嫉室悉湿漆疾質櫛膝蛭
1413	湿	ime	0x2F7D4A	f28	叱執失嫉室悉湿漆疾質櫛膝蛭
1414	漆	ime	0x2F7D4A	f28	叱執失嫉室悉湿漆疾質櫛膝蛭
1415	疾	ime	0x2F7D4A	f28	叱執失嫉室悉湿漆疾質櫛膝蛭
1416	質	ime	0x2F6C5C	f28	七質
1417	実	ime	0x2F6C68	f28	実日
1419	篠	array	0x09383C	ARM9	篠原
1421	柴	array	0x093BB4	ARM9	柴田
1422	芝	ime	0x2F6F44	f28	柴芝縛
1423	屡	ime	0x2F74EE	f28	瑠屡流琉留婁
1424	蕊	ime	0x2F650C	f28	蕊
1425	縞	ime	0x2F73FE	f28	島縞嶋閉締
1426	舎	dialogue	0x530B96	f25	舎弟をクビという事でいいよ。
1427	写	array	0x09428C	ARM9	写六
1428	射	dialogue	0x4DA9D1	f25	は、反射神経はいいんだけどな。
1429	捨	dialogue	0x4DBBE9	f25	こんな風に捨てられているのも
1430	赦	ime	0x2F703E	f28	緩許赦弛
1431	斜	ime	0x2F6AEE	f28	七斜
1432	煮	packed	0x2F7ACC	f28	ニ尼弐畷煮熟葵朝爾滋逃釆
1433	社	ime	0x2F6F54	f28	社蛇邪
1434	紗	dialogue	0x144287	f13	いづマひいエマひい→モひいぽヂひいＥドひい。ドひい覇ひいと◎ひいタ↓ひいＥ＠ひいＱ↑ひいボＭひいねＰひい６ＮひいわＰひいしプひい杓ひい（ペひいォ６ひいぃゼひい波ひい❤ヂひいヤブひいリＯひいネＱひいバＱひいぜＷひいふムひいわヨひいョラひいぽヨひいヂドひい紗ひいＩゾひい
1435	者	packed	0x0A19C8	ARM9	強打者に対して能力アップ
1436	謝	dialogue	0x4E3C8D	f25	むしろ仕事ができて感謝してるよ。
1437	車	dialogue	0x4E4B91	f25	から電車で２０分か。
1439	蛇	array	0x093F1C	ARM9	蛇島
1440	邪	ime	0x2F6F54	f28	社蛇邪
1441	借	dialogue	0x4E7F09	f25	猫の手も借りたいくらいで。
1444	杓	dialogue	0x144287	f13	いづマひいエマひい→モひいぽヂひいＥドひい。ドひい覇ひいと◎ひいタ↓ひいＥ＠ひいＱ↑ひいボＭひいねＰひい６ＮひいわＰひいしプひい杓ひい（ペひいォ６ひいぃゼひい波ひい❤ヂひいヤブひいリＯひいネＱひいバＱひいぜＷひいふムひいわヨひいョラひいぽヨひいヂドひい紗ひいＩゾひい
1448	釈	dialogue	0x4F6A0B	f25	そんなひねくれた解釈しなくても
1449	錫	ime	0x2F6FAC	f28	鈴錫篠
1450	若	ime	0x2F6EAC	f28	若分別
1451	寂	ime	0x2F6F14	f28	錆寂淋
1452	弱	array	0x0A14F0	ARM9	打たれ弱くなります
1454	主	ime	0x2F663C	f28	主
1455	取	packed	0x13D31C	f13	ストライクを取られるまでミート＋１
1456	守	array	0x093A5C	ARM9	守田
1457	手	array	0x0A1508	ARM9	外野手もできます
1458	朱	ime	0x2F6B84	f28	朱明
1459	殊	ime	0x2F73DA	f28	琴事言殊異
1460	狩	array	0x09331C	ARM9	狩村
1461	珠	ime	0x2F788A	f28	弾珠玉球魂霊偶給賜
1462	種	array	0x093D2C	ARM9	種田
1464	趣	dialogue	0x4E48E4	f25	こっちはあくまでも趣味。
1465	酒	array	0x093674	ARM9	酒井
1466	首	ime	0x2F6800	f28	首
1468	受	ime	0x2F6C32	f28	受請
1469	呪	array	0x22A710	f18	呪縛
1470	寿	dialogue	0x4E1C9A	f25	ということは、寿命タイマーは？
1471	授	dialogue	0x4D94C0	f25	今まだ授業中なの。）
1472	樹	array	0x0942A4	ARM9	大樹
1474	需	dialogue	0x5A7936	f4	でも、この星じゃ需要がなくて
1476	収	ime	0x2F7652	f28	長押抑収納治修
1477	周	array	0x0930F0	ARM9	周
1478	宗	ime	0x2F71C4	f28	旨胸棟宗
1479	就	dialogue	0x553F7D	f25	お嬢様の社長就任は
1481	修	packed	0x2A25EC	f20	宇宙船を修理します
1482	愁	ime	0x2F6D94	f28	愁憂嬉
1483	拾	ime	0x2F7C3A	f28	広寛宏尋弘洪紘博浩宥祐拾
1484	洲	dialogue	0x37BC74	f33	洲ザ
1485	秀	ime	0x2F6C38	f28	曾秀
1486	秋	array	0x093C3C	ARM9	秋穂
1487	終	packed	0x0A1B78	ARM9	ペナント終盤に調子が落ちません
1489	習	packed	0x0A14DE	ARM9	けい習けい打たれ強くなります
1490	臭	ime	0x2F6DFC	f28	臭匂香
1491	舟	ime	0x2F6FCC	f28	鮒船舟
1494	襲	ime	0x2F7662	f28	襲遅晩恐怖畏教
1495	讐	dialogue	0x4EA62F	f25	復讐なんて時間の無駄でしょ。
1496	蹴	ime	0x2F7D2E	f28	卦袈祁毛家気怪仮華慧怪消蹴
1498	週	dialogue	0x4DD4FD	f25	来週の土曜日、
1500	酬	ime	0x2F6E84	f28	椋報酬
1501	集	ime	0x2F6420	f28	集
1502	醜	dialogue	0x517D62	f25	ふふふ、男の嫉妬は醜いな。
1504	住	ime	0x2F7854	f28	角隅墨炭済住澄速
1505	充	array	0x0945C4	ARM9	佐藤充
1506	十	ime	0x2F651C	f28	十
1507	従	dialogue	0x4E973B	f25	アンタの言うことに従う。
1509	柔	ime	0x2F6950	f28	柔和
1510	汁	ime	0x2F6708	f28	汁
1511	渋	ime	0x2F6804	f28	渋
1512	獣	dialogue	0x50A2FB	f25	お前は、怪獣のソフビ人形が
1513	縦	ime	0x2F7734	f28	竪縦盾楯建館立舘
1514	重	ime	0x2F7362	f28	主面重思想
1515	銃	ime	0x2F6D34	f28	筒銃包
1517	夙	ime	0x2F72C6	f28	勤努勉務夙
1518	宿	ime	0x2F66A0	f28	宿
1519	淑	ime	0x2F6518	f28	淑
1520	祝	dialogue	0x4E6763	f25	今日はうちでお祝いでやんす！
1521	縮	dialogue	0x525543	f25	イベント短縮しますか？
1522	粛	dialogue	0x580A08	f4	この宇宙船を綱紀粛正してくれる。
1524	熟	packed	0x2F7ACC	f28	ニ尼弐畷煮熟葵朝爾滋逃釆
1525	出	array	0x0933E4	ARM9	東出
1526	術	array	0x0944DC	ARM9	美術部
1527	述	ime	0x2F7E70	f28	乃廼之埜野退伸乗載延展述陳飲呑
1528	俊	array	0x09469C	ARM9	渡辺俊
1529	峻	ime	0x2F77A0	f28	岡丘陸峻阜犯侵冒
1530	春	ime	0x2F669C	f28	春
1531	瞬	dialogue	0x4E0898	f25	さんの右手が、一瞬でアルミホイル
1534	駿	ime	0x2F7902	f28	年歳夙駿肇敏稔利俊
1535	准	packed	0x2F84DC	f28	ゼ冶夜爺耶野弥矢妖家恩元漬屯裾痛漆遷辞紙傍及准
1538	楯	ime	0x2F7734	f28	竪縦盾楯建館立舘
1539	殉	dialogue	0x5A135B	f4	もちろん、殉職しますわね。
1541	準	dialogue	0x4CE323	f25	準備をしておこう。
1543	盾	ime	0x2F7734	f28	竪縦盾楯建館立舘
1544	純	dialogue	0x4E2662	f25	単純に食べにくいだけのような・・・
1545	巡	ime	0x2F6EFC	f28	巡回廻
1548	順	dialogue	0x4E1B56	f25	先着順のチケットなら
1549	処	ime	0x2F7D66	f28	処初所暑曙渚庶緒署書薯藷諸
1550	初	array	0x0A15B0	ARM9	初球に強くなります
1551	所	array	0x0941BC	ARM9	城所
1552	暑	ime	0x2F7602	f28	圧斡扱暑熱厚篤
1553	曙	ime	0x2F7D66	f28	処初所暑曙渚庶緒署書薯藷諸
1554	渚	ime	0x2F7D66	f28	処初所暑曙渚庶緒署書薯藷諸
1555	庶	ime	0x2F7D66	f28	処初所暑曙渚庶緒署書薯藷諸
1556	緒	array	0x0936B4	ARM9	緒方
1557	署	ime	0x2F7D66	f28	処初所暑曙渚庶緒署書薯藷諸
1558	書	ime	0x2F7D66	f28	処初所暑曙渚庶緒署書薯藷諸
1559	薯	ime	0x2F7D66	f28	処初所暑曙渚庶緒署書薯藷諸
1560	藷	ime	0x2F7D66	f28	処初所暑曙渚庶緒署書薯藷諸
1561	諸	array	0x093B84	ARM9	諸星
1562	助	ime	0x2F66D8	f28	助
1563	叙	ime	0x2F7842	f28	助叙女序徐恕鋤除
1564	女	packed	0x2A260C	f20	女の子に会いに行きます
1565	序	ime	0x2F7842	f28	助叙女序徐恕鋤除
1566	徐	ime	0x2F7842	f28	助叙女序徐恕鋤除
1567	恕	ime	0x2F7842	f28	助叙女序徐恕鋤除
1568	鋤	ime	0x2F7250	f28	隙鋤鍬漉
1569	除	ime	0x2F7160	f28	覗除望臨
1570	傷	ime	0x2F716A	f28	傷疵創築
1571	償	dialogue	0x505967	f25	償うまでこの地に縛られた。
1572	勝	array	0x0938E4	ARM9	勝野
1573	匠	ime	0x2F7CA2	f28	卓啄宅托択拓沢濯琢託鐸匠柘
1574	升	ime	0x2F7066	f28	鱒桝升益
1575	召	ime	0x2F76D2	f28	目眼芽女雌召愛
1577	商	dialogue	0x4D6DE6	f25	こっちも商売だからね。
1578	唱	ime	0x2F6A58	f28	唱称
1580	奨	dialogue	0x58F956	f4	彼には後でなにか報奨を用意しないと
1583	宵	ime	0x2F64B8	f28	宵
1584	将	array	0x094524	ARM9	将棋部
1585	小	array	0x0932D4	ARM9	小倉
1586	少	packed	0x4D22E8	f25	体力の減り方が少なくなります
1587	尚	array	0x09457C	ARM9	鈴木尚
1589	床	ime	0x2F65C4	f28	床
1592	承	array	0x09463C	ARM9	李承　
1594	招	ime	0x2F6588	f28	招
1597	昇	ime	0x2F6E6C	f28	上登昇
1598	昌	array	0x0945B4	ARM9	山本昌
1599	昭	array	0x094584	ARM9	智林昭
1600	晶	array	0x094724	ARM9	荒井晶
1601	松	array	0x09340C	ARM9	松本
1605	沼	array	0x093704	ARM9	浅沼
1606	消	array	0x0A1690	ARM9	スタミナ消費が減ります
1607	渉	dialogue	0x4FF974	f25	こっちと交渉する気がないんだよ。
1609	焼	dialogue	0x4D9448	f25	焼いていたでやんすね～。
1610	焦	ime	0x2F6630	f28	焦
1611	照	ime	0x2F6CCE	f28	手照
1612	症	dialogue	0x51C594	f25	熱中症になりかかってるんだ。
1613	省	ime	0x2F65C8	f28	省
1617	称	ime	0x2F6A58	f28	唱称
1618	章	dialogue	0x4E444E	f25	文章も見られる
1619	笑	ime	0x2F6C20	f28	藁笑
1620	粧	dialogue	0x57E082	f4	、また化粧をしているのか？
1621	紹	dialogue	0x4F159B	f25	仕事紹介するから。
1624	蒋	packed	0x4801CF	f10	ぜ玲猫蒋。ＳしＮまあ
1626	衝	dialogue	0x522F3F	f25	低温や衝撃に、サイボーグの機能が
1627	裳	ime	0x2F7E34	f28	摸模茂喪藻裳母燃萌若以漏洩盛
1629	証	dialogue	0x5072A0	f25	これが僕の生きてる証なのさ。
1631	詳	ime	0x2F7526	f28	桑鍬詳委精加
1632	象	ime	0x2F7BBC	f28	像増憎臓蔵贈造象雑噌會
1633	賞	dialogue	0x4FB916	f25	の球を打てば豪華賞品！
1635	鉦	ime	0x2F6E44	f28	鐘金鉦
1637	鐘	ime	0x2F6E44	f28	鐘金鉦
1638	障	ime	0x2F757A	f28	沢澤騒爽触障
1639	鞘	ime	0x2F6740	f28	鞘
1640	上	array	0x0933A4	ARM9	川上
1641	丈	ime	0x2F7454	f28	茸丈竹岳長武
1642	丞	dialogue	0x5227A8	f25	雪乃丞
1643	乗	ime	0x2F7E70	f28	乃廼之埜野退伸乗載延展述陳飲呑
1644	冗	dialogue	0x4E244A	f25	冗談じゃない！
1646	城	array	0x093844	ARM9	城田
1647	場	array	0x093294	ARM9	一場
1648	壌	ime	0x2F72BA	f28	土槌鎚壌椎
1649	嬢	dialogue	0x526E7C	f25	悪いがお嬢ちゃん、俺の誘い断ったら
1650	常	ime	0x2F69DA	f28	常恒
1651	情	dialogue	0x4E19D8	f25	大人の事情
1653	条	array	0x0938D4	ARM9	南条
1654	杖	ime	0x2F6908	f28	杖
1656	状	dialogue	0x4D8BD6	f25	バンザイ状態
1659	蒸	ime	0x2F6CAA	f28	深蒸
1660	譲	dialogue	0x5936E5	f4	いくらで譲ってくれるんだ。
1664	埴	ime	0x2F67AC	f28	埴
1665	飾	dialogue	0x4E5D5C	f25	最後は優勝で飾って欲しいね。
1666	拭	ime	0x2F657C	f28	拭
1667	植	dialogue	0x4E5DDB	f25	人工筋肉とか移植してた選手３人が、
1668	殖	dialogue	0x591311	f4	そして植物が異常繁殖して、
1670	織	array	0x0939B4	ARM9	織部
1671	職	dialogue	0x4E4E4F	f25	純粋に職業的に参考にしたくて
1672	色	ime	0x2F6508	f28	色
1673	触	ime	0x2F757A	f28	沢澤騒爽触障
1674	食	dialogue	0x4D7F9F	f25	肝心の食べ物を、
1676	辱	ime	0x2F76A2	f28	端恥辱弾始創初
1677	尻	ime	0x2F64E4	f28	尻
1678	伸	array	0x0A1228	ARM9	直球が伸びます
1679	信	array	0x093E14	ARM9	信濃
1680	侵	ime	0x2F77A0	f28	岡丘陸峻阜犯侵冒
1683	寝	dialogue	0x4CE353	f25	寝つけないなあ・・・。
1684	審	dialogue	0x502875	f25	この不審人物を事情聴取していたのです。
1685	心	packed	0x4D22C0	f25	心の病気を全て治します
1686	慎	dialogue	0x4F920B	f25	慎重に人と接するんだろう？
1687	振	array	0x0A15A0	ARM9	強振を多用します
1688	新	array	0x09320C	ARM9	新井
1690	森	array	0x093128	ARM9	森
1691	榛	ime	0x2F76C2	f28	針梁榛張貼播幡
1692	浸	ime	0x2F6C50	f28	浸漬
1693	深	ime	0x2F6CAA	f28	深蒸
1694	申	ime	0x2F6C3E	f28	猿申
1696	真	array	0x093494	ARM9	真中
1697	神	array	0x09379C	ARM9	神内
1699	紳	dialogue	0x4EE002	f25	風来坊さんは紳士だし、あたしは
1700	臣	ime	0x2F6540	f28	臣
1702	薪	ime	0x2F705C	f28	牧槙巻薪
1703	親	ime	0x2F6580	f28	親
1704	診	dialogue	0x6024D7	f27	ケガの具合を診れるだけじゃなく
1705	身	packed	0x2F8482	f28	ポ廃拝排敗杯盃牌背肺輩配陶且蕾身這到昧百荳釆
1706	辛	ime	0x2F7048	f28	辛面連列
1707	進	array	0x0945CC	ARM9	猪狩進
1708	針	ime	0x2F76C2	f28	針梁榛張貼播幡
1709	震	ime	0x2F7446	f28	震古奮旧揮振
1710	人	ime	0x2F74E0	f28	任妊忍認人仁
1711	仁	array	0x093754	ARM9	仁志
1712	刃	ime	0x2F7D82	f28	人仁刃塵壬尋甚尽腎訊迅陣靭
1713	塵	ime	0x2F6468	f28	塵
1714	壬	ime	0x2F7D82	f28	人仁刃塵壬尋甚尽腎訊迅陣靭
1715	尋	ime	0x2F6D0C	f28	尋訪訊
1716	甚	ime	0x2F7D82	f28	人仁刃塵壬尋甚尽腎訊迅陣靭
1717	尽	ime	0x2F7D82	f28	人仁刃塵壬尋甚尽腎訊迅陣靭
1718	腎	ime	0x2F7D82	f28	人仁刃塵壬尋甚尽腎訊迅陣靭
1719	訊	ime	0x2F6D0C	f28	尋訪訊
1720	迅	ime	0x2F7D82	f28	人仁刃塵壬尋甚尽腎訊迅陣靭
1721	陣	ime	0x2F7D82	f28	人仁刃塵壬尋甚尽腎訊迅陣靭
1722	靭	ime	0x2F7D82	f28	人仁刃塵壬尋甚尽腎訊迅陣靭
1725	須	array	0x09321C	ARM9	須藤
1727	図	ime	0x2F740A	f28	図厨逗頭豆
1728	厨	ime	0x2F740A	f28	図厨逗頭豆
1729	逗	ime	0x2F740A	f28	図厨逗頭豆
1730	吹	dialogue	0x4DE5DA	f25	娘さんのこと、吹っ切れたんですかね。
1731	垂	ime	0x2F696E	f28	垂誰
1732	帥	dialogue	0x4FC95B	f25	なんと、わがグループの総帥
1733	推	dialogue	0x506C06	f25	くんの推薦だし、
1734	水	array	0x093864	ARM9	水間
1735	炊	dialogue	0x5EAC4A	f27	ほら、雑炊だ。
1736	睡	dialogue	0x606061	f27	睡眠時間は約二時間ぐらいにしておけ、シュッ！
1737	粋	ime	0x2F70C0	f28	域粋息行
1739	衰	dialogue	0x58407D	f4	が衰退して
1740	遂	ime	0x2F7CDA	f28	墜椎槌追鎚対終遂堆費潰序啄
1741	酔	dialogue	0x5B0F79	f4	精神を安定させるため、麻酔をかけますが
1742	錐	ime	0x2F750A	f28	桐霧錐雰限切
1744	随	ime	0x2F7246	f28	随瑞髄蕊
1745	瑞	ime	0x2F6ADC	f28	水瑞
1746	髄	ime	0x2F7246	f28	随瑞髄蕊
1747	崇	ime	0x2F6734	f28	崇
1748	嵩	ime	0x2F75B2	f28	鷹高尭嵩貴隆昂
1749	数	ime	0x2F6B3C	f28	数和
1750	枢	dialogue	0x58F5D4	f4	ここが連邦の中枢、
1752	雛	ime	0x2F6674	f28	雛
1753	据	ime	0x2F6F8C	f28	据末陶
1754	杉	array	0x09343C	ARM9	杉山
1755	椙	ime	0x2F6C92	f28	杉椙
1756	菅	ime	0x2F668C	f28	菅
1758	雀	dialogue	0x5E80E8	f27	朱雀房
1759	裾	ime	0x2F6900	f28	裾
1760	澄	ime	0x2F7854	f28	角隅墨炭済住澄速
1762	寸	ime	0x2F6880	f28	寸
1763	世	ime	0x2F797A	f28	世瀬畝背脊責攻競迫
1764	瀬	array	0x0932FC	ARM9	岩瀬
1765	畝	ime	0x2F6AC4	f28	畝畦
1766	是	ime	0x2F6860	f28	是
1767	凄	ime	0x2F6C98	f28	凄過
1768	制	array	0x0A16C0	ARM9	けん制が上手くなります
1769	勢	ime	0x2F6FB4	f28	税脆勢
1771	征	dialogue	0x4F6542	f25	本気で世界征服とか
1772	性	ime	0x2F675C	f28	性
1773	成	packed	0x0A1978	ARM9	盗塁が成功しやすくなります
1774	政	dialogue	0x54AD31	f25	それ家政婦。
1775	整	array	0x5704E4	f4	倉庫を整理します
1776	星	array	0x093504	ARM9	星野
1777	晴	array	0x09471C	ARM9	荒井晴
1778	棲	dialogue	0x5967D9	f4	水棲（せい）人なので、海中に家を
1780	正	array	0x093C44	ARM9	正金
1781	清	array	0x093884	ARM9	清原
1782	牲	dialogue	0x553804	f25	前に進むには何かの犠牲が必要。
1783	生	array	0x0933BC	ARM9	井生
1784	盛	array	0x0936DC	ARM9	森盛
1785	精	ime	0x2F7526	f28	桑鍬詳委精加
1786	聖	dialogue	0x51E670	f25	これは聖書なんだが。
1787	声	ime	0x2F6BF6	f28	声肥
1788	製	dialogue	0x4E19A2	f25	製品版
1789	西	array	0x09333C	ARM9	西野
1790	誠	dialogue	0x50E0EC	f25	こちらの誠意を見せただけなんだよ。
1791	誓	ime	0x2F698C	f28	近誓
1792	請	ime	0x2F6C32	f28	受請
1793	逝	ime	0x2F7CBE	f28	愉愈油癒諭輸湯柚結逝行茹揺
1795	青	array	0x0934C4	ARM9	青木
1796	静	dialogue	0x4D8E5C	f25	・・・静かだな。
1797	斉	array	0x0935EC	ARM9	斉藤
1798	税	ime	0x2F6FB4	f28	税脆勢
1799	脆	ime	0x2F64C8	f28	脆
1800	隻	packed	0x2F84AE	f28	Ｄ企愉撮石層錆昔析席脊隻惜戚責積籍績跡蹟碩千喫
1801	席	packed	0x0A1C38	ARM9	打席に立った時に盛り上がります
1802	惜	packed	0x2F84AE	f28	Ｄ企愉撮石層錆昔析席脊隻惜戚責積籍績跡蹟碩千喫
1803	戚	packed	0x2F84AE	f28	Ｄ企愉撮石層錆昔析席脊隻惜戚責積籍績跡蹟碩千喫
1804	斥	dialogue	0x5A6EB2	f4	単なる異星人排斥運動じゃないか！
1805	昔	packed	0x2F84AE	f28	Ｄ企愉撮石層錆昔析席脊隻惜戚責積籍績跡蹟碩千喫
1806	析	packed	0x2F84AE	f28	Ｄ企愉撮石層錆昔析席脊隻惜戚責積籍績跡蹟碩千喫
1807	石	array	0x093204	ARM9	石川
1808	積	packed	0x0A1720	ARM9	積極的に振りにいきます
1809	籍	packed	0x2F84AE	f28	Ｄ企愉撮石層錆昔析席脊隻惜戚責積籍績跡蹟碩千喫
1810	績	packed	0x2A25FC	f20	野球の成績を見ます
1811	脊	ime	0x2F797A	f28	世瀬畝背脊責攻競迫
1812	責	ime	0x2F797A	f28	世瀬畝背脊責攻競迫
1813	赤	array	0x0937C4	ARM9	赤星
1814	跡	ime	0x2F6D6C	f28	跡後痕
1815	蹟	packed	0x2F84AE	f28	Ｄ企愉撮石層錆昔析席脊隻惜戚責積籍績跡蹟碩千喫
1816	碩	packed	0x2F84AE	f28	Ｄ企愉撮石層錆昔析席脊隻惜戚責積籍績跡蹟碩千喫
1817	切	ime	0x2F750A	f28	桐霧錐雰限切
1818	拙	ime	0x2F69F8	f28	拙貧
1819	接	ime	0x2F7E52	f28	切刹拙洩屑鱈接摂折設窃節説雪
1820	摂	ime	0x2F7E52	f28	切刹拙洩屑鱈接摂折設窃節説雪
1821	折	ime	0x2F6E14	f28	折織澱
1822	設	ime	0x2F7E52	f28	切刹拙洩屑鱈接摂折設窃節説雪
1823	窃	ime	0x2F7E52	f28	切刹拙洩屑鱈接摂折設窃節説雪
1824	節	ime	0x2F6CB6	f28	節臥
1825	説	ime	0x2F7E52	f28	切刹拙洩屑鱈接摂折設窃節説雪
1826	雪	ime	0x2F69B0	f28	雪之
1827	絶	ime	0x2F6CBC	f28	絶舌
1828	舌	ime	0x2F6CBC	f28	絶舌
1829	蝉	ime	0x2F6724	f28	蝉
1831	先	array	0x0946FC	ARM9	先輩一
1832	千	array	0x0938A4	ARM9	千葉
1833	占	dialogue	0x4E9C4F	f25	商店街の土地を買い占めてる？
1834	宣	dialogue	0x4DDB13	f25	ある意味宣伝にはなったかもね。
1835	専	dialogue	0x4E374D	f25	ランキング専門社の調査で１３万です！
1836	尖	ime	0x2F6A28	f28	科尖
1837	川	array	0x093204	ARM9	石川
1838	戦	dialogue	0x4DA7CD	f25	結構戦えるもんですね。）
1839	扇	ime	0x2F748C	f28	青蒼藍仰扇煽
1840	撰	ime	0x2F6DEC	f28	選択撰
1843	泉	dialogue	0x575115	f4	泉の妖精さんでーす。
1844	浅	array	0x093704	ARM9	浅沼
1845	洗	dialogue	0x50D8FA	f25	そりゃあ、皿洗いでもやってくれると
1846	染	dialogue	0x552594	f25	まあ気にしなくてもいいぐらいの染み
1847	潜	ime	0x2F6528	f28	潜
1848	煎	dialogue	0x4DE749	f25	お湯で煎じて飲んでみてね。
1849	煽	ime	0x2F6986	f28	煽穏
1850	旋	dialogue	0x53A6ED	f25	わからないから不安妄想の螺旋。
1851	穿	ime	0x2F65E4	f28	穿
1853	線	dialogue	0x4DC6B6	f25	町の人の視線を感じるぞ。
1855	羨	dialogue	0x54F568	f25	尊敬と羨望の眼差しで見られるんだぞ！
1858	船	array	0x093AAC	ARM9	三船
1859	薦	dialogue	0x506C06	f25	くんの推薦だし、
1860	詮	dialogue	0x5015F4	f25	所詮、草野球なんだなぁ～。
1861	賎	ime	0x2F74B6	f28	嫌否厭卑賎癒
1862	践	dialogue	0x4F48BB	f25	実践しているうちに、
1863	選	ime	0x2F6DEC	f28	選択撰
1864	遷	packed	0x2F84DC	f28	ゼ冶夜爺耶野弥矢妖家恩元漬屯裾痛漆遷辞紙傍及准
1865	銭	ime	0x2F67BC	f28	銭
1868	鮮	ime	0x2F6B30	f28	鮮字
1869	前	array	0x09329C	ARM9	前田
1870	善	ime	0x2F7878	f28	前善漸然全禅繕膳
1871	漸	ime	0x2F7878	f28	前善漸然全禅繕膳
1872	然	ime	0x2F77D6	f28	年念捻撚燃粘然稔
1873	全	array	0x093AFC	ARM9	安全
1874	禅	ime	0x2F7878	f28	前善漸然全禅繕膳
1875	繕	ime	0x2F7878	f28	前善漸然全禅繕膳
1876	膳	ime	0x2F7878	f28	前善漸然全禅繕膳
1878	噌	ime	0x2F7BBC	f28	像増憎臓蔵贈造象雑噌會
1882	曾	ime	0x2F66E4	f28	曾
1885	狙	ime	0x2F68F0	f28	狙
1887	疎	ime	0x2F65AC	f28	疎
1888	礎	dialogue	0x4FBE39	f25	基礎練習は、どちらも似てるからな。
1889	祖	dialogue	0x4F19EF	f25	ワシが祖父の代から金物屋をやっている
1891	粗	ime	0x2F69A4	f28	粗略
1892	素	array	0x4D2370	f25	素早さポイントが上がりやすくなります
1893	組	ime	0x2F6BCC	f28	組与
1895	訴	dialogue	0x4F68C9	f25	すぐそうやって暴力に訴えようとする。
1896	阻	ime	0x2F6ECC	f28	幅巾阻
1899	僧	dialogue	0x5EFC72	f27	あの方は、ここの僧院長でやんす！
1900	創	ime	0x2F7034	f28	筑作造創
1901	双	ime	0x2F7278	f28	蓋双二弐
1903	倉	array	0x09315C	ARM9	倉
1904	喪	ime	0x2F7E34	f28	摸模茂喪藻裳母燃萌若以漏洩盛
1905	壮	dialogue	0x52E142	f25	壮大か？
1907	爽	ime	0x2F757A	f28	沢澤騒爽触障
1909	層	packed	0x2F84AE	f28	Ｄ企愉撮石層錆昔析席脊隻惜戚責積籍績跡蹟碩千喫
1911	惣	ime	0x2F7416	f28	房総絃惣塞
1912	想	ime	0x2F7362	f28	主面重思想
1913	捜	dialogue	0x586447	f4	しまった、おとり捜査でやんす！
1914	掃	ime	0x2F73CE	f28	原腹胎払掃
1915	挿	dialogue	0x511F5D	f25	このプラグ、そこのコンセントに挿して。
1917	操	dialogue	0x4ECBDC	f25	いや、操作を間違えたか？
1918	早	packed	0x0A1C68	ARM9	体力／スタミナ回復が早くなります
1919	曹	dialogue	0x585095	f4	また財閥の御曹司の
1920	巣	dialogue	0x5094A3	f25	どうやら、外に巣があって
1921	槍	ime	0x2F693E	f28	槍鑓
1924	燥	dialogue	0x4E622D	f25	涙が出ないと、眼が乾燥するし。
1925	争	dialogue	0x4F2F23	f25	試合でのヒーロー争いなら、
1927	相	array	0x093314	ARM9	川相
1928	窓	ime	0x2F6B78	f28	窓惑
1930	総	ime	0x2F7264	f28	術全総滑
1932	聡	ime	0x2F755E	f28	里郷聡智敏諭
1933	草	array	0x0932DC	ARM9	草野
1935	葬	dialogue	0x4F864F	f25	お前が埋葬してやったらしいぞ。
1936	蒼	ime	0x2F748C	f28	青蒼藍仰扇煽
1937	藻	ime	0x2F7E34	f28	摸模茂喪藻裳母燃萌若以漏洩盛
1938	装	dialogue	0x4E275C	f25	新装開店でーす！
1939	走	array	0x0A1204	ARM9	代走要員です
1940	送	ime	0x2F77B2	f28	奥億屋憶臆屋送贈
1941	遭	dialogue	0x57E27D	f4	他星からの旅行者の遭難現場で
1944	騒	ime	0x2F757A	f28	沢澤騒爽触障
1945	像	ime	0x2F7BBC	f28	像増憎臓蔵贈造象雑噌會
1946	増	array	0x093804	ARM9	増田
1947	憎	ime	0x2F7356	f28	肉憎難悪宍
1948	臓	ime	0x2F7BBC	f28	像増憎臓蔵贈造象雑噌會
1949	蔵	ime	0x2F73B6	f28	倉蔵鞍暮暗
1950	贈	ime	0x2F77B2	f28	奥億屋憶臆屋送贈
1951	造	ime	0x2F7034	f28	筑作造創
1952	促	ime	0x2F7BD4	f28	促側則即息捉束測足速塞
1953	側	ime	0x2F6CFE	f28	側傍
1954	則	ime	0x2F77FA	f28	糊則法矩紀憲弼規
1955	即	ime	0x2F7BD4	f28	促側則即息捉束測足速塞
1956	息	ime	0x2F70C0	f28	域粋息行
1957	捉	ime	0x2F70A2	f28	寅虎捉捕
1958	束	ime	0x2F695C	f28	束把
1959	測	ime	0x2F7692	f28	墓計測量謀図諮
1960	足	array	0x094174	ARM9	帆足
1961	速	packed	0x13CEB0	f13	球速が＋５
1962	俗	ime	0x2F742E	f28	俗属賊族続
1963	属	ime	0x2F742E	f28	俗属賊族続
1964	賊	ime	0x2F742E	f28	俗属賊族続
1965	族	ime	0x2F742E	f28	俗属賊族続
1966	続	array	0x22A738	f18	持続
1967	卒	ime	0x2F6CE6	f28	卒率
1968	袖	ime	0x2F66D4	f28	袖
1969	其	ime	0x2F68F4	f28	其
1970	揃	ime	0x2F68F8	f28	揃
1971	存	ime	0x2F6684	f28	存
1972	孫	ime	0x2F65F8	f28	孫
1973	尊	dialogue	0x509F89	f25	尊敬はしてるけど・・・
1974	損	ime	0x2F6CE0	f28	底損
1975	村	array	0x09324C	ARM9	中村
1976	遜	dialogue	0x4F0B74	f25	さんは謙遜してるのよ。
1977	他	packed	0x2A24FC	f20	他の星に行きます
1978	多	array	0x0937F4	ARM9	多村
1979	太	array	0x094014	ARM9	太村
1982	唾	ime	0x2F69E0	f28	鍔唾
1983	堕	ime	0x2F7F10	f28	唾堕妥惰打柁舵楕陀駄騨雫蛇田抱出
1984	妥	ime	0x2F7F10	f28	唾堕妥惰打柁舵楕陀駄騨雫蛇田抱出
1985	惰	ime	0x2F7F10	f28	唾堕妥惰打柁舵楕陀駄騨雫蛇田抱出
1986	打	array	0x094404	ARM9	黒打
1987	柁	ime	0x2F7F10	f28	唾堕妥惰打柁舵楕陀駄騨雫蛇田抱出
1988	舵	ime	0x2F7F10	f28	唾堕妥惰打柁舵楕陀駄騨雫蛇田抱出
1989	楕	ime	0x2F7F10	f28	唾堕妥惰打柁舵楕陀駄騨雫蛇田抱出
1990	陀	ime	0x2F7F10	f28	唾堕妥惰打柁舵楕陀駄騨雫蛇田抱出
1991	駄	ime	0x2F7F10	f28	唾堕妥惰打柁舵楕陀駄騨雫蛇田抱出
1992	騨	ime	0x2F7F10	f28	唾堕妥惰打柁舵楕陀駄騨雫蛇田抱出
1993	体	packed	0x0A1710	ARM9	体当りが上手くなります
1994	堆	ime	0x2F7CDA	f28	墜椎槌追鎚対終遂堆費潰序啄
1995	対	packed	0x0A19C8	ARM9	強打者に対して能力アップ
1996	耐	packed	0x57060C	f4	宇宙船の耐久力が上がる
1997	岱	ime	0x2F798E	f28	代台大第醍題岱弟醍廼
1998	帯	ime	0x2F6B54	f28	帯怯
1999	待	dialogue	0x4D6EE5	f25	それじゃ、神社の前で待ち合わせ！
2000	怠	ime	0x2F70E8	f28	生怠艶鈍
2001	態	packed	0x0A1C20	ARM9	動揺しても態度に出にくくなります
2003	替	dialogue	0x4FD921	f25	いつまでも、俺の着替えで
2005	滞	dialogue	0x4FD824	f25	しばらく滞在することに
2006	胎	ime	0x2F73CE	f28	原腹胎払掃
2007	腿	ime	0x2F723C	f28	桃腿股百
2008	苔	ime	0x2F6C02	f28	苔鱗
2009	袋	dialogue	0x52D25E	f25	（なんか大きな袋を持ってるけど、
2010	貸	dialogue	0x4EDF08	f25	貸してるだけなんだけど。
2011	退	ime	0x2F7E70	f28	乃廼之埜野退伸乗載延展述陳飲呑
2012	逮	dialogue	0x4F62C9	f25	逮捕されますよ！
2013	隊	packed	0x2F7A9C	f28	Ｎ貿歌糸隊菓岳今奴美亡喫
2016	代	array	0x0A1204	ARM9	代走要員です
2017	台	array	0x09391C	ARM9	台場
2018	大	array	0x093324	ARM9	大原
2019	第	ime	0x2F798E	f28	代台大第醍題岱弟醍廼
2020	醍	ime	0x2F798E	f28	代台大第醍題岱弟醍廼
2021	題	ime	0x2F798E	f28	代台大第醍題岱弟醍廼
2022	鷹	array	0x093484	ARM9	三鷹
2023	滝	ime	0x2F691A	f28	滝瀧
2024	瀧	ime	0x2F691A	f28	滝瀧
2025	卓	array	0x0944D4	ARM9	卓球部
2026	啄	ime	0x2F7CA2	f28	卓啄宅托択拓沢濯琢託鐸匠柘
2027	宅	array	0x093384	ARM9	三宅
2028	托	ime	0x2F7CA2	f28	卓啄宅托択拓沢濯琢託鐸匠柘
2029	択	ime	0x2F6DEC	f28	選択撰
2030	拓	array	0x09449C	ARM9	田中拓
2031	沢	array	0x0932B4	ARM9	浜沢
2032	濯	ime	0x2F6FA4	f28	煤濯雪
2033	琢	ime	0x2F7CA2	f28	卓啄宅托択拓沢濯琢託鐸匠柘
2034	託	ime	0x2F7CA2	f28	卓啄宅托択拓沢濯琢託鐸匠柘
2035	鐸	ime	0x2F7CA2	f28	卓啄宅托択拓沢濯琢託鐸匠柘
2036	濁	ime	0x2F6744	f28	濁
2037	諾	ime	0x2F6920	f28	濁諾
2038	茸	ime	0x2F7454	f28	茸丈竹岳長武
2039	凧	ime	0x2F6926	f28	凧蛸
2040	蛸	ime	0x2F6926	f28	凧蛸
2041	只	ime	0x2F7722	f28	只唯徒惟正質糾直
2042	叩	ime	0x2F6FEE	f28	称湛叩祟
2044	達	ime	0x2F6D14	f28	達質館
2045	辰	ime	0x2F7084	f28	時鴇穐辰
2046	奪	array	0x22A7B0	f18	奪力
2047	脱	ime	0x2F6938	f28	奪脱
2048	巽	ime	0x2F72A2	f28	達辰巽竜龍
2049	竪	ime	0x2F7734	f28	竪縦盾楯建館立舘
2050	辿	dialogue	0x5C0B1B	f4	流され辿り着く先を、
2051	棚	ime	0x2F6944	f28	棚店
2052	谷	array	0x093144	ARM9	谷
2054	鱈	ime	0x2F6504	f28	鱈
2055	樽	ime	0x2F6568	f28	樽
2056	誰	ime	0x2F63F0	f28	誰
2058	単	array	0x5704F4	f4	敵単体に大ダメージ
2059	嘆	ime	0x2F6AA0	f28	嘆歎
2061	担	ime	0x2F6868	f28	担
2062	探	dialogue	0x4DA1CD	f25	また最初から探さないと。
2063	旦	dialogue	0x53AA73	f25	旦那様にそうお伝えしておきます。
2064	歎	ime	0x2F6AA0	f28	嘆歎
2065	淡	ime	0x2F749A	f28	粟泡沫淡慌哀
2066	湛	ime	0x2F6FEE	f28	称湛叩祟
2067	炭	ime	0x2F7854	f28	角隅墨炭済住澄速
2068	短	array	0x22A7A8	f18	短気
2069	端	array	0x0939BC	ARM9	井端
2071	綻	dialogue	0x5AC040	f4	数年以内に破綻する。
2072	耽	ime	0x2F684C	f28	耽
2073	胆	ime	0x2F6B90	f28	肝胆
2075	誕	dialogue	0x4EE741	f25	今日が誕生日なんでしょう？
2076	鍛	dialogue	0x4DAA07	f25	鍛えてきたからな！
2077	団	dialogue	0x4DACE2	f25	プロの球団に行くとしたら、
2079	弾	ime	0x2F7192	f28	筈恥外弾
2080	断	dialogue	0x4DE437	f25	見かけで判断しちゃいけないよね。
2081	暖	dialogue	0x54785D	f25	しかも、微妙に生暖かい！
2083	段	dialogue	0x4ED1A2	f25	ちなみに普段は何やってるんだ？
2084	男	ime	0x2F74D2	f28	南楠軟難何男
2085	談	dialogue	0x4D760D	f25	実はちょっと相談があってね。
2086	値	dialogue	0x2AC982	f20	練習による経験値が加算されます。
2087	知	packed	0x2F850A	f28	よ知地弛恥智池痴稚置致蜘遅馳堵挙喪匂鹿樫得蓄頭准
2088	地	array	0x09378C	ARM9	菊地
2089	弛	ime	0x2F703E	f28	緩許赦弛
2090	恥	ime	0x2F7192	f28	筈恥外弾
2091	智	array	0x0932AC	ARM9	英智
2092	池	array	0x0936E4	ARM9	池下
2093	痴	packed	0x2F850A	f28	よ知地弛恥智池痴稚置致蜘遅馳堵挙喪匂鹿樫得蓄頭准
2094	稚	packed	0x2F850A	f28	よ知地弛恥智池痴稚置致蜘遅馳堵挙喪匂鹿樫得蓄頭准
2095	置	packed	0x2F850A	f28	よ知地弛恥智池痴稚置致蜘遅馳堵挙喪匂鹿樫得蓄頭准
2096	致	ime	0x2F72EA	f28	板痛致傷悼
2097	蜘	ime	0x2F6BD8	f28	雲蜘
2098	遅	packed	0x0A1C80	ARM9	体力／スタミナ回復が遅くなります
2099	馳	packed	0x2F850A	f28	よ知地弛恥智池痴稚置致蜘遅馳堵挙喪匂鹿樫得蓄頭准
2100	築	ime	0x2F716A	f28	傷疵創築
2101	畜	ime	0x2F7462	f28	築畜竹筑蓄逐
2102	竹	array	0x0936F4	ARM9	佐竹
2103	筑	ime	0x2F7034	f28	筑作造創
2104	蓄	ime	0x2F7462	f28	築畜竹筑蓄逐
2105	逐	ime	0x2F7462	f28	築畜竹筑蓄逐
2106	秩	ime	0x2F6998	f28	秩窒
2107	窒	ime	0x2F6998	f28	秩窒
2108	茶	ime	0x2F6648	f28	茶
2109	嫡	packed	0x134F19	f13	ヴD嫡ヒをDイべ
2110	着	dialogue	0x4DC1C4	f25	体のフタも、水着を着てれば
2111	中	array	0x09324C	ARM9	中村
2112	仲	ime	0x2F72F6	f28	中仲半莫勿
2113	宙	packed	0x2A25EC	f20	宇宙船を修理します
2114	忠	dialogue	0x51A5CF	f25	我が忠言は、我の知恵より
2115	抽	ime	0x2F6E24	f28	貫抽擢
2116	昼	ime	0x2F6F5C	f28	蒜蛭昼
2117	柱	dialogue	0x5B1924	f4	特別に「支柱」にしてやる。
2118	注	ime	0x2F728C	f28	注濯潅雪
2119	虫	ime	0x2F6EA4	f28	虫蒸寧
2124	駐	dialogue	0x57A005	f4	ペラヘブン駐屯の
2125	樗	ime	0x2F789E	f28	樗瀦猪苧著貯緒箸儲
2126	瀦	ime	0x2F789E	f28	樗瀦猪苧著貯緒箸儲
2127	猪	array	0x0945CC	ARM9	猪狩進
2128	苧	ime	0x2F789E	f28	樗瀦猪苧著貯緒箸儲
2129	著	ime	0x2F789E	f28	樗瀦猪苧著貯緒箸儲
2130	貯	ime	0x2F789E	f28	樗瀦猪苧著貯緒箸儲
2131	丁	dialogue	0x4EBBE4	f25	もう一丁！
2132	兆	dialogue	0x4E5187	f25	（・・・悪い前兆でなければ良いが。）
2134	喋	dialogue	0x54B265	f25	普通に喋れ。
2137	帳	dialogue	0x4F3660	f25	あ、ちょっと帳簿をね・・・
2138	庁	dialogue	0x5ADA06	f4	行政庁舎を占領したって？！
2140	張	ime	0x2F76C2	f28	針梁榛張貼播幡
2141	彫	ime	0x2F7016	f28	堀彫濠壕
2142	徴	dialogue	0x504273	f25	バットの特徴を聞いたから。
2143	懲	dialogue	0x503440	f25	懲りてないの？
2144	挑	ime	0x2F64F8	f28	挑
2146	朝	array	0x093374	ARM9	朝倉
2147	潮	ime	0x2F6F24	f28	潮塩汐
2149	町	ime	0x2F6A04	f28	街町
2150	眺	ime	0x2F70DE	f28	長永流眺
2151	聴	dialogue	0x502875	f25	この不審人物を事情聴取していたのです。
2152	脹	ime	0x2F7C88	f28	伏副復幅服福腹複覆含膨脹
2153	腸	ime	0x2F71E2	f28	綿腸棉渡
2155	調	array	0x0A15C0	ARM9	調子が安定します
2156	諜	dialogue	0x5AC20D	f4	いや、宇宙一の諜報機関を持つ
2157	超	dialogue	0x4E3942	f25	ついに小学生を超えたな。
2158	跳	dialogue	0x59FDAB	f4	ワクチンの価格は跳ね上がって、
2160	長	array	0x093B3C	ARM9	番長
2161	頂	dialogue	0x5009AA	f25	の山頂に、野球の試合で使ってる
2162	鳥	array	0x093764	ARM9	鳥谷
2165	直	array	0x094694	ARM9	清水直
2166	朕	ime	0x2F78B2	f28	朕沈珍賃鎮陳砧椿枕
2167	沈	ime	0x2F78B2	f28	朕沈珍賃鎮陳砧椿枕
2168	珍	ime	0x2F78B2	f28	朕沈珍賃鎮陳砧椿枕
2169	賃	ime	0x2F78B2	f28	朕沈珍賃鎮陳砧椿枕
2170	鎮	ime	0x2F78B2	f28	朕沈珍賃鎮陳砧椿枕
2171	陳	ime	0x2F78B2	f28	朕沈珍賃鎮陳砧椿枕
2172	津	array	0x093584	ARM9	高津
2173	墜	ime	0x2F7CDA	f28	墜椎槌追鎚対終遂堆費潰序啄
2174	椎	ime	0x2F66A8	f28	椎
2175	槌	ime	0x2F72BA	f28	土槌鎚壌椎
2176	追	array	0x0A18D8	ARM9	追い込んだ時に能力アップ
2177	鎚	ime	0x2F72BA	f28	土槌鎚壌椎
2178	痛	ime	0x2F69B6	f28	痛通
2179	通	ime	0x2F69B6	f28	痛通
2180	塚	array	0x093A8C	ARM9	笹塚
2181	栂	ime	0x2F6478	f28	栂
2183	槻	ime	0x2F6D2C	f28	槻月付
2184	佃	ime	0x2F76F2	f28	伝殿澱田電佃淀
2185	漬	ime	0x2F6428	f28	漬
2186	柘	ime	0x2F642C	f28	柘
2187	辻	array	0x0938AC	ARM9	辻内
2188	蔦	ime	0x2F69C8	f28	蔦伝
2189	綴	ime	0x2F69CE	f28	続綴
2190	鍔	ime	0x2F69E0	f28	鍔唾
2191	椿	array	0x0930DC	ARM9	椿
2192	潰	ime	0x2F6D3C	f28	粒潰瞑
2193	坪	array	0x09434C	ARM9	坪井
2194	壷	ime	0x2F69E6	f28	坪壷
2195	嬬	ime	0x2F7470	f28	妻爪具端嬬倹
2197	爪	ime	0x2F69EC	f28	爪冷
2198	吊	dialogue	0x51540C	f25	照明吊る環境もないし、
2199	釣	dialogue	0x4D9436	f25	この前、自分で釣った魚を
2200	鶴	array	0x093E7C	ARM9	鶴岡
2202	低	array	0x0A1600	ARM9	低めの球を打ちやすい
2203	停	dialogue	0x522933	f25	・・・停電か。
2207	呈	dialogue	0x5BCC44	f4	贈呈しましょう。
2208	堤	array	0x093134	ARM9	堤
2209	定	array	0x0A15C0	ARM9	調子が安定します
2211	底	ime	0x2F6CE0	f28	底損
2212	庭	ime	0x2F6584	f28	庭
2213	廷	dialogue	0x535B9C	f25	法廷だぞ！
2214	弟	ime	0x2F69AA	f28	出弟
2216	抵	dialogue	0x4E7704	f25	でも、大抵失敗するカニ。
2218	提	dialogue	0x50DD49	f25	ズバリ、我々の提案は
2219	梯	ime	0x2F7188	f28	箸端橋梯
2223	程	packed	0x2A25CC	f20	試合日程を見ます
2224	締	ime	0x2F73FE	f28	島縞嶋閉締
2227	諦	dialogue	0x52BD73	f25	諦めるか。
2232	釘	ime	0x2F66FC	f28	釘
2234	泥	array	0x093A14	ARM9	泥田
2235	摘	ime	0x2F78DA	f28	摘擢敵滴的笛適鏑荻
2236	擢	ime	0x2F6E24	f28	貫抽擢
2237	敵	ime	0x2F78DA	f28	摘擢敵滴的笛適鏑荻
2238	滴	ime	0x2F78DA	f28	摘擢敵滴的笛適鏑荻
2239	的	packed	0x0A1720	ARM9	積極的に振りにいきます
2240	笛	ime	0x2F6838	f28	笛
2241	適	ime	0x2F78DA	f28	摘擢敵滴的笛適鏑荻
2242	鏑	ime	0x2F78DA	f28	摘擢敵滴的笛適鏑荻
2243	溺	ime	0x2F6498	f28	溺
2244	哲	ime	0x2F7866	f28	哲徹撤轍迭鉄姪綴
2245	徹	ime	0x2F72D2	f28	十通遠透徹
2246	撤	ime	0x2F7866	f28	哲徹撤轍迭鉄姪綴
2247	轍	ime	0x2F7866	f28	哲徹撤轍迭鉄姪綴
2248	迭	ime	0x2F7866	f28	哲徹撤轍迭鉄姪綴
2249	鉄	array	0x09442C	ARM9	鉄平
2250	典	ime	0x2F7EF0	f28	典填天展店添纏甜貼転顛点添殿槙
2251	填	ime	0x2F7EF0	f28	典填天展店添纏甜貼転顛点添殿槙
2252	天	ime	0x2F6D5C	f28	飴雨天
2253	展	ime	0x2F7E70	f28	乃廼之埜野退伸乗載延展述陳飲呑
2254	店	array	0x094748	ARM9	平山店長
2255	添	ime	0x2F7EF0	f28	典填天展店添纏甜貼転顛点添殿槙
2256	纏	ime	0x2F75F2	f28	抹末沫松祭奉纏
2257	甜	ime	0x2F7EF0	f28	典填天展店添纏甜貼転顛点添殿槙
2258	貼	ime	0x2F76C2	f28	針梁榛張貼播幡
2259	転	ime	0x2F7EF0	f28	典填天展店添纏甜貼転顛点添殿槙
2260	顛	ime	0x2F7EF0	f28	典填天展店添纏甜貼転顛点添殿槙
2261	点	ime	0x2F7EF0	f28	典填天展店添纏甜貼転顛点添殿槙
2262	伝	ime	0x2F69C8	f28	蔦伝
2263	殿	ime	0x2F6600	f28	殿
2264	澱	ime	0x2F6A10	f28	淀澱
2265	田	array	0x093284	ARM9	花田
2266	電	array	0x094274	ARM9	電視
2268	吐	ime	0x2F792A	f28	怒奴濡縫抜吐脱貫塗
2269	堵	ime	0x2F712E	f28	垣柿蛎堵
2270	塗	ime	0x2F6C86	f28	見塗
2271	妬	ime	0x2F6B42	f28	妬嫉
2272	屠	ime	0x2F65B8	f28	屠
2273	徒	ime	0x2F67C0	f28	徒
2274	斗	dialogue	0x50E2DA	f25	美偉斗
2275	杜	ime	0x2F725A	f28	森盛守杜
2276	渡	array	0x0932EC	ARM9	渡　
2277	登	packed	0x0A19B4	ARM9	登板した時に盛り上がります
2279	賭	ime	0x2F6B36	f28	掛賭
2280	途	array	0x0A15F0	ARM9	途中交代されやすい
2281	都	dialogue	0x4E4C2E	f25	都会じゃなきゃ手に入らない
2283	砥	ime	0x2F6A3A	f28	伽砥
2285	努	ime	0x2F72C6	f28	勤努勉務夙
2286	度	packed	0x0A1C20	ARM9	動揺しても態度に出にくくなります
2287	土	array	0x093A84	ARM9	土居
2288	奴	ime	0x2F6914	f28	奴八
2289	怒	ime	0x2F747E	f28	努度土奴怒堵
2290	倒	ime	0x2F6690	f28	倒
2291	党	dialogue	0x4F4BB3	f25	悪党が、正義の味方よりマシとは
2292	冬	array	0x093D1C	ARM9	冬野
2293	凍	ime	0x2F67CC	f28	凍
2294	刀	dialogue	0x4DAC21	f25	（刀？！
2295	唐	dialogue	0x5401E3	f25	唐辛子パフェ
2296	塔	array	0x09472C	ARM9	後塔田
2300	島	array	0x093554	ARM9	島本
2301	嶋	array	0x093164	ARM9	嶋
2302	悼	ime	0x2F72EA	f28	板痛致傷悼
2303	投	array	0x0A11E0	ARM9	完投タイプです
2305	東	array	0x09316C	ARM9	東
2306	桃	ime	0x2F723C	f28	桃腿股百
2307	梼	ime	0x2F69BC	f28	柚梼
2308	棟	ime	0x2F71BA	f28	棟胸空虚
2309	盗	array	0x0697A6	ARM9	き盗
2311	湯	array	0x093984	ARM9	湯田
2315	当	array	0x0697A2	ARM9	き当
2318	等	ime	0x2F659C	f28	等
2319	答	ime	0x2F6EEC	f28	応堪答
2320	筒	array	0x093994	ARM9	井筒
2321	糖	array	0x06979E	ARM9	き糖
2322	統	dialogue	0x4F20E0	f25	よっ、待ってました大統領！
2323	到	packed	0x2F8482	f28	ポ廃拝排敗杯盃牌背肺輩配陶且蕾身這到昧百荳釆
2326	藤	array	0x093214	ARM9	藤井
2327	討	dialogue	0x53900D	f25	検討
2328	謄	array	0x06979A	ARM9	か謄
2329	豆	ime	0x2F6788	f28	豆
2330	踏	dialogue	0x4FDE0B	f25	車のアクセルを踏みこんだ。
2331	逃	ime	0x2F6B00	f28	苦逃
2332	透	ime	0x2F72D2	f28	十通遠透徹
2334	陶	array	0x069796	ARM9	か陶
2335	頭	array	0x093DBC	ARM9	鬼頭
2337	闘	packed	0x0A1B90	ARM9	闘志あふれる投球をするようになる
2338	働	dialogue	0x4D96C7	f25	ちょっと働いてくれないか？
2339	動	packed	0x0A1C20	ARM9	動揺しても態度に出にくくなります
2340	同	array	0x069792	ARM9	か同
2341	堂	array	0x093524	ARM9	九堂
2342	導	dialogue	0x4F9047	f25	・・・結論を誘導したのか。
2343	憧	dialogue	0x4E6956	f25	親父の背中に憧れていた。
2345	洞	ime	0x2F6640	f28	洞
2346	瞳	array	0x06978E	ARM9	お瞳
2348	胴	dialogue	0x5F16ED	f27	頭と胴の一体化に成功したのだ！
2350	道	array	0x0941AC	ARM9	大道
2351	銅	ime	0x2F7070	f28	赤垢銅緋
2353	鴇	array	0x06978A	ARM9	お鴇
2354	匿	ime	0x2F78EE	f28	特得徳匿督涜禿篤読
2355	得	ime	0x2F78EE	f28	特得徳匿督涜禿篤読
2356	徳	array	0x093F94	ARM9	徳元
2357	涜	ime	0x2F78EE	f28	特得徳匿督涜禿篤読
2358	特	ime	0x2F78EE	f28	特得徳匿督涜禿篤読
2359	督	array	0x069786	ARM9	お督
2360	禿	ime	0x2F7174	f28	禿激烈励
2361	篤	ime	0x2F7602	f28	圧斡扱暑熱厚篤
2362	毒	ime	0x2F708E	f28	毒独読獨
2363	独	ime	0x2F708E	f28	毒独読獨
2364	読	ime	0x2F708E	f28	毒独読獨
2365	栃	array	0x069782	ARM9	え栃
2366	橡	ime	0x2F6A52	f28	栃橡
2367	凸	ime	0x2F65BC	f28	凸
2368	突	ime	0x2F6D54	f28	凸突嫁
2369	椴	ime	0x2F6F84	f28	籾紅椴
2370	届	ime	0x2F6D7C	f28	届止留
2371	鳶	ime	0x2F68DC	f28	鳶
2372	苫	array	0x06977E	ARM9	え苫
2373	寅	ime	0x2F70A2	f28	寅虎捉捕
2374	酉	ime	0x2F70AC	f28	酉鳥鶏取
2375	瀞	ime	0x2F65CC	f28	瀞
2377	屯	ime	0x2F7542	f28	村斑群屯邑邨
2378	惇	array	0x06977A	ARM9	え惇
2379	敦	ime	0x2F7052	f28	鶴蔓弦敦
2381	豚	dialogue	0x4DFE8E	f25	ほほ春巻きと、豚の角煮
2382	遁	ime	0x2F6B7E	f28	逃遁
2383	頓	ime	0x2F6D8C	f28	富頓冨
2384	呑	array	0x069776	ARM9	え呑
2385	曇	ime	0x2F70B6	f28	呑曇鈍丼
2386	鈍	ime	0x2F66E0	f28	鈍
2387	奈	array	0x094514	ARM9	奈津姫
2388	那	array	0x09456C	ARM9	那須野
2389	内	array	0x093614	ARM9	内村
2390	乍	array	0x069772	ARM9	う乍
2391	凪	ime	0x2F6A9A	f28	凪薙
2392	薙	ime	0x2F6A9A	f28	凪薙
2393	謎	ime	0x2F6894	f28	謎
2394	灘	ime	0x2F6AB2	f28	灘宥
2395	捺	ime	0x2F6DB4	f28	捺夏懐
2396	鍋	array	0x093A04	ARM9	高鍋
2397	楢	array	0x06976E	ARM9	う楢
2398	馴	ime	0x2F65A4	f28	馴
2399	縄	ime	0x2F6AE2	f28	縄苗
2400	畷	packed	0x2F7ACC	f28	ニ尼弐畷煮熟葵朝爾滋逃釆
2401	南	array	0x0938D4	ARM9	南条
2402	楠	ime	0x2F74D2	f28	南楠軟難何男
2403	軟	array	0x06976A	ARM9	う軟
2404	難	ime	0x2F7356	f28	肉憎難悪宍
2405	汝	dialogue	0x51E74A	f25	「汝、なになにをしてはいかん」
2406	二	array	0x0942BC	ARM9	二岡
2407	尼	ime	0x2F7098	f28	尼天雨甘
2408	弐	ime	0x2F7278	f28	蓋双二弐
2409	迩	array	0x069766	ARM9	う迩
2410	匂	ime	0x2F6DFC	f28	臭匂香
2411	賑	ime	0x2F64F4	f28	賑
2412	肉	ime	0x2F7356	f28	肉憎難悪宍
2413	虹	ime	0x2F6470	f28	虹
2415	日	array	0x09332C	ARM9	日高
2416	乳	array	0x069762	ARM9	い乳
2417	入	packed	0x5704B8	f4	倉庫に入りません
2418	如	ime	0x2F6C14	f28	毎如
2420	韮	ime	0x2F689C	f28	韮
2421	任	ime	0x2F660C	f28	任
2422	妊	array	0x06975E	ARM9	い妊
2423	忍	ime	0x2F74E0	f28	任妊忍認人仁
2424	認	ime	0x2F6870	f28	認
2425	濡	ime	0x2F792A	f28	怒奴濡縫抜吐脱貫塗
2428	寧	array	0x06975A	ARM9	い寧
2429	葱	ime	0x2F6834	f28	葱
2430	猫	array	0x09393C	ARM9	猫柳
2431	熱	ime	0x2F6484	f28	熱
2432	年	ime	0x2F77D6	f28	年念捻撚燃粘然稔
2433	念	array	0x093E1C	ARM9	永念
2434	捻	array	0x069756	ARM9	い捻
2435	撚	ime	0x2F77D6	f28	年念捻撚燃粘然稔
2436	燃	packed	0x13D308	f13	闘志が燃えて、いろいろ有利
2437	粘	ime	0x2F68BC	f28	粘
2438	乃	ime	0x2F6A94	f28	内乃
2439	廼	ime	0x2F798E	f28	代台大第醍題岱弟醍廼
2440	之	ime	0x2F69B0	f28	雪之
2441	埜	array	0x069752	ARM9	い埜
2442	嚢	ime	0x2F77E8	f28	嚢悩濃納能脳膿農
2443	悩	ime	0x2F67FC	f28	悩
2444	濃	array	0x093E14	ARM9	信濃
2445	納	ime	0x2F7652	f28	長押抑収納治修
2446	能	array	0x0935AC	ARM9	能見
2447	脳	array	0x06974E	ARM9	あ脳
2448	膿	ime	0x2F6ACA	f28	海膿
2449	農	ime	0x2F77E8	f28	嚢悩濃納能脳膿農
2450	覗	ime	0x2F7160	f28	覗除望臨
2451	蚤	ime	0x2F6808	f28	蚤
2452	巴	array	0x093D5C	ARM9	巴川
2453	把	array	0x06974A	ARM9	あ把
2454	播	ime	0x2F76C2	f28	針梁榛張貼播幡
2455	覇	dialogue	0x144287	f13	いづマひいエマひい→モひいぽヂひいＥドひい。ドひい覇ひいと◎ひいタ↓ひいＥ＠ひいＱ↑ひいボＭひいねＰひい６ＮひいわＰひいしプひい杓ひい（ペひいォ６ひいぃゼひい波ひい❤ヂひいヤブひいリＯひいネＱひいバＱひいぜＷひいふムひいわヨひいョラひいぽヨひいヂドひい紗ひいＩゾひい
2457	波	ime	0x2F6DD4	f28	波並浪
2458	派	dialogue	0x4DDFD7	f25	この連中なら立派に商店街を
2459	琶	array	0x069746	ARM9	あ琶
2460	破	ime	0x2F6D04	f28	薮破敗
2461	婆	ime	0x2F679C	f28	婆
2462	罵	ime	0x2F7518	f28	婆罵芭馬場化
2463	芭	ime	0x2F7518	f28	婆罵芭馬場化
2464	馬	array	0x0935DC	ARM9	馬場
2465	俳	dialogue	0x51FB34	f25	小劇場の俳優で良い人材を探してるんだ。
2466	廃	array	0x069742	ARM9	あ廃
2467	拝	packed	0x2F8482	f28	ポ廃拝排敗杯盃牌背肺輩配陶且蕾身這到昧百荳釆
2468	排	packed	0x2F8482	f28	ポ廃拝排敗杯盃牌背肺輩配陶且蕾身這到昧百荳釆
2469	敗	packed	0x0A198C	ARM9	盗塁が失敗しやすくなります
2470	杯	packed	0x2F8482	f28	ポ廃拝排敗杯盃牌背肺輩配陶且蕾身這到昧百荳釆
2471	盃	packed	0x2F8482	f28	ポ廃拝排敗杯盃牌背肺輩配陶且蕾身這到昧百荳釆
2472	牌	array	0x06973E	ARM9	あ牌
2473	背	ime	0x2F797A	f28	世瀬畝背脊責攻競迫
2474	肺	packed	0x2F8482	f28	ポ廃拝排敗杯盃牌背肺輩配陶且蕾身這到昧百荳釆
2475	輩	array	0x0946FC	ARM9	先輩一
2476	配	ime	0x2F6524	f28	配
2477	倍	ime	0x2F7E90	f28	倍培媒梅楳煤狽買売賠陪唄貝吠苺
2478	培	array	0x06973A	ARM9	あ培
2479	媒	ime	0x2F7E90	f28	倍培媒梅楳煤狽買売賠陪唄貝吠苺
2480	梅	array	0x093A1C	ARM9	梅木
2481	楳	ime	0x2F7E90	f28	倍培媒梅楳煤狽買売賠陪唄貝吠苺
2482	煤	ime	0x2F6FA4	f28	煤濯雪
2483	狽	ime	0x2F7E90	f28	倍培媒梅楳煤狽買売賠陪唄貝吠苺
2484	買	packed	0x2A24B4	f20	パーツを買います
2485	売	array	0x069736	ARM9	あ売
2486	賠	ime	0x2F7E90	f28	倍培媒梅楳煤狽買売賠陪唄貝吠苺
2487	陪	ime	0x2F7E90	f28	倍培媒梅楳煤狽買売賠陪唄貝吠苺
2488	這	ime	0x2F67E8	f28	這
2489	蝿	ime	0x2F67F0	f28	蝿
2491	矧	array	0x06A6DC	ARM9	あ矧
2492	萩	array	0x0936A4	ARM9	萩原
2493	伯	array	0x093CCC	ARM9	佐伯
2494	剥	ime	0x2F7D12	f28	務夢無牟矛霧鵡武六向剥蒸生
2495	博	ime	0x2F7C20	f28	曝漠爆縛莫駁麦漠博暴幕獏
2496	拍	ime	0x2F7EB0	f28	伯剥博拍柏泊白箔粕舶薄迫栢狛珀
2497	柏	array	0x06972F	ARM9	柏
2498	泊	ime	0x2F6D84	f28	苫止泊
2499	白	array	0x09310C	ARM9	白
2500	箔	ime	0x2F7EB0	f28	伯剥博拍柏泊白箔粕舶薄迫栢狛珀
2501	粕	ime	0x2F7EB0	f28	伯剥博拍柏泊白箔粕舶薄迫栢狛珀
2502	舶	ime	0x2F7EB0	f28	伯剥博拍柏泊白箔粕舶薄迫栢狛珀
2503	薄	array	0x06972B	ARM9	薄
2504	迫	ime	0x2F6FBC	f28	狭迫逼
2505	曝	ime	0x2F720A	f28	皿更晒曝
2506	漠	ime	0x2F7C20	f28	曝漠爆縛莫駁麦漠博暴幕獏
2507	爆	ime	0x2F7C20	f28	曝漠爆縛莫駁麦漠博暴幕獏
2508	縛	array	0x22A710	f18	呪縛
2509	莫	ime	0x2F72F6	f28	中仲半莫勿
2510	駁	array	0x069727	ARM9	駁
2511	麦	ime	0x2F6840	f28	麦
2512	函	ime	0x2F6E94	f28	函箱運
2513	箱	packed	0x2A2508	f20	ナゾの箱を開けます
2515	箸	ime	0x2F7188	f28	箸端橋梯
2516	肇	array	0x069723	ARM9	肇
2517	筈	ime	0x2F7192	f28	筈恥外弾
2518	櫨	ime	0x2F66C4	f28	櫨
2519	幡	ime	0x2F76C2	f28	針梁榛張貼播幡
2520	肌	ime	0x2F6BD2	f28	肌膚
2521	畑	array	0x093DF4	ARM9	畑山
2522	畠	array	0x06971F	ARM9	畠
2523	八	array	0x0936C4	ARM9	八木
2524	鉢	ime	0x2F6BBA	f28	罰鉢
2525	溌	ime	0x2F76B2	f28	溌発醗髪初捌鉢
2526	発	array	0x22A7F8	f18	一発
2527	醗	ime	0x2F76B2	f28	溌発醗髪初捌鉢
2528	髪	ime	0x2F7392	f28	髪神紙上守
2529	伐	array	0x06971B	ARM9	伐
2530	罰	ime	0x2F6BBA	f28	罰鉢
2531	抜	ime	0x2F7534	f28	伐罰抜筏閥末
2532	筏	ime	0x2F7534	f28	伐罰抜筏閥末
2533	閥	ime	0x2F7534	f28	伐罰抜筏閥末
2534	鳩	ime	0x2F6454	f28	鳩
2535	噺	array	0x069717	ARM9	噺
2536	塙	ime	0x2F793E	f28	花華鼻端洟塙話放離
2539	伴	array	0x0938DC	ARM9	大伴
2540	判	dialogue	0x4D9925	f25	誰からのものかは判らないけど、
2541	半	array	0x069713	ARM9	半
2542	反	array	0x22AD8C	f18	打球反応○
2543	叛	ime	0x2F7020	f28	奔本翻叛
2544	帆	array	0x094174	ARM9	帆足
2545	搬	dialogue	0x5DE0F1	f4	の運搬に
2546	斑	ime	0x2F7542	f28	村斑群屯邑邨
2547	板	array	0x06970F	ARM9	板
2549	汎	dialogue	0x549994	f25	いや、これはなかなかの汎用性がある。
2550	版	dialogue	0x4E1966	f25	発売前版
2551	犯	ime	0x2F77A0	f28	岡丘陸峻阜犯侵冒
2552	班	packed	0x2F7AFC	f28	ニ魯櫓炉賂路露劉栄暮班柵
2553	畔	ime	0x2F6B18	f28	畦畔
2554	繁	array	0x06970B	ARM9	繁
2555	般	dialogue	0x504E45	f25	・・・いや、一般的に言って
2557	販	dialogue	0x4FEC68	f25	あれは水でもどして市販の
2558	範	packed	0x0A1C50	ARM9	広い範囲にヒットが出やすくなります
2559	釆	packed	0x2F7ACC	f28	ニ尼弐畷煮熟葵朝爾滋逃釆
2560	煩	ime	0x2F702A	f28	凡盆梵煩
2562	飯	array	0x094384	ARM9	飯山
2564	晩	ime	0x2F7662	f28	襲遅晩恐怖畏教
2565	番	array	0x093B3C	ARM9	番長
2566	盤	packed	0x0A1B78	ARM9	ペナント終盤に調子が落ちません
2567	磐	ime	0x2F6DAC	f28	岩巌磐
2571	卑	ime	0x2F74B6	f28	嫌否厭卑賎癒
2572	否	ime	0x2F6A88	f28	否稲
2575	彼	array	0x4D21B0	f25	彼女候補が増えます
2576	悲	dialogue	0x4F3F5F	f25	状況があんまり悲惨すぎると
2577	扉	dialogue	0x5411A0	f25	ご主人様の部屋の扉を少し開けて、
2579	披	dialogue	0x5A3D6D	f4	ああ、披露できなくて残念でやんす。
2580	斐	dialogue	0x5FF377	f27	甲斐があったというものです。
2581	比	ime	0x2F6C1A	f28	頃比
2582	泌	ime	0x2F7966	f28	弼必畢筆逼泌匹疋弼
2583	疲	dialogue	0x4D75BE	f25	疲れているんだな。
2584	皮	ime	0x2F739E	f28	川河皮革側
2586	秘	dialogue	0x4E491F	f25	秘密。
2587	緋	ime	0x2F7070	f28	赤垢銅緋
2589	肥	ime	0x2F6BF6	f28	声肥
2590	被	ime	0x2F7642	f28	大多覆被蔽蓋仰
2591	誹	ime	0x2F690C	f28	誹
2592	費	array	0x0A1690	ARM9	スタミナ消費が減ります
2593	避	dialogue	0x4D6D9E	f25	なんだか避けられたような気がするな。
2594	非	dialogue	0x4F274F	f25	非常に強いものを持っている。）
2595	飛	array	0x0A1810	ARM9	ボールに飛びつきやすくなります
2596	樋	array	0x09352C	ARM9	樋口
2598	備	array	0x0A1210	ARM9	守備要員です
2599	尾	array	0x0934F4	ARM9	松尾
2600	微	ime	0x2F7E16	f28	備尾微枇毘琵眉美鼻日媚梶毘弥
2601	枇	ime	0x2F7E16	f28	備尾微枇毘琵眉美鼻日媚梶毘弥
2602	毘	ime	0x2F7E16	f28	備尾微枇毘琵眉美鼻日媚梶毘弥
2603	琵	ime	0x2F7E16	f28	備尾微枇毘琵眉美鼻日媚梶毘弥
2604	眉	ime	0x2F7E16	f28	備尾微枇毘琵眉美鼻日媚梶毘弥
2605	美	array	0x0944DC	ARM9	美術部
2606	鼻	ime	0x2F793E	f28	花華鼻端洟塙話放離
2608	稗	ime	0x2F67DC	f28	稗
2609	匹	ime	0x2F6F1C	f28	匹疋率
2610	疋	ime	0x2F6F1C	f28	匹疋率
2611	髭	ime	0x2F66EC	f28	髭
2612	彦	ime	0x2F66F0	f28	彦
2613	膝	ime	0x2F6718	f28	膝
2614	菱	array	0x093CAC	ARM9	菱村
2615	肘	ime	0x2F6C4A	f28	肘肱
2616	弼	ime	0x2F77FA	f28	糊則法矩紀憲弼規
2617	必	ime	0x2F7966	f28	弼必畢筆逼泌匹疋弼
2618	畢	ime	0x2F7966	f28	弼必畢筆逼泌匹疋弼
2619	筆	ime	0x2F66E8	f28	筆
2620	逼	ime	0x2F6FBC	f28	狭迫逼
2621	桧	array	0x093B4C	ARM9	桧山
2622	姫	array	0x094514	ARM9	奈津姫
2623	媛	ime	0x2F6C74	f28	姫媛
2624	紐	ime	0x2F6714	f28	紐
2625	百	ime	0x2F723C	f28	桃腿股百
2627	俵	dialogue	0x604C67	f27	生俵
2628	彪	ime	0x2F7612	f28	絢綾文彩彪怪妖
2629	標	dialogue	0x57CC58	f4	標的は爆散しました。
2630	氷	dialogue	0x5500D6	f25	氷河期に飛んでみる？
2631	漂	dialogue	0x5DD803	f4	かけ離れた雰囲気が漂っているな。
2632	瓢	ime	0x2F6C44	f28	瓢久
2633	票	dialogue	0x52EB71	f25	あれだけの注文を伝票を見ずに全部言い
2634	表	dialogue	0x4E58A4	f25	表向きは日本視察のついでだがね。
2635	評	dialogue	0x4ED175	f25	お客さんの度肝を抜いて大好評なのさ。
2638	描	dialogue	0x4EE8DA	f25	君が描いた絵だな。
2639	病	ime	0x2F6932	f28	闇病
2640	秒	dialogue	0x5AEA85	f4	私の脱出後、３秒後にこの船を
2641	苗	ime	0x2F63F8	f28	苗
2644	蒜	ime	0x2F6F5C	f28	蒜蛭昼
2645	蛭	ime	0x2F6F5C	f28	蒜蛭昼
2646	鰭	ime	0x2F6824	f28	鰭
2647	品	array	0x093CE4	ARM9	品川
2648	彬	ime	0x2F7C54	f28	品彬斌浜瀕貧賓頻瓶斌牝濱
2649	斌	ime	0x2F7C54	f28	品彬斌浜瀕貧賓頻瓶斌牝濱
2650	浜	array	0x0932B4	ARM9	浜沢
2651	瀕	ime	0x2F7C54	f28	品彬斌浜瀕貧賓頻瓶斌牝濱
2652	貧	ime	0x2F69F8	f28	拙貧
2653	賓	ime	0x2F7C54	f28	品彬斌浜瀕貧賓頻瓶斌牝濱
2654	頻	ime	0x2F76E2	f28	式識頻敷色織鋪
2655	敏	ime	0x2F7232	f28	敏瓶便貧
2656	瓶	ime	0x2F6B60	f28	亀瓶
2657	不	array	0x0A1860	ARM9	調子が不安定になります
2658	付	ime	0x2F6D2C	f28	槻月付
2660	夫	ime	0x2F726E	f28	封楓風夫
2661	婦	dialogue	0x54AD31	f25	それ家政婦。
2662	富	array	0x093AB4	ARM9	富田
2663	冨	ime	0x2F6D8C	f28	富頓冨
2664	布	array	0x094564	ARM9	布具里
2665	府	dialogue	0x57C1E5	f4	政府が買い取ってくれる。
2666	怖	ime	0x2F73E6	f28	恐怖強声壊
2668	敷	ime	0x2F76E2	f28	式識頻敷色織鋪
2669	斧	ime	0x2F656C	f28	斧
2670	普	dialogue	0x4DD5A8	f25	ま、きわめて普通のチームだな。
2671	浮	ime	0x2F6710	f28	浮
2672	父	ime	0x2F6AA6	f28	父乳
2674	腐	ime	0x2F6F7C	f28	草臭腐
2675	膚	ime	0x2F6BD2	f28	肌膚
2678	負	array	0x13D034	f13	２ストライクからが勝負
2681	阜	ime	0x2F77A0	f28	岡丘陸峻阜犯侵冒
2683	侮	ime	0x2F7C6E	f28	侮撫武舞葡蕪部分歩無悔打
2684	撫	ime	0x2F7C6E	f28	侮撫武舞葡蕪部分歩無悔打
2685	武	array	0x09400C	ARM9	武田
2686	舞	ime	0x2F7758	f28	埋妹昧枚毎舞米参
2687	葡	ime	0x2F7C6E	f28	侮撫武舞葡蕪部分歩無悔打
2688	蕪	ime	0x2F7C6E	f28	侮撫武舞葡蕪部分歩無悔打
2689	部	array	0x093974	ARM9	阿部
2690	封	ime	0x2F726E	f28	封楓風夫
2691	楓	ime	0x2F726E	f28	封楓風夫
2692	風	ime	0x2F6400	f28	風
2693	葺	ime	0x2F6CB0	f28	葺蕗
2694	蕗	ime	0x2F6CB0	f28	葺蕗
2695	伏	ime	0x2F7C88	f28	伏副復幅服福腹複覆含膨脹
2696	副	ime	0x2F7C88	f28	伏副復幅服福腹複覆含膨脹
2697	復	packed	0x0A1C68	ARM9	体力／スタミナ回復が早くなります
2698	幅	ime	0x2F6ECC	f28	幅巾阻
2699	服	array	0x09473C	ARM9	服部先生
2700	福	array	0x0932A4	ARM9	福留
2701	腹	ime	0x2F73CE	f28	原腹胎払掃
2702	複	ime	0x2F7C88	f28	伏副復幅服福腹複覆含膨脹
2703	覆	ime	0x2F7642	f28	大多覆被蔽蓋仰
2704	淵	ime	0x2F6FC4	f28	淵縁渕
2705	弗	ime	0x2F6488	f28	弗
2706	払	ime	0x2F73CE	f28	原腹胎払掃
2707	沸	ime	0x2F7422	f28	弗払沸仏佇
2708	仏	ime	0x2F7282	f28	物仏勿佇
2709	物	ime	0x2F6598	f28	物
2710	鮒	ime	0x2F6FCC	f28	鮒船舟
2711	分	ime	0x2F6EAC	f28	若分別
2712	吻	ime	0x2F7BEC	f28	分吻噴墳憤扮焚奮粉糞紛雰
2713	噴	ime	0x2F7BEC	f28	分吻噴墳憤扮焚奮粉糞紛雰
2714	墳	ime	0x2F7BEC	f28	分吻噴墳憤扮焚奮粉糞紛雰
2715	憤	ime	0x2F7BEC	f28	分吻噴墳憤扮焚奮粉糞紛雰
2716	扮	ime	0x2F7BEC	f28	分吻噴墳憤扮焚奮粉糞紛雰
2717	焚	ime	0x2F7BEC	f28	分吻噴墳憤扮焚奮粉糞紛雰
2718	奮	ime	0x2F7446	f28	震古奮旧揮振
2719	粉	ime	0x2F6770	f28	粉
2720	糞	ime	0x2F6644	f28	糞
2721	紛	ime	0x2F6604	f28	紛
2722	雰	ime	0x2F750A	f28	桐霧錐雰限切
2723	文	ime	0x2F6CEC	f28	文史
2724	聞	ime	0x2F6FE4	f28	文聞分蚊
2725	丙	ime	0x2F7F32	f28	平丙併兵塀幣弊柄並蔽閉陛坪瓶箆餅
2726	併	ime	0x2F7F32	f28	平丙併兵塀幣弊柄並蔽閉陛坪瓶箆餅
2727	兵	ime	0x2F7F32	f28	平丙併兵塀幣弊柄並蔽閉陛坪瓶箆餅
2728	塀	ime	0x2F7F32	f28	平丙併兵塀幣弊柄並蔽閉陛坪瓶箆餅
2729	幣	ime	0x2F64AC	f28	幣
2730	平	array	0x0933CC	ARM9	平井
2731	弊	ime	0x2F7F32	f28	平丙併兵塀幣弊柄並蔽閉陛坪瓶箆餅
2732	柄	ime	0x2F7F32	f28	平丙併兵塀幣弊柄並蔽閉陛坪瓶箆餅
2733	並	array	0x09384C	ARM9	並木
2734	蔽	ime	0x2F7642	f28	大多覆被蔽蓋仰
2735	閉	ime	0x2F73FE	f28	島縞嶋閉締
2736	陛	ime	0x2F7F32	f28	平丙併兵塀幣弊柄並蔽閉陛坪瓶箆餅
2737	米	array	0x09355C	ARM9	米野
2739	僻	ime	0x2F72AE	f28	僻壁癖碧璧
2740	壁	ime	0x2F6C7A	f28	壁樺
2741	癖	ime	0x2F66BC	f28	癖
2742	碧	ime	0x2F72AE	f28	僻壁癖碧璧
2743	別	ime	0x2F6EAC	f28	若分別
2744	瞥	ime	0x2F6FF8	f28	別瞥蔑捌
2745	蔑	ime	0x2F6FF8	f28	別瞥蔑捌
2746	箆	ime	0x2F64FC	f28	箆
2747	偏	ime	0x2F7746	f28	偏変片篇編辺返遍
2748	変	array	0x0A1874	ARM9	変化球のキレが良くなります
2749	片	array	0x09346C	ARM9	片山
2750	篇	ime	0x2F7746	f28	偏変片篇編辺返遍
2751	編	ime	0x2F6A1C	f28	網編
2752	辺	array	0x0939E4	ARM9	渡辺
2753	返	array	0x0A16E0	ARM9	返球が上手くなります
2754	遍	ime	0x2F75C2	f28	便勉娩弁鞭遍采
2755	便	ime	0x2F6968	f28	頼便
2756	勉	ime	0x2F72C6	f28	勤努勉務夙
2757	娩	ime	0x2F75C2	f28	便勉娩弁鞭遍采
2758	弁	ime	0x2F75C2	f28	便勉娩弁鞭遍采
2759	鞭	ime	0x2F685C	f28	鞭
2760	保	array	0x093274	ARM9	久保
2761	舗	dialogue	0x50DDD8	f25	駅の前に大型のビル店舗を作るから
2762	鋪	ime	0x2F76E2	f28	式識頻敷色織鋪
2764	捕	ime	0x2F70A2	f28	寅虎捉捕
2765	歩	ime	0x2F69FE	f28	或歩
2767	補	packed	0x47FD6A	f10	ジＴき補ヴ
2768	輔	ime	0x2F6F9C	f28	介助輔
2769	穂	array	0x093C3C	ARM9	秋穂
2770	募	ime	0x2F6A0A	f28	角募
2771	墓	ime	0x2F7692	f28	墓計測量謀図諮
2772	慕	ime	0x2F6F2C	f28	下舌慕
2773	戊	ime	0x2F7C06	f28	募墓慕戊暮母簿菩歩姥牡模
2774	暮	ime	0x2F6BEA	f28	呉暮
2775	母	ime	0x2F67A4	f28	母
2776	簿	ime	0x2F7C06	f28	募墓慕戊暮母簿菩歩姥牡模
2777	菩	ime	0x2F7C06	f28	募墓慕戊暮母簿菩歩姥牡模
2778	倣	ime	0x2F7332	f28	楢習倣並慣
2779	俸	dialogue	0x5AE7D5	f4	・・・減俸を覚悟なさい。
2780	包	ime	0x2F6D34	f28	筒銃包
2781	呆	ime	0x2F707A	f28	秋明空呆
2782	報	ime	0x2F6E84	f28	椋報酬
2783	奉	array	0x093B04	ARM9	奉仕
2784	宝	dialogue	0x4FB3D7	f25	の謎の財宝の情報に、
2785	峰	ime	0x2F6DF4	f28	峰嶺峯
2786	峯	ime	0x2F6DF4	f28	峰嶺峯
2787	崩	ime	0x2F6CD4	f28	屑崩
2789	抱	ime	0x2F6D9C	f28	抱擁懐
2791	放	ime	0x2F793E	f28	花華鼻端洟塙話放離
2792	方	array	0x0936B4	ARM9	緒方
2793	朋	ime	0x2F74A8	f28	智共供友伴朋
2794	法	ime	0x2F77FA	f28	糊則法矩紀憲弼規
2795	泡	ime	0x2F749A	f28	粟泡沫淡慌哀
2797	砲	dialogue	0x4F662E	f25	頭が２つに割れて、バルカン砲が
2798	縫	ime	0x2F792A	f28	怒奴濡縫抜吐脱貫塗
2799	胞	dialogue	0x51255C	f25	実在する人間の脳細胞パターンを
2801	萌	ime	0x2F7E34	f28	摸模茂喪藻裳母燃萌若以漏洩盛
2803	蜂	ime	0x2F6EB4	f28	八鉢蜂
2804	褒	dialogue	0x5C144E	f4	ご褒美です。
2805	訪	ime	0x2F6D0C	f28	尋訪訊
2806	豊	array	0x0942F4	ARM9	豊田
2807	邦	ime	0x2F719C	f28	国邦郁那
2808	鋒	ime	0x2F700C	f28	矛鉾鋒誇
2809	飽	dialogue	0x4D95E2	f25	僕、もうそれに飽きちゃったんだ。
2812	乏	ime	0x2F6A5E	f28	乏欠
2813	亡	ime	0x2F6D24	f28	幌滅亡
2814	傍	ime	0x2F6CFE	f28	側傍
2815	剖	packed	0x3D1EDC	f6	ヴ剖
2816	坊	dialogue	0x4DA6D1	f25	風来坊さん、お金あるの？
2817	妨	packed	0x0A1BA8	ARM9	一塁走者がダブルプレーを妨害
2818	帽	dialogue	0x4F8713	f25	の帽子をかぶった小学生？
2819	忘	ime	0x2F6780	f28	忘
2820	忙	ime	0x2F66F8	f28	忙
2821	房	ime	0x2F7416	f28	房総絃惣塞
2822	暴	ime	0x2F7C20	f28	曝漠爆縛莫駁麦漠博暴幕獏
2823	望	ime	0x2F7160	f28	覗除望臨
2824	某	dialogue	0x5DF93F	f4	某国のヒットマンだったらしいぜ。
2825	棒	dialogue	0x4E0188	f25	ただの泥棒犬かと思ってた。
2826	冒	ime	0x2F77A0	f28	岡丘陸峻阜犯侵冒
2829	膨	ime	0x2F7C88	f28	伏副復幅服福腹複覆含膨脹
2830	謀	ime	0x2F7692	f28	墓計測量謀図諮
2831	貌	dialogue	0x5C559B	f4	私の美貌でなんとかしましょう。
2832	貿	packed	0x2A24A8	f20	貿易をします
2833	鉾	ime	0x2F700C	f28	矛鉾鋒誇
2834	防	ime	0x2F6CC2	f28	防禦
2835	吠	ime	0x2F7E90	f28	倍培媒梅楳煤狽買売賠陪唄貝吠苺
2836	頬	ime	0x2F697A	f28	頬朴
2837	北	array	0x09356C	ARM9	大北
2838	僕	ime	0x2F79A4	f28	僕卜墨撲朴牧睦木北穆
2839	卜	ime	0x2F79A4	f28	僕卜墨撲朴牧睦木北穆
2840	墨	ime	0x2F7854	f28	角隅墨炭済住澄速
2841	撲	ime	0x2F79A4	f28	僕卜墨撲朴牧睦木北穆
2842	朴	ime	0x2F697A	f28	頬朴
2843	牧	array	0x093244	ARM9	牧野
2844	睦	ime	0x2F6884	f28	睦
2845	穆	ime	0x2F79A4	f28	僕卜墨撲朴牧睦木北穆
2847	勃	ime	0x2F6992	f28	勃没
2848	没	ime	0x2F6992	f28	勃没
2850	堀	array	0x093148	ARM9	堀
2851	幌	ime	0x2F6D24	f28	幌滅亡
2852	奔	ime	0x2F7020	f28	奔本翻叛
2853	本	array	0x0931EC	ARM9	河本
2854	翻	ime	0x2F7020	f28	奔本翻叛
2855	凡	array	0x0930E8	ARM9	凡
2856	盆	ime	0x2F702A	f28	凡盆梵煩
2858	摩	ime	0x2F7F98	f28	摩磨魔麻真間馬負撒捲巻蒔播曲混交雑
2859	磨	ime	0x2F6AB8	f28	磨研
2860	魔	ime	0x2F7F98	f28	摩磨魔麻真間馬負撒捲巻蒔播曲混交雑
2861	麻	ime	0x2F6E2C	f28	朝麻浅
2862	埋	ime	0x2F6ABE	f28	渦埋
2863	妹	ime	0x2F7758	f28	埋妹昧枚毎舞米参
2864	昧	ime	0x2F7758	f28	埋妹昧枚毎舞米参
2865	枚	ime	0x2F7758	f28	埋妹昧枚毎舞米参
2866	毎	ime	0x2F6C14	f28	毎如
2868	槙	ime	0x2F705C	f28	牧槙巻薪
2869	幕	ime	0x2F69F2	f28	幕膜
2870	膜	ime	0x2F69F2	f28	幕膜
2871	枕	ime	0x2F78B2	f28	朕沈珍賃鎮陳砧椿枕
2873	柾	ime	0x2F78C6	f28	柾雅昌正允匡間当将
2874	鱒	ime	0x2F7066	f28	鱒桝升益
2875	桝	ime	0x2F7066	f28	鱒桝升益
2876	亦	ime	0x2F75E2	f28	亦俣又股復叉跨
2877	俣	ime	0x2F75E2	f28	亦俣又股復叉跨
2878	又	ime	0x2F75E2	f28	亦俣又股復叉跨
2879	抹	ime	0x2F75F2	f28	抹末沫松祭奉纏
2880	末	array	0x093394	ARM9	末永
2881	沫	ime	0x2F749A	f28	粟泡沫淡慌哀
2882	迄	ime	0x2F6668	f28	迄
2883	侭	ime	0x2F680C	f28	侭
2885	麿	ime	0x2F6444	f28	麿
2886	万	array	0x093E24	ARM9	万浪
2887	慢	ime	0x2F7916	f28	万慢満漫蔓鰻幡萬饅
2888	満	array	0x0A1590	ARM9	満塁に強くなります
2889	漫	array	0x093C74	ARM9	漫研
2890	蔓	ime	0x2F7052	f28	鶴蔓弦敦
2891	味	ime	0x2F6BA8	f28	鯵味
2892	未	dialogue	0x4F177C	f25	でも自分の未来を考えると
2893	魅	dialogue	0x52237F	f25	何倍も魅力的よ。
2895	箕	ime	0x2F6BAE	f28	蓑箕
2897	密	ime	0x2F734A	f28	密蜜褌充光
2898	蜜	ime	0x2F734A	f28	密蜜褌充光
2900	蓑	ime	0x2F6BAE	f28	蓑箕
2901	稔	ime	0x2F77D6	f28	年念捻撚燃粘然稔
2903	妙	ime	0x2F6678	f28	妙
2905	民	ime	0x2F6500	f28	民
2906	眠	ime	0x2F64D0	f28	眠
2907	務	ime	0x2F72C6	f28	勤努勉務夙
2908	夢	ime	0x2F6620	f28	夢
2909	無	ime	0x2F6AAC	f28	無梨
2910	牟	ime	0x2F7D12	f28	務夢無牟矛霧鵡武六向剥蒸生
2911	矛	ime	0x2F700C	f28	矛鉾鋒誇
2912	霧	ime	0x2F750A	f28	桐霧錐雰限切
2913	鵡	ime	0x2F7D12	f28	務夢無牟矛霧鵡武六向剥蒸生
2914	椋	ime	0x2F6E84	f28	椋報酬
2915	婿	ime	0x2F64CC	f28	婿
2916	娘	dialogue	0x4DE5DA	f25	娘さんのこと、吹っ切れたんですかね。
2917	冥	dialogue	0x5B1F3E	f4	冥途の土産に教えてあげても
2918	名	dialogue	0x4DD54A	f25	強そうな名前だけど、
2919	命	dialogue	0x4E1C9A	f25	ということは、寿命タイマーは？
2920	明	ime	0x2F6B84	f28	朱明
2921	盟	dialogue	0x5ABAED	f4	秘密同盟なのですから。
2922	迷	packed	0x2A9FC1	f20	ヴルラ迷ぴコいムポタタエぜが６ぜキヴゼセソのなす
2923	銘	array	0x0931F4	ARM9	有銘
2924	鳴	ime	0x2F733E	f28	也形成鳴哉
2925	姪	ime	0x2F7866	f28	哲徹撤轍迭鉄姪綴
2926	牝	ime	0x2F6C26	f28	牝雌
2927	滅	ime	0x2F67C4	f28	滅
2928	免	ime	0x2F756C	f28	免棉綿緬面麺
2929	棉	ime	0x2F71E2	f28	綿腸棉渡
2930	綿	ime	0x2F71E2	f28	綿腸棉渡
2931	緬	ime	0x2F756C	f28	免棉綿緬面麺
2932	面	ime	0x2F7048	f28	辛面連列
2933	麺	ime	0x2F756C	f28	免棉綿緬面麺
2934	摸	ime	0x2F7E34	f28	摸模茂喪藻裳母燃萌若以漏洩盛
2935	模	ime	0x2F7C06	f28	募墓慕戊暮母簿菩歩姥牡模
2936	茂	array	0x093C8C	ARM9	茂宮
2937	妄	ime	0x2F70F2	f28	乱淫猥妄
2938	孟	ime	0x2F7ED0	f28	妄孟毛猛盲網耗蒙儲亡望設儲申詣
2939	毛	ime	0x2F7D2E	f28	卦袈祁毛家気怪仮華慧怪消蹴
2940	猛	ime	0x2F7ED0	f28	妄孟毛猛盲網耗蒙儲亡望設儲申詣
2941	盲	ime	0x2F7ED0	f28	妄孟毛猛盲網耗蒙儲亡望設儲申詣
2942	網	ime	0x2F6A1C	f28	網編
2943	耗	ime	0x2F7ED0	f28	妄孟毛猛盲網耗蒙儲亡望設儲申詣
2944	蒙	ime	0x2F7ED0	f28	妄孟毛猛盲網耗蒙儲亡望設儲申詣
2945	儲	ime	0x2F789E	f28	樗瀦猪苧著貯緒箸儲
2946	木	array	0x09323C	ARM9	木岡
2947	黙	ime	0x2F6530	f28	黙
2948	目	ime	0x2F7228	f28	木黙目杢
2949	杢	ime	0x2F7228	f28	木黙目杢
2950	勿	ime	0x2F6F74	f28	勿餅用
2951	餅	ime	0x2F6F74	f28	勿餅用
2953	戻	packed	0x2A2460	f20	戻ります
2954	籾	ime	0x2F6F84	f28	籾紅椴
2955	貰	ime	0x2F6410	f28	貰
2956	問	ime	0x2F6CDA	f28	問樋
2957	悶	ime	0x2F682C	f28	悶
2958	紋	ime	0x2F7712	f28	問悶紋門文者聞
2959	門	array	0x09348C	ARM9	門倉
2961	也	ime	0x2F733E	f28	也形成鳴哉
2962	冶	packed	0x2F84DC	f28	ゼ冶夜爺耶野弥矢妖家恩元漬屯裾痛漆遷辞紙傍及准
2963	夜	array	0x0946D4	ARM9	夜羽根
2964	爺	ime	0x2F65DC	f28	爺
2965	耶	packed	0x2F84DC	f28	ゼ冶夜爺耶野弥矢妖家恩元漬屯裾痛漆遷辞紙傍及准
2966	野	array	0x093244	ARM9	牧野
2967	弥	ime	0x2F7E16	f28	備尾微枇毘琵眉美鼻日媚梶毘弥
2968	矢	array	0x0936BC	ARM9	矢野
2969	厄	ime	0x2F75A4	f28	厄役約薬訳躍
2970	役	ime	0x2F75A4	f28	厄役約薬訳躍
2971	約	array	0x093ADC	ARM9	契約
2972	薬	ime	0x2F75A4	f28	厄役約薬訳躍
2973	訳	ime	0x2F67A0	f28	訳
2974	躍	ime	0x2F711A	f28	脅威踊躍
2975	靖	ime	0x2F743A	f28	安靖康易休
2976	柳	array	0x0933AC	ARM9	下柳
2977	薮	array	0x094094	ARM9	薮田
2978	鑓	ime	0x2F693E	f28	槍鑓
2979	愉	ime	0x2F7CBE	f28	愉愈油癒諭輸湯柚結逝行茹揺
2980	愈	ime	0x2F7CBE	f28	愉愈油癒諭輸湯柚結逝行茹揺
2981	油	ime	0x2F7CBE	f28	愉愈油癒諭輸湯柚結逝行茹揺
2982	癒	ime	0x2F74B6	f28	嫌否厭卑賎癒
2983	諭	ime	0x2F755E	f28	里郷聡智敏諭
2984	輸	ime	0x2F7CBE	f28	愉愈油癒諭輸湯柚結逝行茹揺
2985	唯	ime	0x2F699E	f28	唯遺
2987	優	ime	0x2F6CF2	f28	優易
2988	勇	dialogue	0x4EB9D7	f25	どうか、このアルプス星人の勇姿を
2989	友	ime	0x2F74A8	f28	智共供友伴朋
2990	宥	ime	0x2F6AB2	f28	灘宥
2991	幽	dialogue	0x4E3545	f25	あそこ、幽霊が出るのよ。
2993	憂	ime	0x2F6D94	f28	愁憂嬉
2995	有	array	0x0931F4	ARM9	有銘
2996	柚	ime	0x2F69BC	f28	柚梼
2997	湧	dialogue	0x55A8BE	f25	やる気が湧いて来ますな。
2998	涌	array	0x094194	ARM9	涌井
2999	猶	ime	0x2F70D4	f28	尚猶直治
3001	由	array	0x09464C	ARM9	高橋由
3002	祐	ime	0x2F7C3A	f28	広寛宏尋弘洪紘博浩宥祐拾
3003	裕	array	0x09453C	ARM9	伊藤裕
3004	誘	ime	0x2F64A0	f28	誘
3005	遊	ime	0x2F686C	f28	遊
3006	邑	ime	0x2F7542	f28	村斑群屯邑邨
3008	雄	ime	0x2F6B96	f28	牡雄
3009	融	dialogue	0x4F8F69	f25	金融商品も奇怪なものと為り果てた。
3010	夕	dialogue	0x4DE22F	f25	はいはい、すぐに夕食にしましょうね。
3011	予	dialogue	0x4E1A43	f25	発売予定です！
3012	余	dialogue	0x4DF62C	f25	余計に腹が減ったじゃないか・・・
3013	与	array	0x0A1900	ARM9	相手に威圧感を与えます
3014	誉	dialogue	0x5307BC	f25	誉めて。
3016	預	ime	0x2F6784	f28	預
3017	傭	dialogue	0x576BCC	f4	・・・傭兵をなめるな！
3018	幼	dialogue	0x4F7BDE	f25	まさか、カブトムシの幼虫とか
3019	妖	ime	0x2F7612	f28	絢綾文彩彪怪妖
3020	容	dialogue	0x508B86	f25	内容は面白かったよ。
3022	揚	dialogue	0x4DFE4C	f25	ひひから揚げと、マカロニサラダ
3023	揺	packed	0x0A1C20	ARM9	動揺しても態度に出にくくなります
3024	擁	ime	0x2F6D9C	f28	抱擁懐
3025	曜	dialogue	0x4DD4FD	f25	来週の土曜日、
3027	様	ime	0x2F6820	f28	様
3028	洋	array	0x093F4C	ARM9	東洋
3029	溶	dialogue	0x4E2BC5	f25	いつのまにかチームに溶け込んでる。
3031	用	array	0x0A15A0	ARM9	強振を多用します
3032	窯	ime	0x2F7142	f28	釜鎌窯缶
3035	葉	array	0x0938A4	ARM9	千葉
3037	要	array	0x0A1204	ARM9	代走要員です
3039	踊	ime	0x2F711A	f28	脅威踊躍
3040	遥	dialogue	0x531FE9	f25	遥か向こうに微かな道が見えた時には
3041	陽	dialogue	0x5A725F	f4	太陽光線がさえぎられて
3042	養	dialogue	0x4D946C	f25	そんなことじゃ栄養が偏りますよ。
3043	慾	ime	0x2F75D2	f28	慾抑欲沃浴翌翼
3044	抑	ime	0x2F75D2	f28	慾抑欲沃浴翌翼
3045	欲	ime	0x2F75D2	f28	慾抑欲沃浴翌翼
3046	沃	ime	0x2F75D2	f28	慾抑欲沃浴翌翼
3047	浴	ime	0x2F75D2	f28	慾抑欲沃浴翌翼
3048	翌	ime	0x2F75D2	f28	慾抑欲沃浴翌翼
3049	翼	ime	0x2F75D2	f28	慾抑欲沃浴翌翼
3050	淀	ime	0x2F6A10	f28	淀澱
3051	羅	ime	0x2F7302	f28	羅螺裸等良
3052	螺	ime	0x2F7302	f28	羅螺裸等良
3053	裸	ime	0x2F7302	f28	羅螺裸等良
3054	来	ime	0x2F731A	f28	来莱頼雷瀬
3055	莱	ime	0x2F731A	f28	来莱頼雷瀬
3056	頼	ime	0x2F6956	f28	楽頼
3057	雷	ime	0x2F731A	f28	来莱頼雷瀬
3058	洛	ime	0x2F74C4	f28	洛絡落酪楽烙
3059	絡	ime	0x2F74C4	f28	洛絡落酪楽烙
3060	落	array	0x093404	ARM9	落田
3061	酪	ime	0x2F74C4	f28	洛絡落酪楽烙
3062	乱	ime	0x2F70F2	f28	乱淫猥妄
3063	卵	ime	0x2F777C	f28	乱卵嵐欄濫藍蘭覧
3064	嵐	ime	0x2F777C	f28	乱卵嵐欄濫藍蘭覧
3065	欄	ime	0x2F777C	f28	乱卵嵐欄濫藍蘭覧
3066	濫	ime	0x2F777C	f28	乱卵嵐欄濫藍蘭覧
3067	藍	ime	0x2F748C	f28	青蒼藍仰扇煽
3068	蘭	ime	0x2F777C	f28	乱卵嵐欄濫藍蘭覧
3069	覧	ime	0x2F777C	f28	乱卵嵐欄濫藍蘭覧
3070	利	array	0x0946EC	ARM9	利根川
3071	吏	packed	0x3C051E	f6	吏妹洛洛洛洛洛洛ぁぁぁぁ
3073	李	array	0x093150	ARM9	李
3074	梨	ime	0x2F6AAC	f28	無梨
3075	理	packed	0x2A25EC	f20	宇宙船を修理します
3078	裏	ime	0x2F6AD0	f28	浦裏
3080	里	array	0x094074	ARM9	里崎
3081	離	ime	0x2F793E	f28	花華鼻端洟塙話放離
3082	陸	array	0x0944CC	ARM9	陸上部
3083	律	ime	0x2F7110	f28	律率立葎
3084	率	array	0x093AEC	ARM9	能率
3085	立	array	0x09326C	ARM9	立花
3086	葎	ime	0x2F7110	f28	律率立葎
3088	略	ime	0x2F69A4	f28	粗略
3089	劉	packed	0x2F7AFC	f28	ニ魯櫓炉賂路露劉栄暮班柵
3090	流	array	0x0A1838	ARM9	流し打ちが上手くなります
3091	溜	ime	0x2F7002	f28	為溜試験
3092	琉	ime	0x2F74EE	f28	瑠屡流琉留婁
3093	留	array	0x0932A4	ARM9	福留
3095	粒	ime	0x2F6D3C	f28	粒潰瞑
3096	隆	ime	0x2F75B2	f28	鷹高尭嵩貴隆昂
3097	竜	ime	0x2F72A2	f28	達辰巽竜龍
3098	龍	ime	0x2F72A2	f28	達辰巽竜龍
3099	侶	ime	0x2F736E	f28	侶慮旅虜呂
3100	慮	ime	0x2F736E	f28	侶慮旅虜呂
3101	旅	ime	0x2F6962	f28	旅度
3102	虜	ime	0x2F736E	f28	侶慮旅虜呂
3103	了	packed	0x2A25C2	f20	終了します
3106	両	dialogue	0x4E303F	f25	じゃ、ご両親は？
3107	凌	ime	0x2F6F3C	f28	篠凌陵
3109	料	array	0x5704C4	f4	乗り物用の燃料
3110	梁	ime	0x2F76C2	f28	針梁榛張貼播幡
3113	療	dialogue	0x4F1F07	f25	治療させてもらえなかった。
3116	糧	ime	0x2F6414	f28	糧
3117	良	array	0x0A15D0	ARM9	テンポ良く投球します
3120	量	ime	0x2F7692	f28	墓計測量謀図諮
3121	陵	ime	0x2F6F3C	f28	篠凌陵
3122	領	dialogue	0x4F20E0	f25	よっ、待ってました大統領！
3123	力	array	0x0A18D8	ARM9	追い込んだ時に能力アップ
3124	緑	dialogue	0x516F5B	f25	カードの下に出ている緑のメーターだ。
3125	倫	ime	0x2F7D9E	f28	林倫厘淋燐琳臨輪隣鱗麟鈴凛輪
3126	厘	ime	0x2F7D9E	f28	林倫厘淋燐琳臨輪隣鱗麟鈴凛輪
3127	林	array	0x0930E4	ARM9	林
3128	淋	ime	0x2F6F14	f28	錆寂淋
3129	燐	ime	0x2F7D9E	f28	林倫厘淋燐琳臨輪隣鱗麟鈴凛輪
3130	琳	ime	0x2F7D9E	f28	林倫厘淋燐琳臨輪隣鱗麟鈴凛輪
3131	臨	ime	0x2F7160	f28	覗除望臨
3132	輪	ime	0x2F7D9E	f28	林倫厘淋燐琳臨輪隣鱗麟鈴凛輪
3133	隣	ime	0x2F7D9E	f28	林倫厘淋燐琳臨輪隣鱗麟鈴凛輪
3134	鱗	ime	0x2F6C02	f28	苔鱗
3135	麟	ime	0x2F7D9E	f28	林倫厘淋燐琳臨輪隣鱗麟鈴凛輪
3136	瑠	ime	0x2F74EE	f28	瑠屡流琉留婁
3137	塁	array	0x0A1570	ARM9	あまり盗塁をしません
3138	涙	ime	0x2F7138	f28	塁涙累類
3139	累	ime	0x2F7138	f28	塁涙累類
3140	類	ime	0x2F7138	f28	塁涙累類
3141	令	dialogue	0x52530D	f25	これは演出の命令よ。
3143	例	ime	0x2F6554	f28	例
3144	冷	ime	0x2F69EC	f28	爪冷
3145	励	ime	0x2F7174	f28	禿激烈励
3146	嶺	ime	0x2F6DF4	f28	峰嶺峯
3148	玲	packed	0x4801CF	f10	ぜ玲猫蒋。ＳしＮまあ
3149	礼	dialogue	0x4D9A49	f25	ど、どうも失礼しました。
3151	鈴	array	0x09335C	ARM9	鈴木
3152	隷	dialogue	0x587990	f4	ビンボー人は奴隷みたいだとか。
3154	霊	ime	0x2F788A	f28	弾珠玉球魂霊偶給賜
3155	麗	dialogue	0x4D834E	f25	まあ、兄貴の分まで、オレが華麗に
3156	齢	dialogue	0x5124CC	f25	本当の年齢は９歳だよ。
3157	暦	ime	0x2F6B5A	f28	暦歴
3158	歴	ime	0x2F6B5A	f28	暦歴
3159	列	ime	0x2F7048	f28	辛面連列
3160	劣	ime	0x2F6F94	f28	音落劣
3161	烈	ime	0x2F7156	f28	列劣烈裂
3162	裂	ime	0x2F7156	f28	列劣烈裂
3163	廉	ime	0x2F6E3C	f28	角門廉
3164	恋	ime	0x2F6EE4	f28	乞鯉恋
3165	憐	ime	0x2F7CF6	f28	廉恋憐漣煉簾練聯蓮連錬鎌漣
3166	漣	ime	0x2F7CF6	f28	廉恋憐漣煉簾練聯蓮連錬鎌漣
3167	煉	ime	0x2F7CF6	f28	廉恋憐漣煉簾練聯蓮連錬鎌漣
3168	簾	ime	0x2F7CF6	f28	廉恋憐漣煉簾練聯蓮連錬鎌漣
3169	練	packed	0x2A2484	f20	練習をします
3170	聯	ime	0x2F7CF6	f28	廉恋憐漣煉簾練聯蓮連錬鎌漣
3171	蓮	ime	0x2F6BC6	f28	斜蓮
3172	連	array	0x0A16B0	ARM9	連打が出やすくなります
3173	錬	ime	0x2F7CF6	f28	廉恋憐漣煉簾練聯蓮連錬鎌漣
3174	呂	ime	0x2F736E	f28	侶慮旅虜呂
3175	魯	packed	0x2F7AFC	f28	ニ魯櫓炉賂路露劉栄暮班柵
3176	櫓	packed	0x2F7AFC	f28	ニ魯櫓炉賂路露劉栄暮班柵
3177	炉	packed	0x2F7AFC	f28	ニ魯櫓炉賂路露劉栄暮班柵
3178	賂	packed	0x2F7AFC	f28	ニ魯櫓炉賂路露劉栄暮班柵
3179	路	ime	0x2F70FC	f28	道路満途
3180	露	ime	0x2F6D44	f28	露液汁
3181	労	array	0x093B0C	ARM9	勤労
3182	婁	ime	0x2F74EE	f28	瑠屡流琉留婁
3184	弄	ime	0x2F6474	f28	弄
3185	朗	ime	0x2F6658	f28	朗
3188	浪	array	0x093354	ARM9	立浪
3189	漏	ime	0x2F7E34	f28	摸模茂喪藻裳母燃萌若以漏洩盛
3191	狼	dialogue	0x5E0923	f4	狼退治の依頼を受けて
3193	老	dialogue	0x5091AD	f25	老いたゾウは、ひとりひそかに
3196	郎	dialogue	0x4E533E	f25	ば、バカ野郎！
3197	六	array	0x09428C	ARM9	写六
3198	麓	ime	0x2F7682	f28	六麓禄肋録漉鹿
3199	禄	packed	0x135075	f13	ヴ禄
3200	肋	ime	0x2F7682	f28	六麓禄肋録漉鹿
3201	録	ime	0x2F7682	f28	六麓禄肋録漉鹿
3202	論	ime	0x2F6768	f28	論
3204	和	array	0x093854	ARM9	和田
3205	話	ime	0x2F793E	f28	花華鼻端洟塙話放離
3206	歪	ime	0x2F646C	f28	歪
3207	賄	ime	0x2F6A2E	f28	歪賄
3208	脇	array	0x0942DC	ARM9	脇谷
3209	惑	ime	0x2F6B78	f28	窓惑
3210	枠	ime	0x2F6EC4	f28	惑枠或
3211	鷲	ime	0x2F671C	f28	鷲
3214	鰐	ime	0x2F676C	f28	鰐
3215	詫	dialogue	0x5C3887	f4	襲ったお詫びです。
3216	藁	ime	0x2F6C20	f28	藁笑
3218	椀	ime	0x2F7214	f28	椀湾碗腕
3219	湾	ime	0x2F7214	f28	椀湾碗腕
3220	碗	ime	0x2F7214	f28	椀湾碗腕
3221	腕	array	0x22A718	f18	鉄腕
3222	々	array	0x09458C	ARM9	佐々岡
3224	　	array	0x094434	ARM9	　部
3227	　	array	0x0931FC	ARM9	山　
3230	　	array	0x09465C	ARM9	鈴木　
3232	　	array	0x0932EC	ARM9	渡　
3233	　	array	0x09463C	ARM9	李承　
3238	　	array	0x09476C	ARM9	　　　　
3239	　	array	0x09476C	ARM9	　　　　
3240	　	array	0x09476C	ARM9	　　　　
3241	　	array	0x09476C	ARM9	　　　　
3242	　	array	0x09317C	ARM9	　
3243	　	array	0x093170	ARM9	　
3244	　	array	0x093FCC	ARM9	渡　
3264	丼	ime	0x2F70B6	f28	呑曇鈍丼
3269	佇	ime	0x2F7282	f28	物仏勿佇
3274	會	ime	0x2F7BBC	f28	像増憎臓蔵贈造象雑噌會
3275	偸	ime	0x2F6B2A	f28	盗偸
3289	凛	ime	0x2F7D9E	f28	林倫厘淋燐琳臨輪隣鱗麟鈴凛輪
3290	几	dialogue	0x53CD07	f25	几帳面。
3296	刹	ime	0x2F7E52	f28	切刹拙洩屑鱈接摂折設窃節説雪
3315	唔	packed	0x3C0501	f6	唔唔麟ずず
3323	奢	dialogue	0x53A23E	f25	奢ってあげてもいいんだけどなあ～。
3327	媚	ime	0x2F6844	f28	媚
3328	尅	dialogue	0x5B9BA8	f4	あ尅
3330	屁	ime	0x2F7296	f28	経屁辺減部
3335	廣	array	0x093A0C	ARM9	廣瀬
3357	梵	array	0x0930E0	ARM9	梵
3360	洟	ime	0x2F793E	f28	花華鼻端洟塙話放離
3363	淹	dialogue	0x533BFA	f25	今度はマスターに淹れてもらいます
3364	渕	ime	0x2F6FC4	f28	淵縁渕
3373	澤	array	0x0934CC	ARM9	金澤
3375	濱	array	0x0937EC	ARM9	濱中
3381	烙	ime	0x2F74C4	f28	洛絡落酪楽烙
3384	犒	dialogue	0x44E00F	f8	いヂらはいＱじはい犒はい。ぼはいＡむはいぃどはい
3387	狹	packed	0x48A763	f10	れ狹・もペいホヴ・ン（ヲソヴプレコユ（う（う
3389	猥	ime	0x2F70F2	f28	乱淫猥妄
3390	獏	ime	0x2F7C20	f28	曝漠爆縛莫駁麦漠博暴幕獏
3391	獨	ime	0x2F708E	f28	毒独読獨
3392	珀	ime	0x2F7EB0	f28	伯剥博拍柏泊白箔粕舶薄迫栢狛珀
3396	璧	ime	0x2F72AE	f28	僻壁癖碧璧
3401	疵	ime	0x2F716A	f28	傷疵創築
3405	瞑	ime	0x2F6D1C	f28	米皿瞑
3412	祟	ime	0x2F6FEE	f28	称湛叩祟
3422	綺	dialogue	0x551C70	f25	それに全体的に綺麗だし。
3433	脛	ime	0x2F6904	f28	脛
3434	腋	ime	0x2F71A6	f28	脇腋傍側
3435	苳	packed	0x134BDF	f13	ねフるけむ／な／な苳６た
3436	苺	ime	0x2F7E90	f28	倍培媒梅楳煤狽買売賠陪唄貝吠苺
3437	茹	ime	0x2F7CBE	f28	愉愈油癒諭輸湯柚結逝行茹揺
3440	莵	dialogue	0x14433B	f13	いびプひいミプひいエヅひいえボひいぽゼひい→ダひいごＱひいみＶひいシＮひい◎Ｎひい莵ひいォメひい」フひい６フひいみデひいエゾひい波ひい詬ひいぽ↑ひいエ♀ひいや＠ひいづ♀ひいＩＰひい→Ｍひい㎞Ｐひい❤ＭひいＵ１ひいペプひいづ２ひい！ピひい巴ひいごゼひいゲベひいぽダひい◎ＯひいォＮひいボＵひいリＮひい２ホひいネフひいトムひいエフひいョパひいぃバひいＵパひいたゾひい修ひい。＠ひいヤ↑ひい→♀ひいづＱひいＱＱひいヤＵひいみＶひいヤ２ひいび７ひいり８ひいヤ７ひいねヅひい！バひいふブひい
3441	荳	packed	0x2F8482	f28	ポ廃拝排敗杯盃牌背肺輩配陶且蕾身這到昧百荳釆
3450	萬	ime	0x2F7916	f28	万慢満漫蔓鰻幡萬饅
3453	蓼	ime	0x2F67F8	f28	蓼
3455	藪	dialogue	0x44E029	f8	むはい◎ヴはいぜづはいぜどはいしやはいＱモはい」みはいヤレはい」よはい。シはいしよはいズワはいＵよはいぜべはいエぜはいＹネはいフよはいみフはい。まはいぃべはい㎞みはいＱじはい犒はい❤オはいぜよはいぽぽはいがみはい（ハはいペむはい。ァはいォよはいぃぶはい㎞まはい藪はいエづはいっフはいズゆはいりィはいゲゆはい→ハはい
3456	蕾	packed	0x2F8482	f28	ポ廃拝排敗杯盃牌背肺輩配陶且蕾身這到昧百荳釆
3463	衒	ime	0x2F6A16	f28	寺衒
3468	褌	ime	0x2F734A	f28	密蜜褌充光
3475	詬	dialogue	0x14433B	f13	いびプひいミプひいエヅひいえボひいぽゼひい→ダひいごＱひいみＶひいシＮひい◎Ｎひい莵ひいォメひい」フひい６フひいみデひいエゾひい波ひい詬ひいぽ↑ひいエ♀ひいや＠ひいづ♀ひいＩＰひい→Ｍひい㎞Ｐひい❤ＭひいＵ１ひいペプひいづ２ひい！ピひい巴ひいごゼひいゲベひいぽダひい◎ＯひいォＮひいボＵひいリＮひい２ホひいネフひいトムひいエフひいョパひいぃバひいＵパひいたゾひい修ひい。＠ひいヤ↑ひい→♀ひいづＱひいＱＱひいヤＵひいみＶひいヤ２ひいび７ひいり８ひいヤ７ひいねヅひい！バひいふブひい
3477	誅	dialogue	0x59813A	f4	神の名のもとに天誅を加えてやるのに。
3491	邨	ime	0x2F7542	f28	村斑群屯邑邨
3501	饅	ime	0x2F7916	f28	万慢満漫蔓鰻幡萬饅
3515	　	array	0x094760	ARM9	　　　　
3516	　	array	0x094760	ARM9	　　　　
3517	　	array	0x094760	ARM9	　　　　
3518	　	array	0x094760	ARM9	　　　　
3522	う	dialogue	0x144431	f13	ビひいヤＵひいァＶひいＥＶひいがＰひいヤヨひいシフひい２ミひいＹフひいＭボひいぃピひいとブひいシプひいぜ＠ひいと。ひいや♀ひいぱ★ひいわＴひいうひいぱＮひいＩＴひいく３ひいペ３ひい」プひい」ペひいＡブひいョボひいわヅひいタデひいエＸひいズＸひいたＯひいＥＲひいペメひい」ヒひいとマひいＱメひい
3581	じ	dialogue	0x59106F	f4	あじ
3583	ぜ	packed	0x35E0D0	f32	Ｅぜ
3669	に	packed	0x34D090	f32	にに
3691	わ	packed	0x4800B7	f10	ぜか）ァＱぽおわほＵき）おゆレドぬぅぷュ
3695	ぃ	packed	0x0BD73B	f11	ヴぃンぐぃずヴざア
3829	ゅ	packed	0x34D095	f32	ソにゅオ
3839	ぜ	packed	0x34D07B	f32	ぽオオオソオオオオぜ
3942	ら	packed	0x3C6905	f6	ニニニニニニニニニニニづづづづトづニニニニニニニニニニニニらニニ
3951	ぃ	packed	0x64FE2C	f29	ニニらニぃょぃカオオオオオオオオオオオオオオオオナママママぜ
4027	ご	dialogue	0x37BC69	f33	ご→×←Ｒ×グ
4086	ょ	packed	0x64FE2C	f29	ニニらニぃょぃカオオオオオオオオオオオオオオオオナママママぜ
4088	ぎ	dialogue	0x51C399	f25	ぎヒいあれ、フグ太郎？
4095	ぜ	packed	0x3D1EE0	f6	メぜ
4096	ｱ	array	0x09479C	ARM9	ｱﾙﾍﾙﾄ
4098	ｳ	array	0x094778	ARM9	T・ｳｯｽ
4100	ｵ	array	0x094790	ARM9	ﾒｶﾄﾐｵ
4101	ｶ	array	0x094790	ARM9	ﾒｶﾄﾐｵ
4103	ｸ	array	0x0947B4	ARM9	野球ﾏｽｸ
4106	ｻ	array	0x0947FC	ARM9	ｽﾍﾝｻｰ
4107	ｼ	array	0x0947E4	ARM9	ﾏｼｰｱｽ
4108	ｽ	array	0x094784	ARM9	ｺﾝｻﾚｽ
4109	ｾ	array	0x0947D8	ARM9	ｾｷﾉｰﾙ
4110	ｿ	array	0x0947A8	ARM9	ｿﾙｼｬｰ
4115	ﾄ	array	0x09479C	ARM9	ｱﾙﾍﾙﾄ
4120	ﾉ	array	0x0947D8	ARM9	ｾｷﾉｰﾙ
4123	ﾌ	array	0x094814	ARM9	ﾘｰﾌｧｰ
4126	ﾏ	array	0x0947B4	ARM9	野球ﾏｽｸ
4127	ﾐ	array	0x094790	ARM9	ﾒｶﾄﾐｵ
4128	ﾑ	packed	0x09482C	ARM9	ｶﾄｰﾑｿﾝ
4129	ﾒ	array	0x094790	ARM9	ﾒｶﾄﾐｵ
4135	ﾘ	array	0x094814	ARM9	ﾘｰﾌｧｰ
4136	ﾙ	array	0x09479C	ARM9	ｱﾙﾍﾙﾄ
4137	ﾚ	array	0x094784	ARM9	ｺﾝｻﾚｽ
4138	ﾛ	array	0x0947F0	ARM9	ｸﾛｰﾊｰ
4141	ﾝ	array	0x094784	ARM9	ｺﾝｻﾚｽ
4143	ｧ	array	0x094814	ARM9	ﾘｰﾌｧｰ
4144	ｨ	array	0x0947C0	ARM9	ﾀｰｳｨﾝ
4148	ｯ	array	0x094778	ARM9	T・ｳｯｽ
4149	ｬ	array	0x0947A8	ARM9	ｿﾙｼｬｰ
4150	ｭ	packed	0x09484C	ARM9	ﾀﾙﾋｯｼｭ
4152	ｶ	packed	0x09482C	ARM9	ｶﾄｰﾑｿﾝ
4153	ｷ	array	0x0947D8	ARM9	ｾｷﾉｰﾙ
4154	ｸ	array	0x0947F0	ARM9	ｸﾛｰﾊｰ
4156	ｺ	array	0x094784	ARM9	ｺﾝｻﾚｽ
4157	ｻ	array	0x094784	ARM9	ｺﾝｻﾚｽ
4158	ｼ	array	0x0947A8	ARM9	ｿﾙｼｬｰ
4159	ｽ	array	0x094778	ARM9	T・ｳｯｽ
4162	ﾀ	array	0x0947C0	ARM9	ﾀｰｳｨﾝ
4166	ﾄ	array	0x094790	ARM9	ﾒｶﾄﾐｵ
4167	ﾊ	array	0x0947F0	ARM9	ｸﾛｰﾊｰ
4168	ﾋ	packed	0x09484C	ARM9	ﾀﾙﾋｯｼｭ
4170	ﾍ	array	0x09479C	ARM9	ｱﾙﾍﾙﾄ
4172	ﾊ	array	0x094820	ARM9	ｼﾊﾄﾉﾌ
4175	ﾍ	array	0x0947FC	ARM9	ｽﾍﾝｻｰ
4177	0	dialogue	0x4E8A90	f25	でも入場料が1800円だって？
4178	1	dialogue	0x4E8A90	f25	でも入場料が1800円だって？
4179	2	dialogue	0x4EF796	f25	12月の2週目
4180	3	dialogue	0x4FA3F5	f25	あの子がこの街に来たのが3年前だから
4181	4	dialogue	0x501254	f25	400円かな。
4182	5	dialogue	0x4E8A07	f25	第5回公演
4185	8	dialogue	0x4E8A90	f25	でも入場料が1800円だって？
4186	9	dialogue	0x58DD88	f4	過去最高の撃墜スコアは109、
4187	A	dialogue	0x5508A5	f25	NOZAKI
4189	C	dialogue	0x538444	f25	俺のPCに！
4190	D	packed	0x134A27	f13	ヴ（うただくむセぉプいただDただＢゃＢゃDDＢゃレあただ
4194	H	packed	0x09485C	ARM9	SHINJO
4195	I	packed	0x09485C	ARM9	SHINJO
4196	J	packed	0x09485C	ARM9	SHINJO
4197	K	dialogue	0x4EF579	f25	チラシのデザインもOKもらったよ。
4200	N	packed	0x09485C	ARM9	SHINJO
4201	O	packed	0x09485C	ARM9	SHINJO
4202	P	dialogue	0x538444	f25	俺のPCに！
4205	S	packed	0x09485C	ARM9	SHINJO
4206	T	array	0x094778	ARM9	T・ｳｯｽ
4210	X	array	0x22A708	f18	ケガX
4212	Z	dialogue	0x5508A5	f25	NOZAKI
4215	ｰ	array	0x0947A8	ARM9	ｿﾙｼｬｰ
4216	?	dialogue	0x4E0026	f25	え?
4217	!	dialogue	0x4E567B	f25	オウ!オウ!・・・
4230	i	dialogue	0x5C7250	f4	（PiPiPiPi！）
4232	k	dialogue	0x5A0049	f4	2km
4233	l	dialogue	0x5793AE	f4	l
4234	m	dialogue	0x585183	f4	３m
4235	n	dialogue	0x5BCB09	f4	！nw何か面白い話でもるか？
4239	r	dialogue	0x597CB7	f4	（Krrr・・・）
4244	w	dialogue	0x5BCB09	f4	！nw何か面白い話でもるか？
4320	 	array	0x4806B6	f10	くつ２ 
