offset	budget	jp	ko
0x321EC7	6	無敵弾	무적탄
0x32D569	26	それは田舎町には相応しくない高級車。	시골에 안어울리는 고급차。
0x32C982	23	商店街とスーパーは共存の道を探り	상점가와 슈퍼는 공존을
0x32D5C3	11	最高の笑顔を。	최고 미소。
0x32C9CB	10	奇妙な連中が	묘한 놈들
0x32C99C	4	遠前	원전
0x32DCAF	28	の支配は終わり、２つの種族が平和に暮らす	지배는 끝나고 ２종족 평화롭게
0x32E449	28	新しく社長に就任した彼女の付き人兼、	새 사장 취임한 그녀 수행원、
0x32CA06	27	一人の風来坊と二人の親子の物語も	떠돌이와 부자의 이야기도
0x32D278	26	極限まで鍛え上げる地上最強の場所	극한까지 단련하는 최강지
0x3296D0	25	「宇宙で最も態度の大きい宅配便」	「우주서 가장 건방진 택배」
0x321EFB	24	完璧に真芯でミートすれば打ち返せる！	정확히 맞히면 받아친다！
0x32C9B2	24	月日が流れ、人々の記憶が薄れれば	세월 흘러 기억 흐려지면
0x32CE0F	24	月日が流れ、人々の記憶が薄れても	세월 흘러 기억 흐려져도
0x32B625	23	数学的な教義を誇る宗教らしい。	수학적 교의의 종교라나。
0x32B650	23	入信し、教団は日の出の勢いとか。	입신해 교단은 승승장구。
0x32D315	23	妙な日本語を話す日本人・・・」	묘한 일본어 일본인・・・」
0x32828B	22	商店街のスポーツ用品店へ行け。	상점가 스포츠점 가라。
0x329690	22	本当に引退して、辺境の惑星で	정말 은퇴해 변경 행성
0x329E8D	22	・・・この前、様子を見に行ったら、	・・・저번에 보러 갔더니、
0x32C4D6	22	宇宙の男の先輩としてアドバイスだ。	우주 선배로서 조언。
0x32C4ED	22	・・・常に周囲の警戒を怠るな。」	・・・늘 주위 경계 마라。」
0x32CAAC	22	訳（二人組みか・・・うらやましいな。	역（２인조・・・부럽다。
0x329C15	21	一番賢明な選択をしたと思う。	가장 현명한 선택。
0x32C9F0	21	すべて忘却の彼方へと去っていく。	모두 망각 저편으로
0x32CA58	21	今や、一匹狼の賞金稼ぎとして	이제 홀로 사냥꾼으로
0x32CB3E	21	体験を何冊かの本にして出版、	체험을 책으로 출판、
0x32D1FA	21	顔も雰囲気も変わっちゃったなぁ。	얼굴도 분위기도 변해。
0x32D7D4	21	そっちをカニと人間に分離したカニ。	그쪽 게와 인간 분리。
0x321F3F	20	・・・この挑戦、受けてもらおうか。	・・・이 도전、받아주지。
0x3284C2	20	最初にパワポケポイントを払わないと	먼저 포인트 내야
0x329ACD	20	バンザイ状態でも、体力が低いと	만세라도 체력 낮으면
0x329BD4	20	彼は辺境の惑星に移住して、	변경 행성에 이주해、
0x32CB54	20	これがいずれも宇宙的に大ヒット。	모두 우주적 대히트。
0x32D146	20	・・・宇宙には戦うために生きる、	・・・우주엔 싸우는、
0x3282D7	19	いずれは忘却の彼方へ失われる	언젠가 망각 저편에
0x329C01	19	・・・たぶん、俺の仲間の中では	・・・아마 내 동료 중
0x329D30	19	元豪腕投手かもしれない・・・	전 강속구 투수・・・
0x32A4C8	19	地上で泳ぐただの変人である。	땅서 헤엄치는 괴짜。
0x32C829	19	やがて自分の修行房を持ち、	이윽고 제 수행방을、
0x32CA22	19	失われる物語のエピソードのうちの	잃을 이야기 일화
0x329D08	18	海水パンツの男を見かけたら、	수영복 남자 보면、
0x32A0B8	18	毎公演で、主役を務める。	매공연 주역 맡는다
0x32A47C	18	リコ様への抜け駆けはしないこと	리코님 새치기 금지
0x32B63D	18	驚くべきことに多数のロボットが	놀랍게도 다수 로봇
0x32C63F	18	てきをいっぱいやっつけたんだよね！」	적 잔뜩 해치웠지！」
0x32DDE9	18	これでまた気楽な２人旅ね。」	또 편한 ２인여행。」
0x32200D	17	の正義の力を見せてやる！」	정의 힘 보여주마」
0x328B19	17	計算どおりぃぃぃぃぃぃぃぃぃ！	계산대로다아아！
0x329CF6	17	地上を元気よく泳いでくる	땅서 힘차게 헤엄
0x32A465	17	リコ様は命を張って守ること	리코님 목숨걸고
0x32B09A	17	男なら死ぬ気で走るんだ！」	죽어라 뛴다！」
0x32B0EC	17	ごく普通の親子にすぎない。	그냥 평범한 부자。
0x32B668	17	・・・なんとなく、やばい予感が	・・・왠지 나쁜 예감
0x32B76D	17	あおって仕事を作ろうとする。	부추겨 일 만든다。
0x32CA8C	17	情報と違うが・・・いけるか？	정보와 다르나・・・？
0x32CBEB	17	マスコミなんて、大嫌いだー！！	언론 따위 질색！！
0x32CF62	17	、今日のご飯は何かしら？」	、오늘 밥은 뭘까？」
0x32D2B3	17	白髪の超絶パワーを持った	백발의 초절파워
0x32814D	16	４人未満かで、ストーリーが	４인 미만 스토리
0x3281CF	16	チームメイト全員の能力が	팀원 전원 능력이
0x3285BF	16	悪巧みに精を出している。	악행 궁리에 열중
0x3286A3	16	ハンサム度が上がっていくぞ。	미남도가 오른다。
0x32A494	16	リコ様から目を離さないこと	리코님 눈 떼지마
0x32D19E	16	「まあ、とりあえず見てくれ。」	「일단 봐줘。」
0x329DDE	15	、花供えに来てやったぞ。	、꽃 바치러 왔다
0x329ED9	15	そりゃあもう大騒ぎに・・・	완전 대소동・・・
0x32A43F	15	リコ様のすることには黙って	리코님께 잠자코
0x32C7E0	15	修行の日々に戻った。	수행 나날 복귀。
0x32CBDB	15	プライベートを返してくれよ！	사생활 돌려줘！
0x32CE9D	15	これが、ハッピーエンドである。	이게 해피엔드。
0x32D22C	15	行っちまったんだな・・・。」	가버렸구나・・・。」
0x32D494	15	青い衣装と赤いマント。	푸른옷 붉은망토
0x32D4ED	15	みんなの視線を釘付けに	시선 독차지。
0x32D7EA	15	これで、めでたしめでたしカニ。	이로 잘됐다게。
0x32D832	15	俺たちの仕事なんだカニ！	우리 일이다게！
0x32DDA8	15	・・・えーと、ややこしいなぁ。	・・・음、복잡하네。
0x32DE14	15	もうちょっとキャプテンのそばに	좀 더 캡틴 곁에
0x32DEFA	15	（・・・さよなら、キャプテン。	（・・・안녕、캡틴。
0x321EAA	14	「そんなちっぽけなロボットで	「그런 작은로봇
0x323FA9	14	お腹が痛くなるでやんす。	배 아파집죠。
0x328679	14	あと、ハンサム度が高いと	미남도 높으면
0x32BA62	14	これまで多くの苦労を、	여태 고생을、
0x32CD9B	14	のんびり楽しんで行こう。	느긋이 즐기자。
0x32D362	14	お父さんが歩いた道を、	아버지 걸은길
0x32D95A	14	大神パライソコーヒー！』	오가미커피！』
0x32DCF3	14	正義のキックをくらえ！」	정의의 킥！」
0x32805D	13	カレー屋へ行くのじゃ。	카레집 가라。
0x32879D	13	基本は熱い性格。	기본은 열혈。
0x32A42C	13	リコ様を崇拝すること	리코님 숭배
0x32CA9E	13	うむ、俺ならやれるさ。」	난 할수있다。」
0x32CF88	13	今日も平和である。	오늘도 평화。
0x32D87F	13	ケーキがたべたくなったの。	케이크 먹고파
0x32DE7C	13	あとで、もっとつらいことに	나중에 괴로운
0x328AFA	12	このプログラムがあれば、	이 프로그램
0x328D10	12	のお父さんと一緒に	아빠와 함께
0x328D3E	12	こういうことだよな・・・	이런거지・・・
0x329E50	12	ボロボロになったな・・・	만신창이・・・
0x32B549	12	単なる歴史マニア。	단순 역사광。
0x32C632	12	せんそうのおはなしして！	전쟁 얘기해！
0x32C777	12	羽根で空をとぶわ、	날개로 날고、
0x32D11F	12	死ねぇええええええ！」	죽어라아아！」
0x32D23C	12	ああ・・・わかってるよ。	아・・・안다고。
0x32D88D	12	つくってくれるかしら？」	만들어줄까？」
0x3281C3	11	グラウンドへ行くと、	운동장 가면
0x328CA1	11	でも、言いにくいので	말하기 뭣해
0x328D32	11	、お前が望んだのは	、네가 바란
0x32C4B3	11	って言うかさ・・・」	랄까・・・」
0x32CB0A	11	誰も知らない・・・	누구도 몰라
0x32D031	11	コネがあるのかも・・・	연줄인가・・・
0x32D8D7	11	いいつけたらダメよ？」	이르지마？」
0x32DC80	11	の日は過ぎていく。	날이 간다。
0x32DD61	11	は正義の味方を	정의의 편을
0x3276B6	10	無関係じゃよ！	무관하다！
0x328259	10	妙に硬そうだし。	꽤 단단해。
0x3284B7	10	君のお母さんは、	군 어머니、
0x328B2B	10	僕が正義だ！！	난 정의다！
0x32958B	10	・・・しかし、それは	・・・허나 그
0x32A79B	10	そばを離れていた。	곁을 떠나。
0x32B246	10	してみたり、ねつ造	거나 날조
0x32B556	10	理屈っぽいようで	따지는 듯
0x32D4C6	10	を見た人間は、	본 인간은、
0x32D923	10	は、今も変わらず	는、지금도
0x32D979	10	ちゃんが映ってる。	짱이 나와。
0x32DA8F	10	んだね！凄いや！」	네！대단！」
0x321F14	9	それが野球だ、	야구다、
0x321F64	9	は打ち返す！」	받아쳐！」
0x32824F	9	髪型も変だ。	머리 이상
0x3283D5	9	さんの消息は、	씨 소식、
0x3286F3	9	そのためには・・・	위해선・・・
0x32959B	9	つかの間の夢。	찰나의 꿈
0x32985B	9	の建設のために	건설 위해
0x329AC3	9	どういうときかな？	어떤 때？
0x32B5ED	9	で教会を開き	교회 열고
0x32C628	9	のおねえちゃんだ。	누나다。
0x32C76D	9	尻尾でなぐるわ	꼬리치고
0x32CE93	9	ただ見守ろう。	지켜보자。
0x32CF7E	9	の田舎町は、	시골마을、
0x32D1DB	9	ちゃんが出てる！	짱 나와！
0x32D731	9	楽しみだね！！）	기대돼！！）
0x32D902	9	味方ですぞ。」	편이오。」
0x32DACC	9	皆を笑わせた。	다 웃겼다
0x32DC39	9	スペースパイロット	우주비행
0x32E466	9	ボディーガードだ。	경호원。
0x321F36	8	は俺が守る。	지킨다。
0x3283DF	8	つかめていない。	못잡았다
0x329851	8	宇宙帝国	우주제국
0x32A792	8	応戦のために	응전위해
0x32B251	8	することもある。	하기도해
0x32C8B2	8	変わっていく。	변해간다
0x32D3C5	8	よかったのか？」	잘됐나？」
0x32D99E	8	すごいでしょ。」	대단하지
0x32DA6B	8	おもしろ～い！」	재밌다～」
0x32DD26	8	いいのにねえ？）	좋을텐데
0x3287AB	7	そしてまじめ。	성실해。
0x329688	7	の戦いの後	싸움 뒤
0x3296EA	7	なんだそうだ。	란다。
0x329848	7	私は、私の	나는、내
0x329CDD	7	背泳ぎだ！	배영！
0x329E68	7	を倒すため、	이기려、
0x32C6A8	7	どうします？」	어쩔까」
0x32C8D3	7	変わらない。	안변해。
0x32CD59	7	しばしばある。	종종。
0x32D0BA	7	いわれはない。	없다。
0x32D4B2	7	の服装だ。	복장。
0x32D85F	7	お嬢様。」	아가씨」
0x32D8CF	7	もおとうさまに	아버님
0x32DE24	7	いたかった？」	있고파」
0x32DEC9	7	あるんでしょ？	있잖아？
0x321F54	6	意地でも	기어코
0x329CCD	6	クロールだ！	크롤！
0x32CB37	6	との戦いの	싸움의
0x32CDBC	6	なのだから。	이니까
0x32D178	6	、本当に	、정말
0x32D4A4	6	これが今の	지금의
0x32D8AB	6	お嬢様。	아가씨
0x32D8ED	6	は、いつでも	언제나
0x32D8FB	6	お嬢様の	아가씨
0x32DF4A	6	だが、やがて	이윽고
0x32DF59	6	との戦いが	싸움이
0x32DFB6	6	キャプテン・	캡틴・
0x32A45A	5	従うこと	복종
0x32A836	5	フレッシュ	신선
0x32B767	5	対立を	대립
0x32BA5B	5	している。	한다。
0x32CEC1	5	に戻り、	복귀、
0x32D879	5	のつくった	만든
0x32DC44	5	とやらには	라는
0x32DD3B	5	がちょっと	가 좀
0x3285BA	4	日夜	밤낮
0x329596	4	はかない	허무
0x32A0B3	4	一応	일단
0x32A4C3	4	今では	이젠
0x32C7DB	4	へ戻り	복귀
0x32C83D	4	毎年	매년
0x32C932	4	おやすみ	잘자
0x32CB69	4	一躍	일약
0x32CF08	4	先生	선생
0x32CF4B	4	の声も	소리
0x32D2A0	4	である！	다！
0x32D339	4	銅人	동인
0x32D6DF	4	たまには	가끔
0x32D752	4	太一	태일
0x32DB06	4	ようだ。	듯。
0x32DCA1	4	における	에서
