n	id	occ	max	prev	jp	next
1	L6529a4769a	2	19	（じゃあ、次！）	（あいうえおいうえおあうえお	いったいなんだ？
2	Laf64c515b7	1	19	バケモノだ！	鷺ヒあ・・・・・大丈夫か？	オイラ、怖かったでやんす～。
3	Lbb6d9268cd	1	19	そうか、それならいいんだ。	盛ヒい・・・ふむ、悪霊ではなく	守護霊の類であったか。
4	Lf2075b5c54	1	19	ピエロのデバッグピエロ	きその１	やめとくよ。
5	L88d1f6d2aa	1	19	電視のデバッグだ！	き充電しないと	（ガチャ！）
6	Lf0bb527c79	1	19	ジュン	のメインデバッグですよ	きどっちがいい
7	Lc977b5ce7c	1	19	のメインデバッグですよ	きどっちがいい	じゃあ
8	L34901d1f37	1	19	維織	さんのメインデバッグです	き出会い
9	Lee72964dd3	1	19	さんのメインデバッグです	き出会い	ハアハアハアハア。
10	Lf08d4885a8	1	19	維織	さんのランダムデバッグです	き何を読んでるの？その１
11	L00738e0ae6	1	19	さんのランダムデバッグです	き何を読んでるの？その１	・・・・・・
12	L943f8a81bb	1	19	）	きぬピ	シャキーン！
13	Lfcfe4d65c4	1	19	！	さんに言わせると「善は急げ」	というよりも「膳は急げ」って感じだね。
14	La21f0f856c	1	19	まて！	それじゃあ、ダメだろう！	あれとかこれとか言ってるだけじゃあ、
15	La6175ba850	1	19	維織	さんが怒ってしまうような	気がするんだが。
16	L4481ed6b11	1	19	そりゃ、怒るでしょうね。	ただのバカならいいけど、	維織
17	Lc161057cec	1	19	維織	さん頭が良いからね～。	すぐに
18	L8aa86aa295	1	19	さん頭が良いからね～。	すぐに	さんが適当に謝ってるって
19	L5a48eb4449	1	19	すぐに	さんが適当に謝ってるって	気付くんじゃないかな。
20	Ld52d18f7b6	1	19	お、	お前！そこまでわかってて、	俺に言わそうとしてたのか！
21	Lf75041c6d5	1	19	お前！そこまでわかってて、	俺に言わそうとしてたのか！	全部聞いてから気付く
22	Lda432043df	1	19	真面目に考えろよ！	このままじゃあ	維織
23	L8ff9267ce1	1	19	維織	さんの機嫌が	直らないだろ！
24	L6b0e8e105c	1	19	知らないわよ！	さんが原因なんだから、	自分で何とかしたらいいじゃない！
25	L5d4cd5fa65	1	19	言ってるだろ！	だいたいな！店員なのに	准
26	La8dc9c57a4	1	19	准	は客の俺に	対して優しくないぞ！
27	L2683699ace	1	19	とりあえず、うるさいので黙って	もらえますか？ご主人様	むしろ丁寧な言葉がキツイ！
28	Lc57cb42277	1	19	・・・・・・・・	うるさい。	は、
29	L14b7324f85	1	19	何をしているのか、	わからないから不安妄想の螺旋。	不安妄想スパイラル。
30	Ld4dd5418ba	1	19	維織	さんが何を考えているのかが	不安だよ。
31	L1fe62e8d3c	1	19	思うけど、何か不安になる事があるの？	何か俺に不安を感じているなら、	話してみてよ。
32	Lcd5d9c39d2	1	19	この幸せがいつまで続くのかが不安。	君がいつこの街を出て行くのか	不安。
33	L797e3d1947	1	19	だから、いつかこの街を出て行く。	その時に私はどうしてる？	どうしたらいい？
34	L1cc4ca8102	1	19	さん・・・・・・・。	い俺が決める事じゃない	今日は
35	L28b9e7f749	1	19	この店が休みなんて珍しいな。	仕方が無い。帰る・・・・・・	伝えて・・・事があ・・・・の。
36	Lbb0a2d1e94	1	19	維織	さんの声？	どこから？
37	L6c9407fe84	1	19	どこから？	店内か？	世納
38	L2ef3505092	1	19	世納	、お父様に伝えて。	まだ、しばらく私はこの街に居ると。
39	Lfa177f14fd	1	19	お嬢様。約束の期日はもうすぐです。	しばらくと言われましても、	それを過ぎてしまうと・・・・・。
40	L8d1bcdecac	1	19	あと一年、	ううん、あと半年でいい。	それまで私を自由にさせておいて。
41	Lfe86b63a37	1	19	気にしないでください。	それが私の仕事ですから。	ありがとう
42	L1500d30c78	1	19	維織	さん・・・・・君はいったい？	・・・・・・・・・。
43	L9db6a9e1db	1	19	さん。	今日はこれで５皿目ですよ。	いいの早く持ってきて。
44	L20a66f575e	1	19	維織	さん、またタマゴサンドだよ。	たまにハムとかレタスとか混ざるけど、
45	Lfad3db2464	1	19	店に来てサンドイッチばかり食べている	なんておかしいよ。	ツッコムところはそこじゃないだろ。
46	Ldc88f1095f	1	19	維織	さんには	何とも思わないのか？
47	L523e76e093	1	19	維織	さんなら本を読んでいると	あれぐらい食べそうだし。
48	Lbe083e3b70	1	19	さんなら本を読んでいると	あれぐらい食べそうだし。	確かにな。
49	L216ce8eac6	1	19	確かにな。	本を読んでる時のあの人は、	何を食っているのかすらもわかって
50	Lea77782a5d	1	19	どうしようか？	い止める	ねえねえ、
51	Lfc3ca48f86	1	19	いるだけだろう。	だったら必要ないじゃないか。	それにメイドに楽器が必須というのも、
52	L7985b14459	1	19	維織	さんピアノできるの？	うん・・・・・・。
53	L069d05a1ec	1	19	維織	さんを少しの間、	任せた。
54	Lcb0cc86644	1	19	さんを少しの間、	任せた。	お、おい。
55	L5dcff39b06	1	19	維織	さんピアノ弾けたんだ。	うん・・・・・・・・。
56	Leba309b473	1	19	うん・・・・・・・・。	君は私のピアノを聴きたい？	い聴きたい
57	Ld6bbbb26dc	1	19	君は私のピアノを聴きたい？	い聴きたい	いらっしゃいませ！
58	L622eca5337	1	19	というわけで、今日のノリはこっちで	行こうと思ってるんすよ！	オス
59	L40d356b75d	1	19	・・・・	体育会系でも文化系でも、	どっちでもいいや。
60	L20b58b1cf1	1	19	いつもの。	熱い男達の汁コーヒーですね！	なんだそのむさそうなコーヒー名は。
61	Le155df4201	1	19	先輩が白い物を黒と言ったら、	それは黒になります！	俺がおかしいみたいじゃないか！
62	Lbc5ad3bbcd	1	19	せ、	先輩、す、	すぐにお持ちしますね。
63	L4a758331e0	1	19	なんか最後には俺が使いぱしりさせた	みたいになってるし。	お待たせしました！オス
64	L2314b4453b	1	19	まだやってるのか？	もう、そろそろやめたらどうだ？	それは舎弟をクビという事ですか？
65	Lf625650620	1	19	それは舎弟をクビという事ですか？	それとも自分が	さんを超えた
66	L9cdd967cc3	1	19	それとも自分が	さんを超えた	という事ですか？
67	L37182c506f	1	19	さんを超えた	という事ですか？	・・・・・・はあ。
68	Ldc02dc7fbe	1	19	・・・・・・はあ。	どっちでもいいけど・・・・・・	い舎弟をクビ
69	Lb4582a6097	1	19	どっちでもいいけど・・・・・・	い舎弟をクビ	やっぱり
70	L83baaa35ef	1	19	維織	さんの気持ちを尊重したいし	維織
71	L4d363ec3cc	1	19	維織	さんの好きなようにさせるよ。	それにやる気モードの
72	L384211a809	1	19	さんの好きなようにさせるよ。	それにやる気モードの	維織
73	L5528d351ce	1	19	そりゃね。	でも、心配だ	・・・・・・
74	Lb7e1ee6675	1	19	維織	さん、コーヒーでいいよね。	うん。よろしく
75	L026647fd19	1	19	これ？	って包丁？	そう
76	L540273f696	1	19	かなりの業物に見えるけど・・・・・	凄いの？	凄いらしい。
77	Lc087d9848d	1	19	・・・・・・	手料理。	包丁の使い方も教わったし、
78	Ldb79d9b996	1	19	手料理。	包丁の使い方も教わったし、	道具も揃った。
79	L281a7a7220	1	19	（止めておいた方が良かったのかな。	ますます心配になってきたぞ）	（カン！！）
80	Lc78310d46a	1	19	こんな働き者の若者は国の宝だと思うよ。	夢も希望も無く歩いてる年寄りに	比べたらね。
81	Lc33d1cd360	1	19	さんに	それをあげるよ。	いま買い物の帰りなんだけど、いっぱい
82	Lca6493abf6	1	19	その店員は人に対して投げる為にあげたん	じゃないと思うけどな。	それ食べて、シャキシャキ歩く！
83	Lffcb7e62bc	1	19	じゃないとせっかくの男前が台無しだよ。	まあ、それを食べたからって、	さんに夢や希望に満ち溢れた未来
84	Ld178a61c39	1	19	まあ、それを食べたからって、	さんに夢や希望に満ち溢れた未来	がやってくるわけじゃないけどね。
85	L403d20aadd	1	19	どっちだ？	でも、ありがたくもらっとくよ。	缶詰は非常食には優秀だからな。
86	L8ef2bbfa51	1	19	やっぱり行動よりも言葉だよな。	優しい言葉を掛けてやろう。	よし、
87	La0f2a16750	1	19	の	笑顔にはいつも癒されてるぞ。	ああ、営業スマイルね。
88	L18ac09b1cf	1	19	准	がいるから俺はこの店に来てる	わけだし。
89	L9d4f09d764	1	19	維織	さんのコーヒー以外の物も	頼んでね。
90	Lff259666ce	1	19	今まで	君は私がすすめた本を	読んでくれたから、
91	L82b34bb736	1	19	君は私がすすめた本を	読んでくれたから、	今度は
92	L2142ca0706	1	19	読んでくれたから、	今度は	君の
93	Ld60206dfcf	1	19	役に立ちそうな物を読もうと思ったん	だけど・・・・・・。	そうなんだ。
94	L43013ccbaf	1	19	そうなんだ。	でも、なんかあったの？	意味はわかるんだけど、
95	L2bf271b69e	1	19	どう	君に伝えていいか・・・・。	この本は
96	L638853029c	1	19	維織	さんが選んだの？	うん。
97	L970b3553fd	1	19	維織	さんが選んだって事は、	きっと分かりやすいだろうと思うから。
98	L69827e21f3	1	19	・・・・・・・・・。	さすが	維織
99	L13da353ba0	1	19	さんだ。	この本は本当にわかりやすいぞ。	なんだか読んでるだけで、
100	L6beb0371b2	1	19	この本は本当にわかりやすいぞ。	なんだか読んでるだけで、	野球が上手くなった気がする。
101	L938b11bcd1	1	19	なんだか読んでるだけで、	野球が上手くなった気がする。	維織
102	Le264b8fe08	1	19	維織	さん。いい天気だから、	外に出てみない？
103	L66dc4e86a9	1	19	いい加減にしないと、	そのままに外に運ぶよ。	いいの？
104	La2568955ac	1	19	維織	さんは・・・・。	よし！さすがに
105	Lfffb862996	1	19	さんは・・・・。	よし！さすがに	維織
106	Ldacdbd7f9d	1	19	維織	さんでも、	抱き抱えて運んだら反応するだろう。
107	Lb06540a91e	1	19	抱き抱えて運んだら反応するだろう。	何にもしないと思ったら、	大間違いだからな）
108	L958d527cc9	1	19	何にもしないと思ったら、	大間違いだからな）	外に行くよ！
109	Lff8d2b8130	1	19	ここまで運んで来たのに、	まったく反応しなかったぞ。	どれだけ本に集中
110	L41097b4202	1	19	まったく反応しなかったぞ。	どれだけ本に集中	・・・・・
111	Lcdd8746461	1	19	あれ？	いま読んでるページって、	部屋を出る時と変わってないような。
112	L195db67825	1	19	もう一回、運んで。	帰りにもう一回・・・・・・。	う、うん。
113	L3c144eaecf	1	19	維織	さんに恥ずかしいって感情は、	もしかして無いのかも）
114	L9da7b588f6	1	19	さんに恥ずかしいって感情は、	もしかして無いのかも）	・・・・・・・・・・。
115	L0e726a394f	1	19	ああ、ありがとう。	それでだな	准
116	L3d64ef41dd	1	19	思うんだ。	だから俺はお前に態度で表そう	かと。
117	L8823786ee8	1	19	ちょ、ちょっと待て、その電話なんだ？	だれが変質者だ！	・・・・・・・・。
118	L4091e1c19d	1	19	視線の先は俺！	そして眼差しは疑い！	さんの事、
119	L6a2d9481e9	1	19	そして眼差しは疑い！	さんの事、	信じてたのに・・・・。
120	L3b078a05cc	1	19	さんの事、	信じてたのに・・・・。	ちょ、ちょっと待てよ
121	L3229619718	1	19	あっ！逃げた！	本当に冗談が通じないなあ～。	時報に電話しただけなのに。
122	L3ebaf363c7	1	19	本当に冗談が通じないなあ～。	時報に電話しただけなのに。	維織
123	L7618a1cf7b	1	19	維織	さんも筋トレやってみる？	・・・・・・・・。
124	Lca428e54f2	1	19	子供かよ。	あのね	維織
125	La5ea1b9fdb	1	19	そう。	毎日、隠れて	・・・・・・・
126	L3aec3487ea	1	19	腹筋に穴があくよ！	普通の人間には、無理だから！	できる
127	L84c6c61e6b	1	19	さんは、	たまに子供なんだから。	そんなにムキになって言わないでも。
128	La2754f0dc5	1	19	維織	さん！信じるから！	大丈夫。
129	Le078a2655b	1	19	維織	さんの友達っていうと	准
130	Lcade4d8960	1	19	准	しか知らない	から、どんな人か興味があるよ。
131	L9840039017	1	19	しか知らない	から、どんな人か興味があるよ。	・・・・・・
132	Le834bd54ed	1	19	その上、なんで見栄を張っているの？	じゃなくて、どんな性格なのさ？	・・・・・・・。
133	L5d1d8e0c76	1	19	・・・・・・・。	厳しい？	尋ねられても知らないよ。
134	L9e422b0c80	1	19	口うるさい。	お節介。	几帳面。
135	L1528424bb1	1	19	お節介。	几帳面。	本当に友達？
136	L4a75438134	1	19	おかしな事をしているぞ。	いったい今度は何の練習だ？	お～い！
137	Lf206856e69	1	19	クック！	さんじゃないですか～。	それは何をしているんだ？
138	La33ba16e43	1	19	叫び声は特に意味はないんだけど、	これを叫ぶとなんとなく気合が	入りそうでしょう～？
139	L6b1a0b1488	1	19	これを叫ぶとなんとなく気合が	入りそうでしょう～？	そ、
140	L10a420b5f3	1	19	そうか？	まったく俺にはその気持ちが	理解できないんだが。
141	Lbc564b45f0	1	19	ピエロ	の気持ちなんて	わからないよ～。
142	La4b58dc402	1	19	何があったんだ？	よかったら教えてくれないか。	う～ん。
143	L04f7b72808	1	19	う～ん。	ただボ～クが	ピエロ
144	L1b9a252f09	1	19	ピエロ	じゃなくなって	しまっただけだよ～。
145	L2c4237da7c	1	19	じゃなくなって	しまっただけだよ～。	ピエロ
146	L1dfec33bd9	1	19	ピエロ	じゃなくなった？	その姿をどう見たら、
147	Lfe86848d61	1	19	じゃなくなった？	その姿をどう見たら、	ピエロ
148	L01599be5b6	1	19	ピエロ	じゃないと	言えるんだ？
149	Lf45d533895	1	19	外見の事じゃないよ～。	ボ～クは道化じゃなくなって	しまったんだよ～。
150	L9ea0a43335	1	19	ボ～クは道化じゃなくなって	しまったんだよ～。	ピエロ
151	L8ab38fa3b1	1	19	ピエロ	なのに。	さっぱりわからないが・・・・・・
152	L1458df32ea	1	19	さっぱりわからないが・・・・・・	い頑張れ	前に来た時は変な生き物が座っていたな。
153	Lf25947e70f	1	19	・・・・・	って、今日もいるよ！！	・・・・・・・・。
154	L91efc096dd	1	19	・・・・・・・・。	あれは、よく見ると	・・・・
155	Lc7c66d4831	1	19	サーカスとか、デパートの屋上で風船とか	配っていそうな。	なんで、あんな所に？
156	L0f957d0f0e	1	19	何をやってんだ？	手品か？	いや、あれは物凄い速さでボールを
157	L1572601451	1	19	今度は空中に投げたボールを正確に	自分の手元へ落としている。	あのボールさばきは並じゃないな。
158	L2ec4847759	1	19	ピエロ	をチームに入れれば、	かなりの戦力になるんじゃないのか？
159	Lf95f7f72cd	1	19	に、	逃げやがった、あの	ピエロ
160	Lcf04ab6f71	1	19	・・・・・・	って誕生日なの	維織
161	Lb2aaa5e883	1	19	う、うそっ！	俺、何も用意してないよ！！	いい。
162	L7e43a7ee63	1	19	准	なら知っていたのかな・・・・	維織
163	L3f10209c72	1	19	維織	さんの誕生日）	いらっしゃいませ。
164	L9e11e76d5b	1	19	いらっしゃいませ。	感謝しろ、ご主人様	いきなり何を言ってるんだ？
165	Lbff2fddabf	1	19	今日は何の日か知らないの？	今日は私に感謝する日だよ。	特にメイドさんには超特大大盛りで感謝
166	L0ba4c21c7f	1	19	特にメイドさんには超特大大盛りで感謝	しないといけない日だよ。	だから何を言ってるんだ？
167	L2efb1491c8	1	19	・・・・	すまん！	本気でわからん。
168	L4c168b5237	1	19	ああ、そうか。いつもお疲れ。	というわけで、いつもの。	心がこもってないよ！
169	L935493c46e	1	19	やってもいいが、何かしてやる金は無いん	だよな。	どうしようか？
170	Lf8bad82f24	1	19	どうしようか？	い行動で示す	止めた方がいいのかもしれないけど、
171	L2280eebd56	1	19	見ようによっちゃあ、ストレス発散を	しているようにも見える。	なら、このまま放っておいた方が
172	L7d85d541cb	1	19	しているようにも見える。	なら、このまま放っておいた方が	いいのかもしれないな。
173	Led42588edb	1	19	それを置いて、こっち戻ってきたんだよ。	普段から無口とはいえ、	機嫌が悪い
174	L79d389c9c8	1	19	普段から無口とはいえ、	機嫌が悪い	維織
175	L556f3622a3	1	19	維織	さんの近くは、	なんとなく居心地が悪いから。
176	L513bf7fe41	1	19	さんの近くは、	なんとなく居心地が悪いから。	だから
177	L6935e76f17	1	19	だから	さんもこっちに	居るんでしょ？
178	L9c6ec1cd07	1	19	何も言ってくれないからわからんな。	案外、私達に・・・・・・	准ちゃん・・・・・・・。
179	L970d4cbe1c	1	19	案外、私達に・・・・・・	准ちゃん・・・・・・・。	は、はい。
180	L9af4b78bcf	1	19	うわっ！	本当だ！	だからレタスサンド。
181	L95b3380793	1	19	あれ？ご主人様、もう半分も飲んで	しまったんですね。	お替わりをお注ぎしましょうか
182	Ld6ce684cad	1	19	しまったんですね。	お替わりをお注ぎしましょうか	い、
183	Ld53f8124bc	1	19	私は貴方に、ご奉仕する事が生きがいなの	ですから	いや、
184	L5acd62c4d3	1	19	お待たせしました。ご主人様	ささ、グイッと	え・・・ああ。
185	L805a7bf36c	1	19	なんだ？	何がこの店に起きてるんだ？）	あれ？ご主人様、コーヒーが冷めてしまい
186	L34409c44d0	1	19	あれ？ご主人様、コーヒーが冷めてしまい	ましたわ。	新しいのをお注ぎしますね
187	Lbb16338a71	1	19	ましたわ。	新しいのをお注ぎしますね	まだ冷めて
188	L7b9a26b00f	1	19	ちょっと待て。	このコーヒー誰が淹れたんだ？	なんでそんな事をお聞きになるんですか？
189	L53471ac606	1	19	・・・・・・	ご主人様って	ダ
190	L026bc0091f	1	19	お前か！！やっぱり！！	こんな物を客に出すな！！	こんな物って何よ！
191	Lf4cf47d4f0	1	19	准	が言ってたな。	維織
192	L9b77b20dbe	1	19	これが電池の切れた状態ってやつか。	確かに寝息が聞こえるだけで、	ピクリとも俺の膝から動かない。
193	La6eaadc7df	1	19	ね、寝てるよな。	気のせいか・・・・・・。	・・・・・・・・・。
194	Lc8e04782e8	1	19	普段、さんざんコイツには好き放題言われ	てるからな。	今日ぐらいは上に立たせて
195	Lf701f2f9d0	1	19	てるからな。	今日ぐらいは上に立たせて	もらおう）
196	L964e87bb58	1	19	今日ぐらいは上に立たせて	もらおう）	まあ、
197	L42cafe4772	1	19	准	。気にしなくてもいいぞ。	これはただの願いだ。
198	L394f7af5dc	1	19	。気にしなくてもいいぞ。	これはただの願いだ。	叶わなくても仕方が無いさ。
199	L75c780665f	1	19	これはただの願いだ。	叶わなくても仕方が無いさ。	い、
200	L25e93523aa	1	19	こんなのを見たからって、今まで通りな。	今まで通り、ここで・・・・・	私も・・・・・。
201	L2027a8a54d	1	19	私も	さんと、これまで以上に	仲良くなりたいな
202	L6275650f99	1	19	さんと、これまで以上に	仲良くなりたいな	えっ！ちょ・・・なに言ってんだ！
203	Ld1e9a39ab8	1	19	私もね、	さんと仲良くなりたい	って短冊に書いたんだ。
204	L5a4a3ac102	1	19	さんと仲良くなりたい	って短冊に書いたんだ。	う、
205	L6aef162162	1	19	う、	うそだろ。	二人が一緒に同じ事を書いたんだもん、
206	L87080981aa	1	19	二人が一緒に同じ事を書いたんだもん、	願いはきっと叶うよね	え、
207	L0ab4010d92	1	19	い、	いや、それは	・・・・・・
208	Lf580dc0ff8	1	19	あっ！	逃げた。	私をからかおうなんて百年早いわよ。
209	L81bf6dc669	1	19	まあ、だけど・・・・その願いは叶えて	あげてもいいよ織姫さん	君。
210	L08122ebd1b	1	19	昼食を買ってきた。	本を買いに行ったついでに。	そうなんだ。
211	L69bf9897c8	1	19	そうなんだ。	それで何を買ってきたの？	コロッケ
212	Lbb96e51d38	1	19	・・・・・・	って、なに？その紙袋の山は？	コロッケ
213	Lfad65b005b	1	19	一種類あたり５０個。	それを六種類。	３００個おぉぉぉぉぉお！
214	L5bcdeca931	1	19	３００個おぉぉぉぉぉお！	そんなの一日で食えないよ！	だから数日にわけて食べる。
215	L0438dd8961	1	19	好きな物をつけて食べればいい。	そっちも買ってきた。	元はいっしょおぉぉぉぉぉ！
216	Lc5f02c8b77	1	19	君が、	さっきから何を嫌がっているのか	わからない。
217	L36a9d50e4b	1	19	維織	さん・・・・・もしかして、	俺と一緒に住み始めるまでこんな生活を
218	La750bccca9	1	19	俺と一緒に住み始めるまでこんな生活を	していたの。	うん。
219	L029f182ef7	1	19	維織	さんの食生活を	直さないとダメだあ。
220	L1cf6b87757	1	19	何してるの？	早く食べないと無くなるよ。	無くならない。
221	Ld57f7e0d16	1	19	もちっ	止まる事を知らない暴走特急	准
222	Lc760b7b471	1	19	准	号と呼んで	くれてもいいよ。
223	L364c614528	1	19	そんな事ないよ。	私だって立ち止まる事もあるし、	やめよかなって思う時もあるよ。
224	L97e8f99ccb	1	19	やめよかなって思う時もあるよ。	さんは私がそんな状態に	なっている姿を見たら助けてくれる？
225	Lfe06100d94	1	19	えっ？	それだけ？	それだけだ。
226	L0cfef9c004	1	19	それだけだ。	でも、お前にはそれで十分だろ？	そう言ってくれる人がいるだけで、
227	Lf38dbc29f0	1	19	・・・・・・・・。	さすがに下手に歳をとってないね	さん。
228	L5c4b69d2ea	1	19	じゃあ、そうやって言ってくれる人間が	いるから、頑張ろうかな。	お前、さっき「もちっ！」って・・・・。
229	L2a68041a6f	1	19	さあ？	なんて言ったか忘れちゃった	後ろなんか振り返っちゃダメでしょ？
230	L2c797e85a6	1	19	ああ、そうだな。	頑張れ。	生まれ変わり？
231	Lab4e31a293	1	19	わかりました。	じゃあ、４万円になります。	はい。
232	Lff9fcabd22	1	19	さすが男前だね～。	キャッチする姿も、	なかなかサマになってたよ。
233	L399e9bdef6	1	19	キャッチする姿も、	なかなかサマになってたよ。	まるでジャングルの王者みたい。
234	Ld2000bae5c	1	19	ない！	俺がキャッチしなかったら、どう	するつもりだったんだ？
235	Lf04b9defcb	1	19	俺がキャッチしなかったら、どう	するつもりだったんだ？	やっぱり男前は言う事も違うね。
236	L57d009b9f1	1	19	それの何がアレなんだ？	というかアレってなんだ？	つまり、リンゴが飛んできたからキャッチ
237	L9665195f65	1	19	くるからね。	いそうなんだ	確かに、そんな感じがしたよ。
238	L9677652d98	1	19	確かに、そんな感じがしたよ。	全てにめんどくさそうで、	全てから目を
239	Lfff6e01420	1	19	全てにめんどくさそうで、	全てから目を	背けようとしてる感じがした。
240	L6ecb7d6159	1	19	全てから目を	背けようとしてる感じがした。	・・・・・・・・・。
241	L3dfb96bcc0	1	19	維織	さんが貴方を気にする理由	がわかる気がしたよ。
242	L9894f125c0	1	19	さんが貴方を気にする理由	がわかる気がしたよ。	維織
243	Lc59c135929	1	19	維織	さんに、そんな印象受けたんだ。	貴方なら
244	L9b8b572425	1	19	維織	さんを自由にしてあげられる	かもね。
245	Ld2c5d01eeb	1	19	さんを自由にしてあげられる	かもね。	何を言ってるんだ？
246	L927d73292f	1	19	こっちの話	面白い人がこの街に来たなって	面白い？
247	Lde97c8a7ec	1	19	今は無理だと言ったはず。	しかし、お嬢様。	（店内が静かだから小声でも二人の会話が
248	Lef9f435e1e	1	19	（店内が静かだから小声でも二人の会話が	聞こえる）	・・・・・・・・・。
249	L0bc7e29436	1	19	・・・・・・	ここは聞いておこう）	お父様はなんて・・・・・・？
250	L82216ce24c	1	19	さすがにイライラしておられるようです。	本来ならば	維織
251	L757d6b8f7e	1	19	お嬢様が	ご自由にできるお時間は、	大学にご在学中の間だけだったのです。
252	L9612fb86c6	1	19	大学にご在学中の間だけだったのです。	しかし、ご卒業から二年経っても	帰ってこない。
253	L6541321477	1	19	世納	。お父様に伝えて。	近々、一度戻りますと・・・・・。
254	La1324f0027	1	19	（あの時もわからなかったが、	今の会話もよくわからないな。	二人の会話を聞いた感じだと、あの二人は
255	L5d44282028	1	19	・・・・・・	なんで俺にその事を	言わないんだ？）
256	L62495d169f	1	19	なんで俺にその事を	言わないんだ？）	維織
257	La83b1be9cf	1	19	維織	さん。昼食はなに食べる？	・・・・・・
258	Le8b43ddf07	1	19	・・・・・・。	唐辛子パフェ	イン
259	L743de7dbe0	1	19	イン	ガラナでも？	いい。
260	Ld638ede094	1	19	ごめん。	もう一回言ってくれないか？	タランチュラの唐揚げ。
261	L3b4482f2bf	1	19	ちなみにタランチュラって言うのは、	オオツチグモ科に属するクモ達。	世界中の温帯、もしくは熱帯域に
262	L4c532cf23b	1	19	オオツチグモ科に属するクモ達。	世界中の温帯、もしくは熱帯域に	広く分布していて、小さいのから
263	L9b4942dd4a	1	19	世界中の温帯、もしくは熱帯域に	広く分布していて、小さいのから	大きいのまで様々。
264	L0af3d2eac2	1	19	も、もういいよ。	聞いてるだけで、	泣きそうになってくるから。
265	L9f9d15a544	1	19	聞いてるだけで、	泣きそうになってくるから。	そう。
266	L14ba962df6	1	19	そう。	あと他には焼きカブト・・・・・	ピ、ピザでいいよね。
267	L443c2a1eac	1	19	ピ、ピザでいいよね。	とりあえず注文してくるよ。	そう。
268	L563119d170	1	19	育ってきたんだこの子は・・・・・。	そりゃ、どんな物でも	食べれるようになるよ）
269	L4653aa66d4	1	19	そりゃ、どんな物でも	食べれるようになるよ）	ハアハアハアハア。
270	L8e554de9ff	1	19	お待たせしました～！	他に何かご用はありますか	忙しそうだな。
271	Lbc381aa8b1	1	19	やってるんだから、少しでも忙しくなった	らバタバタするよな。	ありがとうございました
272	L2e6459ca79	1	19	ふう～。	ちょっとは落ち着いたかな。	疲れた～。
273	Lb4ea0e0a91	1	19	准	が作ったのか？	うん！
274	Le9b4210c06	1	19	うん！	そうだよ！	よくできてるでしょ？
275	L61388b4ab1	1	19	へえ～。	そんな特殊能力を持ってる	なんて。
276	Ladbcdcc84d	1	19	そんな特殊能力を持ってる	なんて。	特殊能力って・・・・・。
277	L150ba4de34	1	19	まあ、	さんがこの店に来なかった	ら少しは楽になるんだけどね。
278	Laf0e05762e	1	19	さんがこの店に来なかった	ら少しは楽になるんだけどね。	金は払ってるだろ！
279	L883eddec51	1	19	だから、	さんのお金じゃないん	だってば・・・・。
280	L5ad62c0f23	1	19	さんのお金じゃないん	だってば・・・・。	こ
281	L8225b555d2	1	19	？	いや、違う！こんな時間に会いに	行くわけがない！
282	Ld49c01d205	1	19	維織	さんは居なかった。	くっそ～。どこに
283	L7863387687	1	19	さんは居なかった。	くっそ～。どこに	・・・・・・
284	L33f9cd204e	1	19	机の上に何かあるぞ？	これは手紙？	維織
285	L953a352f21	1	19	維織	さんからだ！	君へ
286	Le59da2a356	1	19	この部屋は自由に使ってください。	貴方がこの部屋にいる限り、	この部屋はずっと貴方の物です。
287	L9533394c56	1	19	貴方がこの部屋にいる限り、	この部屋はずっと貴方の物です。	追伸
288	L371ffb4f31	1	19	何も告げずに姿を消してごめんなさい。	いつか、どこかで貴方ともう一度	出会えたら、その時は・・・・・。
289	L0a19d95276	1	19	維織	さんが居ないこの部屋で、	生活する必要はない。
290	L02e0fee973	1	19	さんって、	お菓子とか食べないんだね。	・・・・・
291	L326dedfa1f	1	19	・・・・・・・	になる。	えっ？なんて？
292	Lcac54622a5	1	19	・・・・・・	になるから。	だから聞こえない・・・・・
293	L8d17e69b88	1	19	突然、出てくるな。驚くじゃないか。	それにどこで聞いてたんだよ。	盗み聞きはメイドの必須スキルよ。
294	L1174a6c46a	1	19	聞いたところで何の役にも立たんからな。	で、虫歯って何だよ？	だから、
295	L5cf66a9317	1	19	維織	さんは虫歯になるのが	嫌だから甘い物は食べないのよ。
296	Le4bc2d4b4a	1	19	本当かよ！	いや、でも、	維織
297	L8d34a09348	1	19	維織	さんはちゃんと歯を	磨いているよね。
298	L7363734b43	1	19	「今日は用事があるから一人で行ってて」	だって。	だからすねてるんだ。
299	L7be646bb9d	1	19	維織	さんは友達がいない。	知ってるよ。
300	L77510a3ca4	1	19	まあ、この街にはたぶん私ぐらいしか	いないんじゃないかな。	それなのに用事とは、どういう事だ？
301	L5d3029014c	1	19	維織	さんは俺を連れて行くんだよ。	だけど今回は一人で行くって言ったんだ。
302	L3da7dd9b74	1	19	維織	さんの甘えっぷりなら、	どこにでも
303	L46a97b53ad	1	19	さんの甘えっぷりなら、	どこにでも	さんを
304	L5897c5ba27	1	19	連れて行きそうだもんね。	相変わらず表情は薄いけど。	甘えっぷりは知らないが、
305	L65c5cb377c	1	19	やっぱりそうだよな。	だから少し引っ掛かるんだよ。	維織
306	L8b36f5f48c	1	19	維織	さんだって大人なんだし、	一人でやりたい事だってあるんだよ。
307	Lc4f5b3986d	1	19	一人でやりたい事だってあるんだよ。	心配性だね	さんは。
308	L66b00a5097	1	19	さんは。	そんなんじゃ、将来ハゲるよ。	不吉な事を言うな。
309	L63def8a6b2	1	19	准	の言う通り、	ちょっと気にし過ぎか・・・・・・。
310	L39377f34a0	1	19	せっかく外に出たのに、	ここに来てまで本を読むんだね。	うん。
311	L53ed58ae83	1	19	じゃあ、別に俺は一緒に居なくても、	いいんじゃ・・・・・・。	ここに居て。
312	L0c745fecb0	1	19	さん。	だから、その質問はおかしいよ。	ほら、あそこにテントが見えるでしょ。
313	L52e42bd48b	1	19	ほら、あそこにテントが見えるでしょ。	俺はあそこに住んでるんだよ。	・・・・・・・・・・。
314	L9594dfc6c2	1	19	別にここに住んでる事は気にしてないん	だけどなあ。	これまでもそうだったし。
315	Lccc84d4d7d	1	19	だけどなあ。	これまでもそうだったし。	・・・・・・・・。
316	Le6d6e25a7b	1	19	はあ～。気持ちいいなあ。	こうやって河原で、	のんびり過ごすのもやっぱりいいな。
317	Lb9d6d844d7	1	19	のんびり過ごすのもやっぱりいいな。	相変わらず	維織
318	L27c450b38f	1	19	維織	さんは本を読んでるけど。	・・・・・・・・。
319	L2073c9c45e	1	19	だから何がさ？	って、その怪しい本はなに？	「見つめるだけで誰でもできる催眠術」
320	Lf2acb0a32b	1	19	これで終わり？	こんな事で催眠術がかかるなら、	世界中のあちらこちらで寝てる
321	L4f63878c05	1	19	こんな事で催眠術がかかるなら、	世界中のあちらこちらで寝てる	・・・・・
322	L41c95e173e	1	19	寝るのはいいけど膝の上で寝られると	俺が動けな	・・・・・・
323	L82f4e89d8e	1	19	やっぱり水はメイドさんが淹れた物に	限るな！	お前は何をやっているんだ？
324	Lc05363b995	1	19	ああ、君か！	見ての通り、	僕は界この喫茶店の神になる！
325	Ldc8d8feb46	1	19	見ての通り、	僕は界この喫茶店の神になる！	何を言っているんだ貴様は。
326	L28205428af	1	19	ああ、すまない。	この世界に住んでいる君には	わからない話だな。
327	L9301823132	1	19	そんな事はどうでもいい。	これを見てくれたまえ。	これ？またパソコンか？
328	L1e1077b0d5	1	19	おお！よくできているじゃないか！	凄いリアルな人がパソコンの中で	動いているぞ！
329	L78c9f09d16	1	19	そうだ。	パソコンでできる範囲なら、	僕にできない事はない。
330	La59ccb45c2	1	19	電視	もパソコンとかプログラムとか	言いながらも将来の事を考えている
331	L1a1343bd7b	1	19	言いながらも将来の事を考えている	んだな。	もちろんだ。
332	L06a4ba8fbb	1	19	もちろんだ。	これはまだ未完成だが、	近日中にはできあがると思う。
333	Lacd4d4f464	1	19	これはまだ未完成だが、	近日中にはできあがると思う。	その時が楽しみだ。
334	L79a60ef2b0	1	19	近日中にはできあがると思う。	その時が楽しみだ。	おお！頑張れ！
335	L413abce612	1	19	では、次回は君にモニターを頼もう。	その時にはよろしく。	ああ。
336	Lae1063e1c0	1	19	言ってたでしょ？	だから今日は私を妹	だと思って可愛がってね
337	L8d1155d9c5	1	19	だから今日は私を妹	だと思って可愛がってね	い、いや、突然そんな事を言われても。
338	L59710c2dad	1	19	さあ、早く！	早くこっちに来てお兄ちゃん	う、うわ～。
339	L496c70bdb7	1	19	どうしたのお兄ちゃん？	お口を開けてアーン	おい・・・・・
340	L8bcce8266a	1	19	大丈夫だよ。	お兄ちゃんは私が守るから！	だからアーンして
341	L0f84820240	1	19	お兄ちゃんは私が守るから！	だからアーンして	ヤバイヤバイヤバイ！
342	Lefa6d85197	1	19	死んで生まれ変わっても、二人はずっと	兄妹だからね	だからずっと優しいお兄ちゃんでいてね
343	L1c527c6588	1	19	だからずっと優しいお兄ちゃんでいてね	変わっちゃやだよ	頼むから、お前は変わってくれ。
344	L43789bae3c	1	19	准	は歳いくつなんだ？	メイドさんに歳を訊くだなんて最低
345	L716632d3f8	1	19	メイドさんに歳を訊くだなんて最低	じゃない？	メイド限定なのか？
346	L2fcf1b35e6	1	19	メイド限定なのか？	レディーとかじゃなくて？	メイドさんには年齢不詳にしてていい法律
347	L0b0ed9bda3	1	19	メイドさんには年齢不詳にしてていい法律	が日本にはあるの。	ナイナイ。
348	L15638507c4	1	19	ナイナイ。	そんなのナイ。	まあ、教えてあげてもいいけど。
349	L6560b4ef9e	1	19	でも、ほとんど毎日ここでバイト	してるよな？	いつ学校に行ってるんだ？
350	Lcff267e1f3	1	19	メイドさんには溢れる知性がにじみでる	ように設定されてるから。	ナイナイ。
351	Lfcb65d5a6f	1	19	ナイナイ。	だからそんなのナイから。	じゃあ今は日々このバイトしかしてない
352	L933ed40106	1	19	だから今は一生懸命、バイトに励んでお金	を貯めておくんだ～。	意外としっかりしてるじゃないか。
353	L5226911596	1	19	メイドさんには、涙なしでは語れない背景	が自動的に設定されてるんだよ。	今の話のどこに涙が？
354	L3fe15daaea	1	19	ああ、そうだ。	やってしまったが、	あの時はすまな・・・・・・
355	L0219526e28	1	19	やってしまったが、	あの時はすまな・・・・・・	ああ、やっぱり君か！
356	L9d130c215d	1	19	いや、俺はPCじゃなくて、	鼻の穴に・・・・・・	同じ事だ。
357	L7a6900346b	1	19	ナナナ、ナンダッテー！	もっともらしく言ってるが、	まったく意味がわからない！
358	L2f4b3f2a28	1	19	もっともらしく言ってるが、	まったく意味がわからない！	僕とこのPCは一心同体だからな。
359	L5cf809db6e	1	19	そんなわけないだろう。	れっきとした人間だよ。	そうは思えないんだが。
360	L6d5c8a1f6d	1	19	そうは思えないんだが。	それで、何の用だ？	ああ、それでこの間の礼がしたくてね。
361	Ldfb49df5f3	1	19	ああ、それでこの間の礼がしたくてね。	何か僕にできる事は無いかな？	できる事と言っても別に・・・・・
362	L0d23162d0e	1	19	例えば僕に永久的に世界の子供から毎日、	君に募金されるプログラムを	組んで欲しいとか。
363	L7dd3a935bd	1	19	わかった。	それでは、また会おう！	えっ？ちょ、ちょっと！
364	L54e87b6441	1	19	維織	さん、昼食の準備できたよ。	・・・・・・・・。
365	Lc1ec73d0c7	1	19	朝から何にも食べてないんだろ？	そうやって本ばかり読んでると	体に悪いよ。
366	L02be4c326c	1	19	何を言っても無駄か。	仕方無い。先に食べておこう。	・・・・・・・・。
367	L4205f26f66	1	19	維織	さん。どうしたの？	君
368	L0187d7602e	1	19	うわあ～。	寝起きの人間に凄い我がまま	言ってるよ、この人。
369	L74196afb31	1	19	さすがにそこは自分の手で食べようよ。	というわけで、	俺は眠いから昼寝の続きをします。
370	Lcee16d0af9	1	19	維織	さんらしいと言えば、	らしいんだけど。
371	L78d89a3fb1	1	19	さんらしいと言えば、	らしいんだけど。	ス～。ス～。
372	L17fb8839f4	1	19	そんな格好で買い物しに来るなよ。	他の買い物客が怖がるだろう。	そんなことないよ～。
373	L1dbf643d28	1	19	そんなことないよ～。	むしろ客寄せになってるから、	ボ～クに感謝して欲しいぐらいだね～。
374	L475078e2ed	1	19	といいアイツといい、そんな格好で	出歩いて恥ずかしくないのか？	アイツ～？
375	Lae144f9117	1	19	アイツ～？	アイツってだ・・・・・	お～い！
376	L600be925a5	1	19	ふ～ん。	やっぱり今日も元気に	ダメしてるんだね～。
377	Le33f8fe38c	1	19	やっぱり今日も元気に	ダメしてるんだね～。	ああ、もういいよ。それで。
378	Lbdb56d0c2d	1	19	ああ、もういいよ。それで。	お前こそ何をしているんだよ？	買い物。
379	L76fb0f6a85	1	19	お前もそんな派手な格好で買い物を	しているんだな。	恥ずかしくないのか？
380	Le143c30cb1	1	19	ピエロ	を見なかったか？	変な人なら目の前に居るけど、
381	L61a88c7659	1	19	ピエロ	は見てないよ。	素直に見てないとだけ言ったらどうだ？
382	L198e6b2367	1	19	ここに来るまでって、	この街に来るまでってこと？	そう。
383	L8e650ac525	1	19	別にどこにも住んでなかったよ。	この街に来たみたいに、	いろいろな場所を渡り歩いていた。
384	Laf39f73ce7	1	19	そうだね。	生活はほとんど今と同じような	暮らしだった。
385	L9ce158338b	1	19	秘境と呼ばれるところにも行ったし、	この街よりももっと田舎の町にも	寄ったりもした。
386	L0be0713eef	1	19	・・・・・・	うらやましい。	ハハハ。
387	L2f363dc01b	1	19	維織	さんがうらやましいと思う程、	良い物じゃないよ。
388	L4ed047c43d	1	19	貴方がこれまで旅して来た話を。	見て感じた事を。	貴方だけが知っている世界を。
389	Lfddfd6f3f4	1	19	見て感じた事を。	貴方だけが知っている世界を。	・・・・・・・・。
390	La911ee11fe	1	19	どんな事でも、きっと私では体験する事が	できない事だから。	ああ。いいよ。
391	L9b09aa0324	1	19	ああ。いいよ。	そうだね。じゃあ	・・・・・・
392	L34b3a73d2e	1	19	数年前に立ち寄った街の話をしてあげる。	不思議な	ヒーロー
393	L26a2f25833	1	19	ヒーロー	達の物語を。	うん。
394	L539bdbd185	1	19	食欲の秋だからって、いっぱい食べてたら	太っちゃうかもね	さん。
395	Lc0c755b50d	1	19	・・・・・	あそこの雰囲気だけ、	一年中まったく変わってないのは気の
396	L5525ab6ccd	1	19	維織	さんの落ち着きは異常だな。	きっと、爆弾が飛び交う戦場の真中でも、
397	L7733a06924	1	19	本当にあの人２４歳？	どうみても	さんよりも
398	L2009ff9c74	1	19	どうみても	さんよりも	落ち着いてて大人に見えるんだけど。
399	L8da697f953	1	19	それは否定しない。	だから年上の俺が年下の	維織
400	L2546842c76	1	19	あの雰囲気の中にいると、自分が小さく	感じるからね～。	確かに。
401	L6e383e2c50	1	19	維織	さんの読んでいる本が、	さっきと違うのは気のせいか？
402	Ldeeaa667b4	1	19	さんの読んでいる本が、	さっきと違うのは気のせいか？	知らないわよ。
403	L4738a930cb	1	19	知らないわよ。	さっきまで	維織
404	L03172ab465	1	19	維織	さんが読んでた本が	何かなんて見てないもの。
405	Le27e755ec9	1	19	さんが読んでた本が	何かなんて見てないもの。	さっきまで青の表紙の本を
406	La7df60174e	1	19	維織	さんは鞄を持ち歩かない。	しかも、服装は薄めのジャケットだ。
407	Lafb426af1d	1	19	しかも、服装は薄めのジャケットだ。	そしてこの店に入ってきた時、	維織
408	L723ab2947a	1	19	あれ？	さん知らないの？	何が？
409	Lc795e7a956	1	19	読んでた本じゃないか。	なんでお前が持っているんだ？	あの人ね
410	Lb124a309bb	1	19	・・・・・	本屋に行った帰りには	ここに寄って、「重い」とか言いながら
411	L5ed38b3d7a	1	19	「どうせ読むんだから、どこに置いて	いても一緒」	とか言って、
412	L03763d2480	1	19	いても一緒」	とか言って、	まったく受け付けてくれないんだよ。
413	Ld5e4518bd6	1	19	まったく受け付けてくれないんだよ。	だから、もう諦めちゃったよ。	うっわ～。
414	L809646012c	1	19	維織	さんを憎めないのが	問題なんだよね～。
415	L9acf654168	1	19	失礼だな～。	この顔のどこを見て驚くのさ～。	ボ～クの顔はいつ見ても愛らしくて
416	L5c21f3a097	1	19	いつ見ても、心臓が止まりそうだ。	そんな事より、どうしたんだ？	この間の返事を言いにきたんだ～。
417	Lfd57211793	1	19	う～ん。	でも結論を言う前に聞きたい事が	あるんだ～。
418	L67e02cabd0	1	19	でも結論を言う前に聞きたい事が	あるんだ～。	聞きたい事？
419	Lf4961182fc	1	19	本当に野球をやったら、	皆は喜んでくれるのかな～？	前に言ったように、
420	L4613af231b	1	19	ピエロ	の動きを見て	チームの仲間は喜んでくれるさ。
421	L9920f4794f	1	19	（バシィ！！）	いきなりボ～ルを投げるなんて	危ないなあ～。
422	L65c37b5c71	1	19	危ないなあ～。	な～にするんだよ～。	凄いじゃないか！
423	L5b14ea7955	1	19	わかった。	ボ～ク入らせてもらうよ～。	こんなボ～クでも、もう一度
424	L745706a567	1	19	ボ～ク入らせてもらうよ～。	こんなボ～クでも、もう一度	皆に喜んでもらえる場所があるなら。
425	Lb6c0710462	1	19	ピエロ	がチームに加入しました）	いらっしゃいませ！
426	L7609183029	1	19	き、	来てくれても、私は嬉しくないん	だからねっ！
427	L1b86d7ad1e	1	19	別にお礼なんか言わなくていいわよ。	仕事だし・・・・・。	いや、まあ、そうだけど。
428	L038e632780	1	19	いや、まあ、そうだけど。	お礼はぐらいは言うだろう。	そ、
429	La03e273f07	1	19	そ、	そりゃそうだけど。	も、
430	L49cc9e7851	1	19	も、	もう、いいわよ！	アンタなんか知らない！
431	L1d276232d0	1	19	そ、	そんなわけ無いでしょ！	作りすぎたのよ！
432	Lb9fa90f7be	1	19	私がアンタなんかにおごるわけない	でしょ！	他に客が誰もいないんだが。
433	Lfa5a478b73	1	19	そ、	そんな事、関係無いじゃない。	食べるの、食べないのどっちなの？
434	Lf2d7189fbf	1	19	なんでよ？	さんが、ツンデレがいいって	言ったんじゃない。
435	L12c5ad2073	1	19	・・・・・	どこに行っても本を	読んでるよね
436	L4874d54d5e	1	19	どこに行っても本を	読んでるよね	維織
437	Le820d2cdb4	1	19	うわっ！こっち向くのも	めんどくさくなったみたいだ！	本当に
438	L49462214fc	1	19	維織	さんって、よくわからないな。	こんな感じだからインドアかと思えば、
439	Lca523370ad	1	19	レトルトばかり食べてると思えば、	あの喫茶店にほぼ毎日来てるし。	めんどくさがりやなのか、
440	L2e86dc26a9	1	19	あの喫茶店にほぼ毎日来てるし。	めんどくさがりやなのか、	行動的なのか微妙だな。
441	L37c68f518c	1	19	めんどくさがりやなのか、	行動的なのか微妙だな。	最低限、生きてるのがめんどくさいと
442	Lb2f91db3d5	1	19	最低限、生きてるのがめんどくさいと	思わない程度には頑張ってる。	それ、めんどくさいと思ったらダメだ！
443	L3c79096cff	1	19	感情なんか二の次だった。	泣いても、	笑っても、
444	L5e71ff65fe	1	19	泣いても、	笑っても、	怒っても、
445	L0eb357a311	1	19	笑っても、	怒っても、	何も変わらない。
446	Lbb946e550c	1	19	何も変わらない。	泣いたからって、	誰かが助けてくれるわけじゃない。
447	Ld0ef22fcfa	1	19	誰かが助けてくれるわけじゃない。	笑ったからって、	誰かが喜んでくれるわけじゃない。
448	L35f3a47775	1	19	誰かが喜んでくれるわけじゃない。	怒ったからって、	誰かが傷つくわけじゃない。
449	L9eb8eaf9d5	1	19	怒ったからって、	誰かが傷つくわけじゃない。	だけど、その道を進もうとする事に
450	Ld8afaf31d2	1	19	誰もが助けてくれた。	その道を進む事に誰もが喜んだ。	その道から外れようとすると
451	L49421f0311	1	19	その道を進む事に誰もが喜んだ。	その道から外れようとすると	誰もが傷ついた。
452	L868a4580b7	1	19	その女の子は・・・・	い諦めたのか？	持ってやろうか？
453	L5ed470b87d	1	19	えっ？	マジで？	ああ。
454	L45dede61b9	1	19	だから	さん、大好きだよ	だからって・・・・一言もそんな事を
455	L1ca7393c0e	1	19	（これ大きさに比べて軽いな。	なにが入ってるんだ？）	なあ
456	Lf68096e7dc	1	19	。	これ何が入ってるんだ？	それ？
457	L2f15ebdb35	1	19	何に使うんだ？	まさか縛ったり吊るしたり！	それは犯罪だぞ
458	L6aa8ef3c3d	1	19	まさか縛ったり吊るしたり！	それは犯罪だぞ	准
459	L52fa2812dd	1	19	そうだね。	どうやら	さんは縛って吊るされる
460	L326fe8744d	1	19	どうやら	さんは縛って吊るされる	のが好きみたいだね。
461	L08420df5a6	1	19	さんは縛って吊るされる	のが好きみたいだね。	やってあげてもいいよ
462	L38c9b25e2f	1	19	のが好きみたいだね。	やってあげてもいいよ	サービス料は無理やりもらうけどね。
463	Lc861985cc2	1	19	准	は服が作れるんだったな。	うん。
464	Lf319a31545	1	19	うん。	時間ができたらいろいろと	作ってるの。
465	L2921c56afb	1	19	だから、こうやってまとめ買いしとかない	と、時間ができた時に買い物に	時間を費やすのはもったいないでしょ。
466	L8e477ad2dc	1	19	作った物は誰かに見せたりするのか？	そのメイド服みたいに。	そうだね～。
467	Lc4ba43a8be	1	19	そうだね～。	たまにかな。	それ系のイベントに出たり、
468	L53376f6e03	1	19	たまにかな。	それ系のイベントに出たり、	フリマで売ったりしてるよ。
469	L92ff4a923b	1	19	それ系のイベントに出たり、	フリマで売ったりしてるよ。	ふ～ん。
470	L3eacc492dd	1	19	夢？	それはどんな・・・・・・	そろそろ入らないと。
471	Lc748c8ee7b	1	19	そろそろ入らないと。	さん、それレジの隣に置いて	くれてたらいいから。
472	L61ade8dd89	1	19	今はお腹いっぱいだから、	食べたい物はない・・・・・・	食べたい物ある？
473	L877ceb3b4e	1	19	維織	さん、料理作れたの？	一緒に住んでるけど、
474	L8062963298	1	19	さん、料理作れたの？	一緒に住んでるけど、	一回も作ってもらった事がないよ。
475	L3b48ce2cf0	1	19	・・・・・・	私も一回も作った事が	ない。
476	L339d750403	1	19	・・・・・・	料理を。	ちょっと待ったああああ！
477	Lc4b3bb3cb8	1	19	そんなんでカレーを作ろうとしてるの？	薄々感じていたけど、	維織
478	L278906c5ad	1	19	というか、料理を作った事が無いのに、	どうしていきなり料理をするとか	言い出したの？
479	L87ff2e9931	1	19	言い出したの？	君に手料理を食べさせたい。	これが理由
480	L0e33105f91	1	19	君に手料理を食べさせたい。	これが理由	・・・・・
481	L2a0c718625	1	19	むしろ嬉しいんだけど、	無理しない方が・・・・・。	大丈夫。今日から頑張る。
482	Ld38ca365a2	1	19	大丈夫。今日から頑張る。	すぐに作れるようになるから	・・・・・・
483	L30fed46ca4	1	19	維織	さんの事だから、すぐに作れる	ようにはなると思うけど、
484	L4032aaa4a5	1	19	さんの事だから、すぐに作れる	ようにはなると思うけど、	やる気が無いのが代名詞のクセに凝り性
485	L10f7454212	1	19	やる気が無いのが代名詞のクセに凝り性	だからなあ～。	し、心配だ・・・・・）
486	L6c52005a00	1	19	だからなあ～。	し、心配だ・・・・・）	さあ、
487	L7b62935a7e	1	19	カンタ	君に後で行くと言ったし、	俺も夏祭りに
488	L5829b97a62	1	19	君に後で行くと言ったし、	俺も夏祭りに	・・・・・
489	La6d0dd4af0	1	19	維織	さん、いつからそこに？	・・・・・・・
490	Ld3bd658e13	1	19	ああ、その通り。	それが	椿
491	Lbbd943fb67	1	19	・・・・	いや、男と男の約束だからね。	・・・・・・・
492	Le53577019a	1	19	そう。	貴方はやっぱり自由なんだね。	そうやって自分の力で自分を縛る鎖を
493	L9c6f17479f	1	19	そうやって自分の力で自分を縛る鎖を	簡単に切り離す事ができる。	本当にうらやましい・・・・・・。
494	L71e4411b5d	1	19	私はただカゴの中に居ないだけ。	首輪をはめられ、鎖に繋がれ、	目の届く範囲でしか飛ぶ事ができない。
495	L45f1178ed1	1	19	・・・・・・その首輪は誰にも切る事は	できないのか？	私にそんな力は無い。
496	Led876766aa	1	19	私にそんな力は無い。	勢い良く飛び立っても、	自分の羽を傷つけて地に落ちていく。
497	L60a9c8653e	1	19	下には柔らかい毛布がひいてあって、	もがき苦しむ権利さえも無い。	そして、私はまた不自由な空の下で
498	Lf9dd826015	1	19	維織	さんが言っている事を	認める事はできない。
499	L1f7997dd8f	1	19	認める事はできない。	それを認めると、	今の俺を全て否定する事になるから。
500	Lf426b93b7a	1	19	今の俺を全て否定する事になるから。	進むも留まるのも、	結局は自分の意志なんだよ。
